201	0	0.7.47.1000898	0	0.003422912
201	0	0.7.47.1001940	0	0.003422912
201	0	0.7.47.100321	0	0.1245766
201	0	0.7.47.1003594	0	0.003422912
201	0	0.7.47.1005362	0	0.003422912
201	0	0.7.47.1007077	0	0.003422912
201	0	0.7.47.1007256	0	0.003422912
201	0	0.7.47.1007758	0	0.003422912
201	0	0.7.47.1009285	0	0.003422912
201	0	0.7.47.1009333	0	0.003422912
201	0	0.7.47.1009455	0	0.003422912
201	0	0.7.47.1009667	0	0.003422912
201	0	0.7.47.1009686	0	0.003422912
201	0	0.7.47.101801	0	0.1214024
201	0	0.7.47.1018468	0	0.003422912
201	0	0.7.47.1018588	0	0.003422912
201	0	0.7.47.1018714	0	0.003422912
201	0	0.7.47.1019524	0	0.003422912
201	0	0.7.47.1021890	0	0.003422912
201	0	0.7.47.1022761	0	0.003422912
201	0	0.7.47.1023071	0	0.003422912
201	0	0.7.47.1024812	0	0.003422912
201	0	0.7.47.1024823	0	0.003422912
201	0	0.7.47.1025782	-2	0.003422912
201	0	0.7.47.1027525	0	0.003422912
201	0	0.7.47.1028090	0	0.003422912
201	0	0.7.47.1028683	0	0.003422912
201	0	0.7.47.1028764	0	0.003422912
201	0	0.7.47.1029190	0	0.003422912
201	0	0.7.47.1029484	0	0.003422912
201	0	0.7.47.1029646	0	0.003422912
201	0	0.7.47.1029934	0	0.1245766
201	0	0.7.47.103168	0	0.1214024
201	0	0.7.47.103237	0	0.1214024
201	0	0.7.47.1043785	0	0.003422912
201	0	0.7.47.1053062	1	0.1214024
201	0	0.7.47.1056339	0	0.003422912
201	0	0.7.47.105637	0	0.003422912
201	0	0.7.47.1056837	0	0.003422912
201	0	0.7.47.105835	0	0.003422912
201	0	0.7.47.1058722	0	0.003422912
201	0	0.7.47.1060743	0	0.003422912
201	0	0.7.47.1061365	0	0.003422912
201	0	0.7.47.1068917	0	0.003422912
201	0	0.7.47.1070237	0	0.003422912
201	0	0.7.47.1070283	0	0.003422912
201	0	0.7.47.1070688	0	0.003422912
201	0	0.7.47.1070876	1	0.1621622
201	0	0.7.47.1071787	0	0.003422912
201	0	0.7.47.1072117	0	0.003422912
201	0	0.7.47.1072369	0	0.003422912
201	0	0.7.47.1072399	0	0.003422912
201	0	0.7.47.1073339	0	0.003422912
201	0	0.7.47.1074662	0	0.003422912
201	0	0.7.47.1075294	0	0.003422912
201	0	0.7.47.1075536	0	0.003422912
201	0	0.7.47.1076724	0	0.003422912
201	0	0.7.47.107705	1	0.1245766
201	0	0.7.47.107706	0	0.1544503
201	0	0.7.47.1077091	0	0.003422912
201	0	0.7.47.1077110	0	0.003422912
201	0	0.7.47.1077522	0	0.003422912
201	0	0.7.47.1078578	0	0.003422912
201	0	0.7.47.1078906	0	0.003422912
201	0	0.7.47.1080181	0	0.003422912
201	0	0.7.47.108188	0	0.003422912
201	0	0.7.47.1086874	0	0.003422912
201	0	0.7.47.1089	0	0.003422912
201	0	0.7.47.109275	0	0.003422912
201	0	0.7.47.1097228	0	0.003422912
201	0	0.7.47.1097275	1	0.1290323
201	0	0.7.47.1098624	0	0.003422912
201	0	0.7.47.1099301	0	0.003422912
201	0	0.7.47.1099434	0	0.003422912
201	0	0.7.47.1100225	0	0.003422912
201	0	0.7.47.1101453	0	0.003422912
201	0	0.7.47.1102191	0	0.003422912
201	0	0.7.47.1102314	0	0.003422912
201	0	0.7.47.1102443	0	0.003422912
201	0	0.7.47.1103598	0	0.003422912
201	0	0.7.47.1104839	0	0.003422912
201	0	0.7.47.110531	0	0.003422912
201	0	0.7.47.110540	0	0.003422912
201	0	0.7.47.1106033	0	0.003422912
201	0	0.7.47.1106376	0	0.003422912
201	0	0.7.47.1107208	0	0.003422912
201	0	0.7.47.110750	0	0.003422912
201	0	0.7.47.1107988	0	0.1245766
201	0	0.7.47.1108235	0	0.003422912
201	0	0.7.47.1108958	0	0.003422912
201	0	0.7.47.1109478	0	0.003422912
201	0	0.7.47.1110139	0	0.003422912
201	0	0.7.47.1110942	0	0.003422912
201	0	0.7.47.111294	0	0.003422912
201	0	0.7.47.1112997	0	0.003422912
201	0	0.7.47.1113462	0	0.1214024
201	0	0.7.47.1113658	0	0.1214024
201	0	0.7.47.111375	0	0.003422912
201	0	0.7.47.1114449	0	0.1214024
201	0	0.7.47.1114463	0	0.1214024
201	0	0.7.47.1120544	0	0.003422912
201	0	0.7.47.1121330	1	0.1607516
201	0	0.7.47.1121336	1	0.1607516
201	0	0.7.47.112487	0	0.003422912
201	0	0.7.47.1125453	0	0.1458333
201	0	0.7.47.1125782	0	0.003422912
201	0	0.7.47.1127011	-1	0.003422912
201	0	0.7.47.1127100	-1	0.003422912
201	0	0.7.47.1127916	-1	0.003422912
201	0	0.7.47.1128694	-1	0.003422912
201	0	0.7.47.1128840	0	0.003422912
201	0	0.7.47.1129687	1	0.1245766
201	0	0.7.47.1132401	0	0.003422912
201	0	0.7.47.1132737	0	0.003422912
201	0	0.7.47.1133891	0	0.003422912
201	0	0.7.47.1134388	0	0.003422912
201	0	0.7.47.1135116	0	0.003422912
201	0	0.7.47.1136029	0	0.1245766
201	0	0.7.47.1136030	0	0.1245766
201	0	0.7.47.1136345	0	0.003422912
201	0	0.7.47.113649	0	0.003422912
201	0	0.7.47.1136644	0	0.1245766
201	0	0.7.47.1136706	0	0.003422912
201	0	0.7.47.1136787	0	0.003422912
201	0	0.7.47.1136893	0	0.003422912
201	0	0.7.47.1137635	1	0.1542553
201	0	0.7.47.1137642	1	0.1542553
201	0	0.7.47.1137875	-1	0.1245766
201	0	0.7.47.1137876	-1	0.1245766
201	0	0.7.47.1138322	1	0.1542553
201	0	0.7.47.113853	0	0.003422912
201	0	0.7.47.1138789	0	0.1245766
201	0	0.7.47.1138965	0	0.1245766
201	0	0.7.47.1139039	0	0.003422912
201	0	0.7.47.1139349	0	0.003422912
201	0	0.7.47.1139523	0	0.003422912
201	0	0.7.47.1140985	1	0.1607516
201	0	0.7.47.1141043	1	0.1607516
201	0	0.7.47.1141112	0	0.003422912
201	0	0.7.47.1141283	1	0.1607516
201	0	0.7.47.1141300	1	0.1607516
201	0	0.7.47.1141327	1	0.1607516
201	0	0.7.47.1141471	1	0.1607516
201	0	0.7.47.1141549	1	0.1607516
201	0	0.7.47.1141576	1	0.1607516
201	0	0.7.47.1141659	1	0.1607516
201	0	0.7.47.1141757	1	0.1607516
201	0	0.7.47.1141768	1	0.1607516
201	0	0.7.47.1141964	1	0.1544503
201	0	0.7.47.1142027	0	0.003422912
201	0	0.7.47.1143013	1	0.1544503
201	0	0.7.47.1143054	1	0.1544503
201	0	0.7.47.1143156	1	0.1607516
201	0	0.7.47.1143346	0	0.1607516
201	0	0.7.47.1143442	1	0.1607516
201	0	0.7.47.1143455	0	0.1607516
201	0	0.7.47.1143705	0	0.003422912
201	0	0.7.47.1144016	0	0.003422912
201	0	0.7.47.1144352	0	0.1245766
201	0	0.7.47.1144976	0	0.1245766
201	0	0.7.47.1144979	0	0.1245766
201	0	0.7.47.1145263	0	0.003422912
201	0	0.7.47.1145818	0	0.1214024
201	0	0.7.47.1145834	0	0.1214024
201	0	0.7.47.1146036	-2	0.1214024
201	0	0.7.47.1146135	1	0.1666667
201	0	0.7.47.1146178	0	0.1245766
201	0	0.7.47.1146295	0	0.003422912
201	0	0.7.47.1146364	1	0.1607516
201	0	0.7.47.1146430	0	0.003422912
201	0	0.7.47.1146466	1	0.1544503
201	0	0.7.47.1146538	1	0.1666667
201	0	0.7.47.1146710	1	0.1607516
201	0	0.7.47.1146718	1	0.1607516
201	0	0.7.47.1146738	1	0.1666667
201	0	0.7.47.114674	0	0.1214024
201	0	0.7.47.1146812	1	0.1666667
201	0	0.7.47.1146860	0	0.1245766
201	0	0.7.47.1146967	1	0.1621622
201	0	0.7.47.1147068	1	0.1607516
201	0	0.7.47.1147137	1	0.1607516
201	0	0.7.47.1147139	1	0.1290323
201	0	0.7.47.1147210	0	0.003422912
201	0	0.7.47.1147315	0	0.003422912
201	0	0.7.47.1147696	0	0.003422912
201	0	0.7.47.1147700	0	0.003422912
201	0	0.7.47.1148552	1	0.1607516
201	0	0.7.47.1148616	1	0.1584158
201	0	0.7.47.1148784	1	0.1666667
201	0	0.7.47.1148818	1	0.1584158
201	0	0.7.47.114894	0	0.1818182
201	0	0.7.47.1148943	0	0.1245766
201	0	0.7.47.1148948	1	0.1584158
201	0	0.7.47.1148973	1	0.1666667
201	0	0.7.47.1149129	1	0.1666667
201	0	0.7.47.1149584	1	0.1584158
201	0	0.7.47.1150352	0	0.003422912
201	0	0.7.47.1150420	0	0.1214024
201	0	0.7.47.1151058	0	0.003422912
201	0	0.7.47.1151173	0	0.003422912
201	0	0.7.47.1151393	0	0.003422912
201	0	0.7.47.1152139	0	0.003422912
201	0	0.7.47.1152398	0	0.003422912
201	0	0.7.47.1152408	0	0.003422912
201	0	0.7.47.1153298	0	0.003422912
201	0	0.7.47.1153455	0	0.003422912
201	0	0.7.47.1154154	0	0.1245766
201	0	0.7.47.1154641	0	0.003422912
201	0	0.7.47.1157187	0	0.003422912
201	0	0.7.47.1159205	0	0.003422912
201	0	0.7.47.1160166	0	0.003422912
201	0	0.7.47.1160593	0	0.003422912
201	0	0.7.47.1161350	0	0.1245766
201	0	0.7.47.1161475	0	0.1245766
201	0	0.7.47.1161554	0	0.1245766
201	0	0.7.47.1163255	1	0.1544503
201	0	0.7.47.1163262	1	0.1544503
201	0	0.7.47.1163297	1	0.1544503
201	0	0.7.47.1163381	1	0.1666667
201	0	0.7.47.1163387	1	0.1666667
201	0	0.7.47.1163606	1	0.1245766
201	0	0.7.47.1163610	1	0.1544503
201	0	0.7.47.1163737	0	0.1245766
201	0	0.7.47.1163868	0	0.1245766
201	0	0.7.47.1163872	0	0.003422912
201	0	0.7.47.11655	0	0.003422912
201	0	0.7.47.1165537	0	0.1245766
201	0	0.7.47.1165886	0	0.003422912
201	0	0.7.47.116623	0	0.003422912
201	0	0.7.47.1166787	0	0.003422912
201	0	0.7.47.1166833	1	0.1544503
201	0	0.7.47.1166838	0	0.1245766
201	0	0.7.47.1167878	0	0.003422912
201	0	0.7.47.1167892	0	0.003422912
201	0	0.7.47.1167893	0	0.1245766
201	0	0.7.47.1167958	0	0.1245766
201	0	0.7.47.1168332	0	0.003422912
201	0	0.7.47.1168516	0	0.003422912
201	0	0.7.47.1175462	0	0.003422912
201	0	0.7.47.1176334	0	0.003422912
201	0	0.7.47.1180985	0	0.003422912
201	0	0.7.47.1182168	0	0.003422912
201	0	0.7.47.11835	0	0.1214024
201	0	0.7.47.118679	-1	0.003422912
201	0	0.7.47.118696	0	0.003422912
201	0	0.7.47.118871	-1	0.003422912
201	0	0.7.47.118948	0	0.003422912
201	0	0.7.47.1193167	0	0.1245766
201	0	0.7.47.1200220	0	0.003422912
201	0	0.7.47.1200627	0	0.003422912
201	0	0.7.47.1201022	0	0.003422912
201	0	0.7.47.1203689	0	0.003422912
201	0	0.7.47.1203996	0	0.003422912
201	0	0.7.47.1205976	0	0.003422912
201	0	0.7.47.1210700	0	0.003422912
201	0	0.7.47.1210881	0	0.003422912
201	0	0.7.47.121209	0	0.003422912
201	0	0.7.47.121255	0	0.003422912
201	0	0.7.47.1214659	0	0.003422912
201	0	0.7.47.121576	0	0.003422912
201	0	0.7.47.1221081	0	0.1245766
201	0	0.7.47.1221833	0	0.003422912
201	0	0.7.47.1221850	0	0.003422912
201	0	0.7.47.1221880	0	0.003422912
201	0	0.7.47.1221971	0	0.003422912
201	0	0.7.47.1227019	0	0.003422912
201	0	0.7.47.1227877	0	0.003422912
201	0	0.7.47.1228497	0	0.003422912
201	0	0.7.47.1228504	0	0.003422912
201	0	0.7.47.1232257	0	0.003422912
201	0	0.7.47.1232336	0	0.003422912
201	0	0.7.47.1232830	0	0.003422912
201	0	0.7.47.123343	0	0.003422912
201	0	0.7.47.1233547	0	0.003422912
201	0	0.7.47.1236587	0	0.003422912
201	0	0.7.47.1236608	0	0.1245766
201	0	0.7.47.1238670	0	0.003422912
201	0	0.7.47.1239823	0	0.003422912
201	0	0.7.47.1239892	0	0.4285714
201	0	0.7.47.1240013	0	0.003422912
201	0	0.7.47.124072	0	0.003422912
201	0	0.7.47.124384	0	0.003422912
201	0	0.7.47.124503	0	0.003422912
201	0	0.7.47.126752	0	0.003422912
201	0	0.7.47.12683	0	0.003422912
201	0	0.7.47.12942	0	0.003422912
201	0	0.7.47.1294326	0	0.1245766
201	0	0.7.47.1294793	0	0.1245766
201	0	0.7.47.1295194	0	0.1245766
201	0	0.7.47.1295486	0	0.003422912
201	0	0.7.47.1298579	-1	0.003422912
201	0	0.7.47.1299485	0	0.003422912
201	0	0.7.47.129998	0	0.003422912
201	0	0.7.47.1300319	0	0.003422912
201	0	0.7.47.1301802	0	0.003422912
201	0	0.7.47.1302194	0	0.003422912
201	0	0.7.47.1302362	0	0.003422912
201	0	0.7.47.1303345	0	0.003422912
201	0	0.7.47.1304240	0	0.003422912
201	0	0.7.47.1304926	0	0.003422912
201	0	0.7.47.1305449	0	0.003422912
201	0	0.7.47.1306077	0	0.003422912
201	0	0.7.47.130731	0	0.003422912
201	0	0.7.47.1308105	0	0.003422912
201	0	0.7.47.1308507	0	0.003422912
201	0	0.7.47.1310911	0	0.003422912
201	0	0.7.47.1311065	0	0.003422912
201	0	0.7.47.1311360	0	0.003422912
201	0	0.7.47.1312053	0	0.003422912
201	0	0.7.47.1312608	0	0.003422912
201	0	0.7.47.1312989	0	0.003422912
201	0	0.7.47.1313389	1	0.1607516
201	0	0.7.47.1313646	1	0.1666667
201	0	0.7.47.1313705	1	0.1666667
201	0	0.7.47.1313706	1	0.1666667
201	0	0.7.47.1313760	1	0.1607516
201	0	0.7.47.131443	0	0.003422912
201	0	0.7.47.1314765	1	0.1544503
201	0	0.7.47.1315075	1	0.1544503
201	0	0.7.47.1315087	1	0.1607516
201	0	0.7.47.1315089	1	0.1544503
201	0	0.7.47.1315090	1	0.1544503
201	0	0.7.47.1315105	1	0.1544503
201	0	0.7.47.1315166	1	0.1607516
201	0	0.7.47.1315178	1	0.1607516
201	0	0.7.47.1315180	1	0.1607516
201	0	0.7.47.1315181	1	0.1607516
201	0	0.7.47.1315309	1	0.1544503
201	0	0.7.47.1315592	0	0.003422912
201	0	0.7.47.1316455	1	0.1666667
201	0	0.7.47.131704	0	0.003422912
201	0	0.7.47.1318183	0	0.003422912
201	0	0.7.47.1319365	0	0.003422912
201	0	0.7.47.1321445	0	0.003422912
201	0	0.7.47.1323247	0	0.003422912
201	0	0.7.47.1323522	0	0.1245766
201	0	0.7.47.1324058	0	0.1245766
201	0	0.7.47.1324070	0	0.1245766
201	0	0.7.47.1324588	0	0.003422912
201	0	0.7.47.1324844	0	0.1214024
201	0	0.7.47.1324879	0	0.1214024
201	0	0.7.47.1325167	0	0.1245766
201	0	0.7.47.1325242	0	0.003422912
201	0	0.7.47.1325766	1	0.1584158
201	0	0.7.47.1326028	0	0.1245766
201	0	0.7.47.1326082	1	0.1542553
201	0	0.7.47.1327974	0	0.003422912
201	0	0.7.47.1329565	0	0.003422912
201	0	0.7.47.1329889	0	0.003422912
201	0	0.7.47.1330362	0	0.003422912
201	0	0.7.47.1330486	0	0.1214024
201	0	0.7.47.1330713	0	0.1245766
201	0	0.7.47.1333153	0	0.003422912
201	0	0.7.47.1333425	0	0.003422912
201	0	0.7.47.1333496	0	0.003422912
201	0	0.7.47.1333958	0	0.003422912
201	0	0.7.47.133446	0	0.003422912
201	0	0.7.47.1335052	0	0.003422912
201	0	0.7.47.1335919	0	0.003422912
201	0	0.7.47.1335951	0	0.003422912
201	0	0.7.47.1336370	0	0.003422912
201	0	0.7.47.1336393	0	0.003422912
201	0	0.7.47.1336444	0	0.003422912
201	0	0.7.47.1338312	0	0.003422912
201	0	0.7.47.1340465	0	0.003422912
201	0	0.7.47.1340566	0	0.003422912
201	0	0.7.47.1341108	0	0.003422912
201	0	0.7.47.134178	0	0.003422912
201	0	0.7.47.1343420	1	0.1666667
201	0	0.7.47.1345664	0	0.003422912
201	0	0.7.47.1346347	0	0.003422912
201	0	0.7.47.1352264	0	0.003422912
201	0	0.7.47.1352332	0	0.1214024
201	0	0.7.47.1353218	0	0.1214024
201	0	0.7.47.1353843	0	0.1214024
201	0	0.7.47.1353876	0	0.003422912
201	0	0.7.47.1353905	0	0.1214024
201	0	0.7.47.1356918	0	0.1621622
201	0	0.7.47.1358395	0	0.003422912
201	0	0.7.47.1359040	0	0.003422912
201	0	0.7.47.1359290	0	0.1214024
201	0	0.7.47.1359376	0	0.1214024
201	0	0.7.47.1359467	0	0.1214024
201	0	0.7.47.1359580	0	0.1214024
201	0	0.7.47.1359602	0	0.1214024
201	0	0.7.47.136174	0	0.003422912
201	0	0.7.47.1361920	0	0.003422912
201	0	0.7.47.1363432	-1	0.003422912
201	0	0.7.47.1366089	-1	0.003422912
201	0	0.7.47.1366837	-1	0.003422912
201	0	0.7.47.1366986	-1	0.003422912
201	0	0.7.47.1367223	0	0.1245766
201	0	0.7.47.1368487	0	0.003422912
201	0	0.7.47.1368698	0	0.003422912
201	0	0.7.47.1370085	0	0.1245766
201	0	0.7.47.13702	0	0.003422912
201	0	0.7.47.1371020	0	0.1245766
201	0	0.7.47.1372709	0	0.1245766
201	0	0.7.47.1374567	0	0.003422912
201	0	0.7.47.1375521	0	0.003422912
201	0	0.7.47.1376483	0	0.003422912
201	0	0.7.47.1377981	0	0.003422912
201	0	0.7.47.137833	0	0.003422912
201	0	0.7.47.1380337	0	0.003422912
201	0	0.7.47.1382798	0	0.1245766
201	0	0.7.47.1383266	0	0.003422912
201	0	0.7.47.1383917	0	0.003422912
201	0	0.7.47.1385547	0	0.003422912
201	0	0.7.47.1389972	0	0.003422912
201	0	0.7.47.1390174	0	0.1245766
201	0	0.7.47.1391862	0	0.003422912
201	0	0.7.47.1393557	0	0.1245766
201	0	0.7.47.1393605	0	0.003422912
201	0	0.7.47.139363	0	0.003422912
201	0	0.7.47.1394685	0	0.1621622
201	0	0.7.47.1397429	0	0.003422912
201	0	0.7.47.1398370	0	0.003422912
201	0	0.7.47.1400680	0	0.003422912
201	0	0.7.47.1401467	0	0.003422912
201	0	0.7.47.1402805	0	0.003422912
201	0	0.7.47.1403860	0	0.003422912
201	0	0.7.47.1404256	0	0.003422912
201	0	0.7.47.1404871	0	0.003422912
201	0	0.7.47.1404948	0	0.1245766
201	0	0.7.47.1404991	0	0.003422912
201	0	0.7.47.1405677	0	0.003422912
201	0	0.7.47.140632	0	0.003422912
201	0	0.7.47.1406979	0	0.003422912
201	0	0.7.47.1407099	0	0.003422912
201	0	0.7.47.1409	0	0.003422912
201	0	0.7.47.1409068	0	0.1245766
201	0	0.7.47.1409340	0	0.003422912
201	0	0.7.47.1410062	0	0.003422912
201	0	0.7.47.1411080	0	0.003422912
201	0	0.7.47.1412106	0	0.003422912
201	0	0.7.47.1412160	0	0.003422912
201	0	0.7.47.1412321	0	0.003422912
201	0	0.7.47.1412961	0	0.003422912
201	0	0.7.47.1413169	0	0.003422912
201	0	0.7.47.1413436	0	0.003422912
201	0	0.7.47.1414982	0	0.003422912
201	0	0.7.47.141512	0	0.1214024
201	0	0.7.47.1415420	0	0.003422912
201	0	0.7.47.1415442	0	0.003422912
201	0	0.7.47.1415539	0	0.003422912
201	0	0.7.47.1415795	0	0.003422912
201	0	0.7.47.1415819	0	0.003422912
201	0	0.7.47.1417536	0	0.003422912
201	0	0.7.47.1417915	0	0.003422912
201	0	0.7.47.1418159	0	0.003422912
201	0	0.7.47.1418236	0	0.003422912
201	0	0.7.47.1418359	0	0.003422912
201	0	0.7.47.1418555	0	0.1245766
201	0	0.7.47.1418749	0	0.003422912
201	0	0.7.47.1419052	0	0.003422912
201	0	0.7.47.1419176	0	0.003422912
201	0	0.7.47.141935	0	0.003422912
201	0	0.7.47.1419658	0	0.1245766
201	0	0.7.47.1419707	0	0.003422912
201	0	0.7.47.1420179	0	0.003422912
201	0	0.7.47.1420314	0	0.1245766
201	0	0.7.47.142060	0	0.003422912
201	0	0.7.47.1420607	0	0.003422912
201	0	0.7.47.142092	0	0.003422912
201	0	0.7.47.1422075	0	0.1214024
201	0	0.7.47.1422138	0	0.003422912
201	0	0.7.47.1422925	0	0.003422912
201	0	0.7.47.1423701	0	0.003422912
201	0	0.7.47.1423930	0	0.003422912
201	0	0.7.47.14255	0	0.003422912
201	0	0.7.47.1425911	0	0.003422912
201	0	0.7.47.1426156	0	0.003422912
201	0	0.7.47.1426611	0	0.003422912
201	0	0.7.47.1427643	0	0.003422912
201	0	0.7.47.1434835	0	0.003422912
201	0	0.7.47.1435382	0	0.1245766
201	0	0.7.47.1435661	0	0.1245766
201	0	0.7.47.1436105	0	0.1245766
201	0	0.7.47.1436229	0	0.1245766
201	0	0.7.47.1436495	0	0.1245766
201	0	0.7.47.1436600	0	0.1245766
201	0	0.7.47.1437307	0	0.1245766
201	0	0.7.47.1437345	0	0.1245766
201	0	0.7.47.1437842	0	0.1245766
201	0	0.7.47.1437870	0	0.1245766
201	0	0.7.47.1437994	0	0.1245766
201	0	0.7.47.1440495	0	0.003422912
201	0	0.7.47.1442628	0	0.003422912
201	0	0.7.47.1443369	0	0.003422912
201	0	0.7.47.1443419	0	0.003422912
201	0	0.7.47.1443594	0	0.003422912
201	0	0.7.47.1444597	0	0.003422912
201	0	0.7.47.1445052	0	0.003422912
201	0	0.7.47.1446199	0	0.003422912
201	0	0.7.47.1446203	0	0.003422912
201	0	0.7.47.1448152	0	0.1245766
201	0	0.7.47.1448473	0	0.003422912
201	0	0.7.47.1448541	0	0.003422912
201	0	0.7.47.1448982	0	0.003422912
201	0	0.7.47.1448994	0	0.003422912
201	0	0.7.47.1449222	1	0.1621622
201	0	0.7.47.1449591	0	0.003422912
201	0	0.7.47.14497	0	0.003422912
201	0	0.7.47.145112	0	0.003422912
201	0	0.7.47.1451509	0	0.003422912
201	0	0.7.47.145194	0	0.1214024
201	0	0.7.47.1452480	0	0.003422912
201	0	0.7.47.1452613	0	0.003422912
201	0	0.7.47.1453859	0	0.003422912
201	0	0.7.47.1454429	0	0.003422912
201	0	0.7.47.145602	0	0.1214024
201	0	0.7.47.145687	0	0.1214024
201	0	0.7.47.1458700	0	0.1245766
201	0	0.7.47.146045	0	0.003422912
201	0	0.7.47.14653	0	0.003422912
201	0	0.7.47.147433	0	0.003422912
201	0	0.7.47.149591	0	0.003422912
201	0	0.7.47.150688	0	0.003422912
201	0	0.7.47.151008	1	0.5
201	0	0.7.47.151189	0	0.1214024
201	0	0.7.47.151872	0	0.1214024
201	0	0.7.47.152929	0	0.1245766
201	0	0.7.47.153943	0	0.003422912
201	0	0.7.47.154205	0	0.003422912
201	0	0.7.47.154479	0	0.003422912
201	0	0.7.47.155013	0	0.003422912
201	0	0.7.47.15721	0	0.003422912
201	0	0.7.47.158475	0	0.003422912
201	0	0.7.47.15952	0	0.003422912
201	0	0.7.47.15980	0	0.003422912
201	0	0.7.47.160020	0	0.003422912
201	0	0.7.47.16112	0	0.003422912
201	0	0.7.47.161584	0	0.003422912
201	0	0.7.47.162904	0	0.003422912
201	0	0.7.47.163221	0	0.003422912
201	0	0.7.47.167202	0	0.003422912
201	0	0.7.47.168157	0	0.003422912
201	0	0.7.47.169021	0	0.003422912
201	0	0.7.47.169040	0	0.003422912
201	0	0.7.47.169540	0	0.003422912
201	0	0.7.47.170	0	0.003422912
201	0	0.7.47.170535	0	0.1245766
201	0	0.7.47.171004	0	0.1214024
201	0	0.7.47.174551	0	0.003422912
201	0	0.7.47.174747	0	0.003422912
201	0	0.7.47.175321	0	0.1245766
201	0	0.7.47.175514	0	0.003422912
201	0	0.7.47.175533	0	0.003422912
201	0	0.7.47.175558	0	0.003422912
201	0	0.7.47.176731	0	0.003422912
201	0	0.7.47.177370	0	0.003422912
201	0	0.7.47.180641	0	0.003422912
201	0	0.7.47.181227	0	0.003422912
201	0	0.7.47.182	0	0.003422912
201	0	0.7.47.183270	0	0.003422912
201	0	0.7.47.18401	0	0.003422912
201	0	0.7.47.18405	0	0.003422912
201	0	0.7.47.184555	0	0.003422912
201	0	0.7.47.1851	0	0.003422912
201	0	0.7.47.186511	0	0.003422912
201	0	0.7.47.18693	0	0.003422912
201	0	0.7.47.187271	0	0.003422912
201	0	0.7.47.187658	0	0.1245766
201	0	0.7.47.18900	0	0.003422912
201	0	0.7.47.193870	0	0.003422912
201	0	0.7.47.195101	0	0.003422912
201	0	0.7.47.197236	0	0.1214024
201	0	0.7.47.197982	0	0.003422912
201	0	0.7.47.19865	0	0.003422912
201	0	0.7.47.20079	0	0.003422912
201	0	0.7.47.20092	0	0.003422912
201	0	0.7.47.201245	0	0.003422912
201	0	0.7.47.201931	0	0.1214024
201	0	0.7.47.20337	0	0.003422912
201	0	0.7.47.203992	0	0.003422912
201	0	0.7.47.204022	0	0.003422912
201	0	0.7.47.205489	0	0.003422912
201	0	0.7.47.205667	0	0.003422912
201	0	0.7.47.206106	0	0.1214024
201	0	0.7.47.206163	0	0.003422912
201	0	0.7.47.206504	0	0.1214024
201	0	0.7.47.208044	0	0.003422912
201	0	0.7.47.212544	0	0.003422912
201	0	0.7.47.214627	0	0.003422912
201	0	0.7.47.215809	0	0.1214024
201	0	0.7.47.216340	0	0.1245766
201	0	0.7.47.216518	0	0.1245766
201	0	0.7.47.217358	0	0.003422912
201	0	0.7.47.217590	0	0.003422912
201	0	0.7.47.218165	0	0.1245766
201	0	0.7.47.218289	0	0.003422912
201	0	0.7.47.220225	0	0.003422912
201	0	0.7.47.220240	0	0.003422912
201	0	0.7.47.220394	0	0.003422912
201	0	0.7.47.220613	0	0.1245766
201	0	0.7.47.2211	0	0.003422912
201	0	0.7.47.222496	0	0.003422912
201	0	0.7.47.222597	0	0.1214024
201	0	0.7.47.223897	0	0.003422912
201	0	0.7.47.223951	0	0.003422912
201	0	0.7.47.224807	0	0.003422912
201	0	0.7.47.224973	0	0.003422912
201	0	0.7.47.225942	0	0.003422912
201	0	0.7.47.226462	0	0.003422912
201	0	0.7.47.227041	0	0.003422912
201	0	0.7.47.227745	0	0.003422912
201	0	0.7.47.227828	0	0.003422912
201	0	0.7.47.228604	0	0.003422912
201	0	0.7.47.2288	0	0.003422912
201	0	0.7.47.228925	0	0.003422912
201	0	0.7.47.228932	0	0.003422912
201	0	0.7.47.229003	0	0.1245766
201	0	0.7.47.230258	0	0.003422912
201	0	0.7.47.230757	0	0.003422912
201	0	0.7.47.231221	0	0.003422912
201	0	0.7.47.231498	-2	0.003422912
201	0	0.7.47.232886	0	0.003422912
201	0	0.7.47.234192	0	0.003422912
201	0	0.7.47.234444	0	0.003422912
201	0	0.7.47.235539	0	0.003422912
201	0	0.7.47.235734	0	0.003422912
201	0	0.7.47.235834	0	0.003422912
201	0	0.7.47.24412	0	0.003422912
201	0	0.7.47.245199	0	0.003422912
201	0	0.7.47.24567	0	0.003422912
201	0	0.7.47.246004	-1	0.003422912
201	0	0.7.47.246192	0	0.003422912
201	0	0.7.47.246352	0	0.003422912
201	0	0.7.47.247209	0	0.003422912
201	0	0.7.47.24747	0	0.003422912
201	0	0.7.47.248416	0	0.003422912
201	0	0.7.47.249749	0	0.003422912
201	0	0.7.47.25000	0	0.003422912
201	0	0.7.47.251547	0	0.1542553
201	0	0.7.47.251557	0	0.1542553
201	0	0.7.47.25698	0	0.003422912
201	0	0.7.47.258982	0	0.003422912
201	0	0.7.47.259072	0	0.1245766
201	0	0.7.47.259080	0	0.1245766
201	0	0.7.47.259088	0	0.1245766
201	0	0.7.47.259293	0	0.1245766
201	0	0.7.47.259636	0	0.1245766
201	0	0.7.47.259638	0	0.1245766
201	0	0.7.47.259680	0	0.1245766
201	0	0.7.47.259781	0	0.003422912
201	0	0.7.47.260023	0	0.1245766
201	0	0.7.47.260538	0	0.1245766
201	0	0.7.47.261133	0	0.1245766
201	0	0.7.47.261160	0	0.1245766
201	0	0.7.47.261764	0	0.1245766
201	0	0.7.47.261938	0	0.1245766
201	0	0.7.47.262446	0	0.1245766
201	0	0.7.47.265564	0	0.1245766
201	0	0.7.47.265876	0	0.003422912
201	0	0.7.47.265913	0	0.003422912
201	0	0.7.47.266138	0	0.1245766
201	0	0.7.47.266996	0	0.1245766
201	0	0.7.47.267015	0	0.1245766
201	0	0.7.47.267435	0	0.003422912
201	0	0.7.47.267833	0	0.003422912
201	0	0.7.47.268305	-1	0.003422912
201	0	0.7.47.270094	0	0.003422912
201	0	0.7.47.271129	0	0.003422912
201	0	0.7.47.274364	0	0.003422912
201	0	0.7.47.27502	0	0.003422912
201	0	0.7.47.276023	0	0.003422912
201	0	0.7.47.276312	0	0.003422912
201	0	0.7.47.276325	0	0.003422912
201	0	0.7.47.2800	0	0.003422912
201	0	0.7.47.280575	0	0.003422912
201	0	0.7.47.281056	0	0.1214024
201	0	0.7.47.281221	0	0.003422912
201	0	0.7.47.281453	0	0.1214024
201	0	0.7.47.281632	0	0.1214024
201	0	0.7.47.281791	0	0.1214024
201	0	0.7.47.282556	0	0.1214024
201	0	0.7.47.282606	0	0.1214024
201	0	0.7.47.282839	0	0.003422912
201	0	0.7.47.283377	0	0.1214024
201	0	0.7.47.283397	0	0.1214024
201	0	0.7.47.283548	0	0.1214024
201	0	0.7.47.285227	0	0.003422912
201	0	0.7.47.285918	0	0.003422912
201	0	0.7.47.286414	0	0.003422912
201	0	0.7.47.286476	0	0.003422912
201	0	0.7.47.286970	0	0.003422912
201	0	0.7.47.28976	0	0.003422912
201	0	0.7.47.289771	0	0.003422912
201	0	0.7.47.290030	0	0.003422912
201	0	0.7.47.290662	-1	0.003422912
201	0	0.7.47.29137	0	0.003422912
201	0	0.7.47.29307	0	0.003422912
201	0	0.7.47.2936	0	0.003422912
201	0	0.7.47.29516	0	0.003422912
201	0	0.7.47.295304	0	0.003422912
201	0	0.7.47.296492	0	0.003422912
201	0	0.7.47.298938	0	0.003422912
201	0	0.7.47.299761	0	0.003422912
201	0	0.7.47.299784	0	0.003422912
201	0	0.7.47.301600	0	0.003422912
201	0	0.7.47.301639	0	0.003422912
201	0	0.7.47.301807	0	0.003422912
201	0	0.7.47.302569	0	0.003422912
201	0	0.7.47.302574	0	0.003422912
201	0	0.7.47.304331	0	0.003422912
201	0	0.7.47.305624	1	0.1544503
201	0	0.7.47.305648	1	0.1544503
201	0	0.7.47.30645	0	0.003422912
201	0	0.7.47.30730	0	0.003422912
201	0	0.7.47.30753	0	0.1245766
201	0	0.7.47.311776	0	0.1245766
201	0	0.7.47.312726	0	0.1214024
201	0	0.7.47.313435	0	0.1214024
201	0	0.7.47.31363	-1	0.003422912
201	0	0.7.47.313834	0	0.1214024
201	0	0.7.47.314264	0	0.003422912
201	0	0.7.47.314509	0	0.1214024
201	0	0.7.47.314773	0	0.1214024
201	0	0.7.47.315034	0	0.1214024
201	0	0.7.47.315394	0	0.1214024
201	0	0.7.47.315760	0	0.1214024
201	0	0.7.47.315926	0	0.003422912
201	0	0.7.47.316027	0	0.003422912
201	0	0.7.47.316447	0	0.1214024
201	0	0.7.47.316560	0	0.1214024
201	0	0.7.47.316564	0	0.1214024
201	0	0.7.47.316597	0	0.003422912
201	0	0.7.47.316689	0	0.003422912
201	0	0.7.47.316861	0	0.1214024
201	0	0.7.47.317182	0	0.1214024
201	0	0.7.47.317281	0	0.1214024
201	0	0.7.47.318047	0	0.003422912
201	0	0.7.47.318926	0	0.1214024
201	0	0.7.47.319248	0	0.1214024
201	0	0.7.47.319267	0	0.003422912
201	0	0.7.47.319280	0	0.1214024
201	0	0.7.47.319303	0	0.1214024
201	0	0.7.47.319340	0	0.1214024
201	0	0.7.47.319443	0	0.1214024
201	0	0.7.47.319931	0	0.1214024
201	0	0.7.47.319933	0	0.1214024
201	0	0.7.47.320043	0	0.1214024
201	0	0.7.47.320059	0	0.1214024
201	0	0.7.47.320132	0	0.1214024
201	0	0.7.47.320265	0	0.1214024
201	0	0.7.47.320839	0	0.1214024
201	0	0.7.47.321148	0	0.003422912
201	0	0.7.47.321402	0	0.003422912
201	0	0.7.47.322967	0	0.003422912
201	0	0.7.47.32488	-1	0.003422912
201	0	0.7.47.32625	0	0.003422912
201	0	0.7.47.327533	0	0.1214024
201	0	0.7.47.328014	1	0.1584158
201	0	0.7.47.328088	0	0.1621622
201	0	0.7.47.328342	1	0.1544503
201	0	0.7.47.328752	0	0.1245766
201	0	0.7.47.329569	0	0.003422912
201	0	0.7.47.330406	0	0.1245766
201	0	0.7.47.330427	0	0.1245766
201	0	0.7.47.331759	0	0.003422912
201	0	0.7.47.331961	0	0.003422912
201	0	0.7.47.332003	1	0.1621622
201	0	0.7.47.3326	0	0.003422912
201	0	0.7.47.333156	1	0.1607516
201	0	0.7.47.33365	0	0.1458333
201	0	0.7.47.335177	0	0.003422912
201	0	0.7.47.335761	0	0.003422912
201	0	0.7.47.338420	0	0.003422912
201	0	0.7.47.338643	0	0.003422912
201	0	0.7.47.338946	0	0.1214024
201	0	0.7.47.339159	0	0.1214024
201	0	0.7.47.339269	0	0.1214024
201	0	0.7.47.339401	0	0.1214024
201	0	0.7.47.339419	0	0.1214024
201	0	0.7.47.339445	0	0.1214024
201	0	0.7.47.339471	0	0.1214024
201	0	0.7.47.339497	0	0.1214024
201	0	0.7.47.339521	0	0.003422912
201	0	0.7.47.339544	0	0.1214024
201	0	0.7.47.339583	0	0.1214024
201	0	0.7.47.339586	0	0.003422912
201	0	0.7.47.339729	0	0.003422912
201	0	0.7.47.340623	0	0.1214024
201	0	0.7.47.341079	0	0.003422912
201	0	0.7.47.342563	0	0.003422912
201	0	0.7.47.342686	-1	0.003422912
201	0	0.7.47.342952	-1	0.003422912
201	0	0.7.47.344350	0	0.003422912
201	0	0.7.47.344880	0	0.003422912
201	0	0.7.47.345289	0	0.1245766
201	0	0.7.47.346869	0	0.003422912
201	0	0.7.47.348104	0	0.003422912
201	0	0.7.47.34865	0	0.003422912
201	0	0.7.47.351172	0	0.003422912
201	0	0.7.47.351193	0	0.003422912
201	0	0.7.47.3517	0	0.003422912
201	0	0.7.47.352791	0	0.003422912
201	0	0.7.47.352794	0	0.003422912
201	0	0.7.47.352812	0	0.003422912
201	0	0.7.47.353240	0	0.003422912
201	0	0.7.47.353355	0	0.1245766
201	0	0.7.47.353385	0	0.1245766
201	0	0.7.47.353766	0	0.003422912
201	0	0.7.47.354851	0	0.003422912
201	0	0.7.47.355681	0	0.003422912
201	0	0.7.47.355921	0	0.003422912
201	0	0.7.47.356055	0	0.003422912
201	0	0.7.47.357091	0	0.1245766
201	0	0.7.47.35740	0	0.003422912
201	0	0.7.47.357633	0	0.003422912
201	0	0.7.47.357966	0	0.003422912
201	0	0.7.47.359155	0	0.003422912
201	0	0.7.47.359756	0	0.1245766
201	0	0.7.47.36002	0	0.003422912
201	0	0.7.47.360202	0	0.003422912
201	0	0.7.47.3605	0	0.003422912
201	0	0.7.47.36144	0	0.003422912
201	0	0.7.47.361568	0	0.003422912
201	0	0.7.47.362652	0	0.003422912
201	0	0.7.47.363456	0	0.1245766
201	0	0.7.47.365154	0	0.003422912
201	0	0.7.47.365162	0	0.003422912
201	0	0.7.47.365463	0	0.1245766
201	0	0.7.47.36575	0	0.003422912
201	0	0.7.47.365796	0	0.1245766
201	0	0.7.47.367999	0	0.003422912
201	0	0.7.47.368021	0	0.1214024
201	0	0.7.47.368035	0	0.1245766
201	0	0.7.47.368079	0	0.1245766
201	0	0.7.47.368104	0	0.1245766
201	0	0.7.47.368214	1	0.1621622
201	0	0.7.47.368217	1	0.1621622
201	0	0.7.47.368581	0	0.003422912
201	0	0.7.47.368645	1	0.1544503
201	0	0.7.47.374457	0	0.1245766
201	0	0.7.47.374900	0	0.003422912
201	0	0.7.47.376730	0	0.003422912
201	0	0.7.47.379477	0	0.003422912
201	0	0.7.47.38214	0	0.003422912
201	0	0.7.47.385086	0	0.1245766
201	0	0.7.47.385161	0	0.1245766
201	0	0.7.47.386634	0	0.003422912
201	0	0.7.47.386688	-1	0.003422912
201	0	0.7.47.387786	0	0.003422912
201	0	0.7.47.388212	0	0.003422912
201	0	0.7.47.388454	0	0.003422912
201	0	0.7.47.388542	0	0.003422912
201	0	0.7.47.389005	0	0.003422912
201	0	0.7.47.391441	-1	0.003422912
201	0	0.7.47.391467	0	0.003422912
201	0	0.7.47.39970	0	0.003422912
201	0	0.7.47.40330	0	0.003422912
201	0	0.7.47.40420	0	0.003422912
201	0	0.7.47.405845	0	0.003422912
201	0	0.7.47.406003	1	0.1607516
201	0	0.7.47.406101	0	0.1245766
201	0	0.7.47.406817	-1	0.003422912
201	0	0.7.47.407008	0	0.003422912
201	0	0.7.47.408335	-1	0.003422912
201	0	0.7.47.408519	0	0.003422912
201	0	0.7.47.41170	0	0.1245766
201	0	0.7.47.412149	0	0.1214024
201	0	0.7.47.413543	0	0.003422912
201	0	0.7.47.414647	0	0.003422912
201	0	0.7.47.414652	0	0.003422912
201	0	0.7.47.414711	0	0.003422912
201	0	0.7.47.417538	0	0.003422912
201	0	0.7.47.417592	-1	0.003422912
201	0	0.7.47.417677	-1	0.003422912
201	0	0.7.47.418045	0	0.003422912
201	0	0.7.47.419684	0	0.003422912
201	0	0.7.47.420030	0	0.003422912
201	0	0.7.47.423974	0	0.003422912
201	0	0.7.47.424671	0	0.003422912
201	0	0.7.47.425563	0	0.003422912
201	0	0.7.47.428299	-1	0.003422912
201	0	0.7.47.428695	0	0.003422912
201	0	0.7.47.429410	0	0.003422912
201	0	0.7.47.429707	0	0.003422912
201	0	0.7.47.429813	0	0.003422912
201	0	0.7.47.430616	0	0.1245766
201	0	0.7.47.431421	0	0.003422912
201	0	0.7.47.432043	0	0.003422912
201	0	0.7.47.433307	0	0.1245766
201	0	0.7.47.433583	0	0.003422912
201	0	0.7.47.433785	0	0.1245766
201	0	0.7.47.433987	0	0.003422912
201	0	0.7.47.435140	0	0.003422912
201	0	0.7.47.435566	1	0.5
201	0	0.7.47.435580	0	0.1214024
201	0	0.7.47.435594	0	0.1214024
201	0	0.7.47.436180	0	0.1245766
201	0	0.7.47.440728	1	0.1544503
201	0	0.7.47.440950	1	0.1607516
201	0	0.7.47.44122	0	0.003422912
201	0	0.7.47.441774	0	0.003422912
201	0	0.7.47.442438	-1	0.003422912
201	0	0.7.47.442896	1	0.1666667
201	0	0.7.47.44377	0	0.003422912
201	0	0.7.47.44820	0	0.003422912
201	0	0.7.47.448251	0	0.003422912
201	0	0.7.47.448373	0	0.003422912
201	0	0.7.47.448555	0	0.003422912
201	0	0.7.47.448785	0	0.003422912
201	0	0.7.47.449099	0	0.1607516
201	0	0.7.47.449173	0	0.003422912
201	0	0.7.47.449196	0	0.003422912
201	0	0.7.47.449247	0	0.003422912
201	0	0.7.47.449432	-1	0.003422912
201	0	0.7.47.451570	0	0.003422912
201	0	0.7.47.452260	0	0.003422912
201	0	0.7.47.453760	0	0.003422912
201	0	0.7.47.459101	0	0.003422912
201	0	0.7.47.46198	0	0.003422912
201	0	0.7.47.46249	0	0.003422912
201	0	0.7.47.46362	0	0.003422912
201	0	0.7.47.464739	0	0.003422912
201	0	0.7.47.466529	-1	0.003422912
201	0	0.7.47.46685	-1	0.1584158
201	0	0.7.47.467889	0	0.003422912
201	0	0.7.47.468709	0	0.003422912
201	0	0.7.47.46977	0	0.003422912
201	0	0.7.47.470675	0	0.003422912
201	0	0.7.47.470802	0	0.1245766
201	0	0.7.47.47091	0	0.003422912
201	0	0.7.47.473421	0	0.003422912
201	0	0.7.47.473837	0	0.003422912
201	0	0.7.47.475705	0	0.003422912
201	0	0.7.47.476574	0	0.003422912
201	0	0.7.47.47664	0	0.1245766
201	0	0.7.47.477734	0	0.003422912
201	0	0.7.47.478169	0	0.003422912
201	0	0.7.47.478170	0	0.003422912
201	0	0.7.47.482402	0	0.003422912
201	0	0.7.47.48416	0	0.003422912
201	0	0.7.47.486026	0	0.003422912
201	0	0.7.47.488417	0	0.003422912
201	0	0.7.47.48865	0	0.003422912
201	0	0.7.47.489412	-1	0.003422912
201	0	0.7.47.49785	0	0.003422912
201	0	0.7.47.502168	0	0.003422912
201	0	0.7.47.502420	0	0.003422912
201	0	0.7.47.503531	0	0.003422912
201	0	0.7.47.504955	-1	0.003422912
201	0	0.7.47.505736	-1	0.003422912
201	0	0.7.47.505946	0	0.003422912
201	0	0.7.47.5088	0	0.003422912
201	0	0.7.47.509181	0	0.003422912
201	0	0.7.47.509196	0	0.003422912
201	0	0.7.47.509500	0	0.1245766
201	0	0.7.47.510579	0	0.003422912
201	0	0.7.47.512435	0	0.003422912
201	0	0.7.47.513502	0	0.003422912
201	0	0.7.47.514464	0	0.003422912
201	0	0.7.47.514766	0	0.003422912
201	0	0.7.47.515022	0	0.003422912
201	0	0.7.47.516343	0	0.003422912
201	0	0.7.47.518604	0	0.003422912
201	0	0.7.47.519275	0	0.003422912
201	0	0.7.47.5194	0	0.003422912
201	0	0.7.47.520178	0	0.003422912
201	0	0.7.47.520915	0	0.003422912
201	0	0.7.47.521368	0	0.003422912
201	0	0.7.47.522409	0	0.003422912
201	0	0.7.47.523717	0	0.1214024
201	0	0.7.47.523804	0	0.4285714
201	0	0.7.47.527608	0	0.1245766
201	0	0.7.47.527620	0	0.1245766
201	0	0.7.47.527985	1	0.1542553
201	0	0.7.47.528149	1	0.1584158
201	0	0.7.47.528150	1	0.1542553
201	0	0.7.47.528163	1	0.1542553
201	0	0.7.47.528255	1	0.1542553
201	0	0.7.47.528502	1	0.1607516
201	0	0.7.47.528514	1	0.1666667
201	0	0.7.47.533182	0	0.003422912
201	0	0.7.47.538292	0	0.003422912
201	0	0.7.47.538579	1	0.1607516
201	0	0.7.47.542029	0	0.003422912
201	0	0.7.47.545393	0	0.003422912
201	0	0.7.47.545726	0	0.003422912
201	0	0.7.47.547246	0	0.003422912
201	0	0.7.47.547813	0	0.003422912
201	0	0.7.47.548211	-1	0.1458333
201	0	0.7.47.549182	0	0.003422912
201	0	0.7.47.549944	0	0.003422912
201	0	0.7.47.551484	0	0.003422912
201	0	0.7.47.552106	0	0.003422912
201	0	0.7.47.565222	0	0.003422912
201	0	0.7.47.565533	0	0.003422912
201	0	0.7.47.565749	0	0.003422912
201	0	0.7.47.566816	0	0.003422912
201	0	0.7.47.567085	0	0.003422912
201	0	0.7.47.56966	0	0.003422912
201	0	0.7.47.570957	0	0.003422912
201	0	0.7.47.571543	0	0.003422912
201	0	0.7.47.574286	0	0.1214024
201	0	0.7.47.574660	0	0.003422912
201	0	0.7.47.575164	0	0.003422912
201	0	0.7.47.575200	0	0.003422912
201	0	0.7.47.575281	0	0.003422912
201	0	0.7.47.57585	0	0.003422912
201	0	0.7.47.57636	1	0.1544503
201	0	0.7.47.576397	0	0.003422912
201	0	0.7.47.576411	0	0.003422912
201	0	0.7.47.576632	0	0.003422912
201	0	0.7.47.577148	0	0.003422912
201	0	0.7.47.57752	1	0.1544503
201	0	0.7.47.577908	0	0.003422912
201	0	0.7.47.578722	0	0.003422912
201	0	0.7.47.578816	0	0.003422912
201	0	0.7.47.580519	0	0.003422912
201	0	0.7.47.581197	0	0.003422912
201	0	0.7.47.581302	0	0.1214024
201	0	0.7.47.581390	0	0.003422912
201	0	0.7.47.581844	0	0.003422912
201	0	0.7.47.581938	0	0.003422912
201	0	0.7.47.581952	0	0.003422912
201	0	0.7.47.582031	0	0.003422912
201	0	0.7.47.583019	0	0.003422912
201	0	0.7.47.583216	0	0.1621622
201	0	0.7.47.583515	0	0.003422912
201	0	0.7.47.583520	0	0.1245766
201	0	0.7.47.58366	0	0.003422912
201	0	0.7.47.58401	0	0.003422912
201	0	0.7.47.584258	0	0.003422912
201	0	0.7.47.584446	1	0.1544503
201	0	0.7.47.586250	0	0.1214024
201	0	0.7.47.587831	0	0.003422912
201	0	0.7.47.588675	0	0.003422912
201	0	0.7.47.589624	0	0.003422912
201	0	0.7.47.590661	0	0.1245766
201	0	0.7.47.590776	0	0.003422912
201	0	0.7.47.591277	0	0.003422912
201	0	0.7.47.592090	0	0.003422912
201	0	0.7.47.593434	0	0.003422912
201	0	0.7.47.593937	0	0.003422912
201	0	0.7.47.596208	0	0.003422912
201	0	0.7.47.59658	0	0.003422912
201	0	0.7.47.59691	0	0.003422912
201	0	0.7.47.59880	0	0.003422912
201	0	0.7.47.600039	0	0.003422912
201	0	0.7.47.601065	0	0.003422912
201	0	0.7.47.603889	0	0.1245766
201	0	0.7.47.604371	0	0.1245766
201	0	0.7.47.604932	0	0.003422912
201	0	0.7.47.60807	0	0.003422912
201	0	0.7.47.608264	0	0.1245766
201	0	0.7.47.608694	0	0.003422912
201	0	0.7.47.610740	0	0.003422912
201	0	0.7.47.611842	0	0.003422912
201	0	0.7.47.613785	0	0.003422912
201	0	0.7.47.614367	0	0.003422912
201	0	0.7.47.615968	0	0.003422912
201	0	0.7.47.617583	0	0.003422912
201	0	0.7.47.618076	0	0.003422912
201	0	0.7.47.620571	0	0.1245766
201	0	0.7.47.622027	0	0.1245766
201	0	0.7.47.623174	-1	0.1245766
201	0	0.7.47.624235	0	0.003422912
201	0	0.7.47.625548	0	0.1245766
201	0	0.7.47.625946	0	0.003422912
201	0	0.7.47.626183	0	0.1245766
201	0	0.7.47.628383	0	0.1245766
201	0	0.7.47.629033	0	0.1245766
201	0	0.7.47.629134	0	0.1245766
201	0	0.7.47.629590	0	0.003422912
201	0	0.7.47.630678	0	0.003422912
201	0	0.7.47.630965	0	0.1245766
201	0	0.7.47.631774	0	0.1245766
201	0	0.7.47.632571	0	0.003422912
201	0	0.7.47.632959	0	0.1245766
201	0	0.7.47.633017	0	0.1245766
201	0	0.7.47.633433	0	0.1245766
201	0	0.7.47.633590	0	0.1245766
201	0	0.7.47.634099	0	0.003422912
201	0	0.7.47.636896	0	0.1245766
201	0	0.7.47.641009	0	0.003422912
201	0	0.7.47.642240	0	0.1245766
201	0	0.7.47.644645	0	0.003422912
201	0	0.7.47.645462	0	0.003422912
201	0	0.7.47.645555	0	0.1245766
201	0	0.7.47.645871	0	0.003422912
201	0	0.7.47.647766	1	0.1544503
201	0	0.7.47.651831	0	0.003422912
201	0	0.7.47.651858	0	0.003422912
201	0	0.7.47.652932	0	0.003422912
201	0	0.7.47.653505	0	0.003422912
201	0	0.7.47.65488	0	0.003422912
201	0	0.7.47.655697	0	0.003422912
201	0	0.7.47.657173	0	0.003422912
201	0	0.7.47.657620	0	0.003422912
201	0	0.7.47.657624	0	0.003422912
201	0	0.7.47.657734	0	0.003422912
201	0	0.7.47.659213	0	0.003422912
201	0	0.7.47.659616	0	0.003422912
201	0	0.7.47.659923	0	0.003422912
201	0	0.7.47.66233	0	0.003422912
201	0	0.7.47.663501	0	0.003422912
201	0	0.7.47.663581	0	0.003422912
201	0	0.7.47.663811	0	0.003422912
201	0	0.7.47.664221	0	0.003422912
201	0	0.7.47.664819	0	0.003422912
201	0	0.7.47.666762	0	0.003422912
201	0	0.7.47.6694	0	0.003422912
201	0	0.7.47.670317	0	0.003422912
201	0	0.7.47.671130	0	0.1245766
201	0	0.7.47.672533	0	0.1214024
201	0	0.7.47.675078	0	0.003422912
201	0	0.7.47.675353	0	0.003422912
201	0	0.7.47.678210	0	0.003422912
201	0	0.7.47.678263	0	0.1214024
201	0	0.7.47.678683	0	0.003422912
201	0	0.7.47.679077	0	0.003422912
201	0	0.7.47.679898	0	0.003422912
201	0	0.7.47.68014	0	0.003422912
201	0	0.7.47.681057	0	0.003422912
201	0	0.7.47.682563	0	0.003422912
201	0	0.7.47.682780	0	0.003422912
201	0	0.7.47.682898	0	0.003422912
201	0	0.7.47.683645	0	0.003422912
201	0	0.7.47.685077	0	0.003422912
201	0	0.7.47.685183	0	0.003422912
201	0	0.7.47.685305	0	0.003422912
201	0	0.7.47.685600	0	0.003422912
201	0	0.7.47.685869	0	0.003422912
201	0	0.7.47.686899	0	0.003422912
201	0	0.7.47.688001	0	0.003422912
201	0	0.7.47.688716	0	0.1214024
201	0	0.7.47.688904	0	0.1214024
201	0	0.7.47.690847	0	0.003422912
201	0	0.7.47.693055	0	0.003422912
201	0	0.7.47.693072	0	0.003422912
201	0	0.7.47.693890	0	0.003422912
201	0	0.7.47.694639	0	0.003422912
201	0	0.7.47.694886	0	0.003422912
201	0	0.7.47.697575	0	0.003422912
201	0	0.7.47.698190	0	0.003422912
201	0	0.7.47.698815	0	0.003422912
201	0	0.7.47.700262	0	0.1245766
201	0	0.7.47.700406	0	0.003422912
201	0	0.7.47.701925	0	0.003422912
201	0	0.7.47.702023	0	0.003422912
201	0	0.7.47.702515	0	0.003422912
201	0	0.7.47.704375	0	0.003422912
201	0	0.7.47.704960	0	0.003422912
201	0	0.7.47.705208	0	0.003422912
201	0	0.7.47.705598	0	0.1245766
201	0	0.7.47.707843	0	0.003422912
201	0	0.7.47.710379	0	0.003422912
201	0	0.7.47.710906	0	0.003422912
201	0	0.7.47.711769	0	0.003422912
201	0	0.7.47.712092	0	0.003422912
201	0	0.7.47.713482	0	0.1245766
201	0	0.7.47.714025	0	0.003422912
201	0	0.7.47.715342	0	0.1245766
201	0	0.7.47.715708	0	0.1621622
201	0	0.7.47.716022	0	0.003422912
201	0	0.7.47.718585	0	0.003422912
201	0	0.7.47.718642	0	0.003422912
201	0	0.7.47.718806	0	0.003422912
201	0	0.7.47.721627	0	0.003422912
201	0	0.7.47.723260	0	0.003422912
201	0	0.7.47.723422	0	0.003422912
201	0	0.7.47.723500	0	0.003422912
201	0	0.7.47.723579	0	0.003422912
201	0	0.7.47.723752	0	0.003422912
201	0	0.7.47.723765	0	0.003422912
201	0	0.7.47.724175	0	0.003422912
201	0	0.7.47.725371	0	0.003422912
201	0	0.7.47.725446	0	0.003422912
201	0	0.7.47.725781	0	0.003422912
201	0	0.7.47.726732	0	0.003422912
201	0	0.7.47.728234	0	0.003422912
201	0	0.7.47.728790	0	0.1245766
201	0	0.7.47.729230	0	0.003422912
201	0	0.7.47.731823	0	0.003422912
201	0	0.7.47.734733	0	0.003422912
201	0	0.7.47.736023	0	0.003422912
201	0	0.7.47.736361	0	0.003422912
201	0	0.7.47.736655	0	0.003422912
201	0	0.7.47.738041	0	0.003422912
201	0	0.7.47.740187	0	0.003422912
201	0	0.7.47.742936	0	0.003422912
201	0	0.7.47.749020	0	0.003422912
201	0	0.7.47.752143	0	0.003422912
201	0	0.7.47.752151	0	0.1621622
201	0	0.7.47.752216	0	0.003422912
201	0	0.7.47.753695	0	0.003422912
201	0	0.7.47.754439	0	0.003422912
201	0	0.7.47.756972	0	0.003422912
201	0	0.7.47.75754	0	0.003422912
201	0	0.7.47.758733	0	0.003422912
201	0	0.7.47.759419	0	0.003422912
201	0	0.7.47.760702	0	0.003422912
201	0	0.7.47.761314	0	0.003422912
201	0	0.7.47.762130	0	0.003422912
201	0	0.7.47.762385	0	0.003422912
201	0	0.7.47.76260	0	0.003422912
201	0	0.7.47.76379	0	0.003422912
201	0	0.7.47.76556	0	0.003422912
201	0	0.7.47.765649	0	0.003422912
201	0	0.7.47.765819	1	0.1542553
201	0	0.7.47.765918	1	0.1544503
201	0	0.7.47.766336	0	0.003422912
201	0	0.7.47.77355	0	0.003422912
201	0	0.7.47.78395	-1	0.003422912
201	0	0.7.47.788169	0	0.003422912
201	0	0.7.47.789268	0	0.003422912
201	0	0.7.47.79068	-1	0.003422912
201	0	0.7.47.791899	0	0.003422912
201	0	0.7.47.792863	0	0.003422912
201	0	0.7.47.794946	0	0.003422912
201	0	0.7.47.796913	0	0.003422912
201	0	0.7.47.797288	0	0.003422912
201	0	0.7.47.798063	0	0.003422912
201	0	0.7.47.798094	0	0.003422912
201	0	0.7.47.800478	0	0.003422912
201	0	0.7.47.801485	0	0.003422912
201	0	0.7.47.80341	-1	0.003422912
201	0	0.7.47.80629	0	0.003422912
201	0	0.7.47.808111	0	0.1245766
201	0	0.7.47.808433	0	0.003422912
201	0	0.7.47.809599	0	0.003422912
201	0	0.7.47.810128	0	0.003422912
201	0	0.7.47.810919	0	0.1245766
201	0	0.7.47.810932	0	0.003422912
201	0	0.7.47.811019	0	0.1245766
201	0	0.7.47.811311	0	0.1245766
201	0	0.7.47.811525	0	0.1245766
201	0	0.7.47.812024	0	0.003422912
201	0	0.7.47.812967	0	0.003422912
201	0	0.7.47.814068	0	0.1245766
201	0	0.7.47.814141	0	0.003422912
201	0	0.7.47.81455	0	0.003422912
201	0	0.7.47.814880	0	0.1245766
201	0	0.7.47.815834	0	0.003422912
201	0	0.7.47.816485	-1	0.1245766
201	0	0.7.47.817424	0	0.1245766
201	0	0.7.47.818268	0	0.1245766
201	0	0.7.47.820660	0	0.003422912
201	0	0.7.47.82101	0	0.003422912
201	0	0.7.47.821879	0	0.1245766
201	0	0.7.47.822535	0	0.1245766
201	0	0.7.47.823086	0	0.1245766
201	0	0.7.47.823103	0	0.1245766
201	0	0.7.47.823238	0	0.1245766
201	0	0.7.47.823480	0	0.003422912
201	0	0.7.47.823589	1	0.1290323
201	0	0.7.47.82471	0	0.003422912
201	0	0.7.47.825296	1	0.1542553
201	0	0.7.47.825432	1	0.1542553
201	0	0.7.47.825533	0	0.1245766
201	0	0.7.47.825665	1	0.1542553
201	0	0.7.47.825822	1	0.1542553
201	0	0.7.47.825871	1	0.1542553
201	0	0.7.47.826095	1	0.1544503
201	0	0.7.47.826099	1	0.1544503
201	0	0.7.47.826328	1	0.1542553
201	0	0.7.47.826614	0	0.003422912
201	0	0.7.47.826940	0	0.1245766
201	0	0.7.47.827391	1	0.1607516
201	0	0.7.47.827699	1	0.1607516
201	0	0.7.47.828603	0	0.1214024
201	0	0.7.47.828833	0	0.1245766
201	0	0.7.47.828870	0	0.003422912
201	0	0.7.47.831113	0	0.003422912
201	0	0.7.47.8316	0	0.003422912
201	0	0.7.47.832146	0	0.003422912
201	0	0.7.47.83339	0	0.003422912
201	0	0.7.47.833726	0	0.003422912
201	0	0.7.47.833947	0	0.003422912
201	0	0.7.47.83399	0	0.003422912
201	0	0.7.47.835577	0	0.003422912
201	0	0.7.47.837196	0	0.1214024
201	0	0.7.47.837533	0	0.003422912
201	0	0.7.47.838549	0	0.003422912
201	0	0.7.47.838736	0	0.1245766
201	0	0.7.47.838739	0	0.003422912
201	0	0.7.47.839340	0	0.1214024
201	0	0.7.47.839779	0	0.003422912
201	0	0.7.47.840322	0	0.003422912
201	0	0.7.47.84038	0	0.003422912
201	0	0.7.47.849425	0	0.003422912
201	0	0.7.47.849637	0	0.003422912
201	0	0.7.47.849906	0	0.003422912
201	0	0.7.47.850210	0	0.003422912
201	0	0.7.47.850500	0	0.003422912
201	0	0.7.47.850655	0	0.003422912
201	0	0.7.47.851964	0	0.003422912
201	0	0.7.47.851986	0	0.1214024
201	0	0.7.47.853011	0	0.1214024
201	0	0.7.47.853122	0	0.1214024
201	0	0.7.47.853361	0	0.003422912
201	0	0.7.47.853729	0	0.003422912
201	0	0.7.47.854014	0	0.003422912
201	0	0.7.47.854160	0	0.1214024
201	0	0.7.47.854541	0	0.1214024
201	0	0.7.47.854739	0	0.1214024
201	0	0.7.47.855111	0	0.1214024
201	0	0.7.47.856221	0	0.003422912
201	0	0.7.47.857515	0	0.003422912
201	0	0.7.47.857739	0	0.003422912
201	0	0.7.47.85831	0	0.003422912
201	0	0.7.47.85991	0	0.003422912
201	0	0.7.47.859969	0	0.003422912
201	0	0.7.47.861421	0	0.003422912
201	0	0.7.47.862262	0	0.003422912
201	0	0.7.47.863376	0	0.1214024
201	0	0.7.47.86339	0	0.003422912
201	0	0.7.47.864604	0	0.003422912
201	0	0.7.47.866153	0	0.003422912
201	0	0.7.47.866516	0	0.003422912
201	0	0.7.47.867013	0	0.003422912
201	0	0.7.47.867210	0	0.003422912
201	0	0.7.47.868930	0	0.003422912
201	0	0.7.47.869211	0	0.003422912
201	0	0.7.47.870479	0	0.003422912
201	0	0.7.47.870960	0	0.003422912
201	0	0.7.47.871601	0	0.003422912
201	0	0.7.47.871610	0	0.003422912
201	0	0.7.47.871652	0	0.003422912
201	0	0.7.47.87473	0	0.003422912
201	0	0.7.47.876189	0	0.1214024
201	0	0.7.47.876732	0	0.1214024
201	0	0.7.47.876776	0	0.003422912
201	0	0.7.47.876823	0	0.1214024
201	0	0.7.47.877791	0	0.003422912
201	0	0.7.47.877930	0	0.1214024
201	0	0.7.47.878059	0	0.1214024
201	0	0.7.47.878084	0	0.1214024
201	0	0.7.47.87817	0	0.003422912
201	0	0.7.47.88159	0	0.003422912
201	0	0.7.47.882159	0	0.003422912
201	0	0.7.47.883037	0	0.003422912
201	0	0.7.47.884100	0	0.003422912
201	0	0.7.47.884130	0	0.003422912
201	0	0.7.47.884408	0	0.003422912
201	0	0.7.47.884410	0	0.003422912
201	0	0.7.47.884571	0	0.003422912
201	0	0.7.47.886330	0	0.003422912
201	0	0.7.47.894327	0	0.003422912
201	0	0.7.47.895774	0	0.003422912
201	0	0.7.47.896223	0	0.003422912
201	0	0.7.47.898130	0	0.003422912
201	0	0.7.47.89832	0	0.003422912
201	0	0.7.47.898919	0	0.003422912
201	0	0.7.47.899355	0	0.003422912
201	0	0.7.47.901190	0	0.003422912
201	0	0.7.47.901729	0	0.003422912
201	0	0.7.47.90209	0	0.003422912
201	0	0.7.47.902115	0	0.003422912
201	0	0.7.47.904660	0	0.003422912
201	0	0.7.47.905865	0	0.003422912
201	0	0.7.47.906519	0	0.003422912
201	0	0.7.47.910704	0	0.003422912
201	0	0.7.47.91422	0	0.003422912
201	0	0.7.47.91528	0	0.003422912
201	0	0.7.47.916642	0	0.003422912
201	0	0.7.47.917413	0	0.003422912
201	0	0.7.47.918703	0	0.003422912
201	0	0.7.47.921010	0	0.003422912
201	0	0.7.47.921977	0	0.003422912
201	0	0.7.47.921996	0	0.003422912
201	0	0.7.47.923408	0	0.003422912
201	0	0.7.47.924246	0	0.003422912
201	0	0.7.47.924774	0	0.003422912
201	0	0.7.47.925353	0	0.003422912
201	0	0.7.47.925865	0	0.003422912
201	0	0.7.47.926009	0	0.003422912
201	0	0.7.47.927755	0	0.1214024
201	0	0.7.47.928044	0	0.003422912
201	0	0.7.47.929807	0	0.003422912
201	0	0.7.47.930	0	0.003422912
201	0	0.7.47.931022	0	0.003422912
201	0	0.7.47.935640	0	0.003422912
201	0	0.7.47.935753	0	0.003422912
201	0	0.7.47.935933	0	0.003422912
201	0	0.7.47.93640	0	0.003422912
201	0	0.7.47.93752	0	0.003422912
201	0	0.7.47.93794	0	0.1245766
201	0	0.7.47.938092	0	0.003422912
201	0	0.7.47.938385	0	0.003422912
201	0	0.7.47.938410	0	0.003422912
201	0	0.7.47.939260	0	0.003422912
201	0	0.7.47.94078	0	0.1245766
201	0	0.7.47.941014	0	0.003422912
201	0	0.7.47.941492	0	0.003422912
201	0	0.7.47.942204	0	0.003422912
201	0	0.7.47.942229	0	0.003422912
201	0	0.7.47.942364	0	0.003422912
201	0	0.7.47.942672	0	0.003422912
201	0	0.7.47.94303	0	0.1214024
201	0	0.7.47.943477	0	0.1214024
201	0	0.7.47.943566	0	0.1214024
201	0	0.7.47.94413	0	0.1214024
201	0	0.7.47.94414	0	0.1214024
201	0	0.7.47.944426	0	0.003422912
201	0	0.7.47.945712	0	0.003422912
201	0	0.7.47.945836	0	0.003422912
201	0	0.7.47.94650	0	0.1214024
201	0	0.7.47.94875	0	0.1245766
201	0	0.7.47.949416	0	0.1245766
201	0	0.7.47.949953	0	0.1245766
201	0	0.7.47.95309	0	0.003422912
201	0	0.7.47.953712	0	0.003422912
201	0	0.7.47.95458	0	0.003422912
201	0	0.7.47.954589	-1	0.003422912
201	0	0.7.47.955538	0	0.003422912
201	0	0.7.47.955744	0	0.003422912
201	0	0.7.47.955956	0	0.003422912
201	0	0.7.47.95670	0	0.1214024
201	0	0.7.47.956926	0	0.003422912
201	0	0.7.47.957301	0	0.003422912
201	0	0.7.47.95797	0	0.16
201	0	0.7.47.958831	0	0.003422912
201	0	0.7.47.959034	0	0.003422912
201	0	0.7.47.959911	0	0.003422912
201	0	0.7.47.96014	0	0.1214024
201	0	0.7.47.963077	0	0.1245766
201	0	0.7.47.963081	0	0.1245766
201	0	0.7.47.963093	0	0.1245766
201	0	0.7.47.964497	0	0.003422912
201	0	0.7.47.967224	0	0.003422912
201	0	0.7.47.969184	0	0.003422912
201	0	0.7.47.969918	0	0.1245766
201	0	0.7.47.970652	0	0.003422912
201	0	0.7.47.970712	-1	0.1245766
201	0	0.7.47.971350	0	0.003422912
201	0	0.7.47.973057	0	0.003422912
201	0	0.7.47.97354	-2	0.1214024
201	0	0.7.47.974323	0	0.003422912
201	0	0.7.47.974387	0	0.003422912
201	0	0.7.47.975777	0	0.003422912
201	0	0.7.47.976558	0	0.003422912
201	0	0.7.47.976756	0	0.003422912
201	0	0.7.47.976961	0	0.003422912
201	0	0.7.47.977426	0	0.003422912
201	0	0.7.47.977438	0	0.003422912
201	0	0.7.47.977926	0	0.003422912
201	0	0.7.47.97932	0	0.003422912
201	0	0.7.47.992350	0	0.003422912
201	0	0.7.47.992422	0	0.003422912
201	0	0.7.47.993041	0	0.003422912
201	0	0.7.47.993331	0	0.003422912
201	0	0.7.47.993445	0	0.003422912
201	0	0.7.47.994356	0	0.1214024
201	0	0.7.47.995161	0	0.003422912
201	0	0.7.47.995846	0	0.003422912
201	0	0.7.47.999419	0	0.003422912
201	0	0.7.47.999974	0	0.003422912
201	0	0.7.6.1009	0	0.1245766
201	0	0.7.6.10166	0	0.003422912
201	0	0.7.6.101923	0	0.003422912
201	0	0.7.6.102793	0	0.003422912
201	0	0.7.6.103813	0	0.003422912
201	0	0.7.6.103940	0	0.003422912
201	0	0.7.6.105808	0	0.003422912
201	0	0.7.6.106432	0	0.003422912
201	0	0.7.6.106482	0	0.003422912
201	0	0.7.6.107242	0	0.1214024
201	0	0.7.6.108357	0	0.003422912
201	0	0.7.6.108417	-2	0.003422912
201	0	0.7.6.108420	0	0.003422912
201	0	0.7.6.108580	0	0.003422912
201	0	0.7.6.108855	0	0.003422912
201	0	0.7.6.108907	0	0.003422912
201	0	0.7.6.108922	0	0.003422912
201	0	0.7.6.109110	0	0.003422912
201	0	0.7.6.109522	0	0.003422912
201	0	0.7.6.110817	0	0.003422912
201	0	0.7.6.110955	0	0.003422912
201	0	0.7.6.112038	0	0.003422912
201	0	0.7.6.112509	0	0.003422912
201	0	0.7.6.112961	0	0.1245766
201	0	0.7.6.113006	0	0.003422912
201	0	0.7.6.113235	1	0.1544503
201	0	0.7.6.113675	0	0.003422912
201	0	0.7.6.114953	0	0.003422912
201	0	0.7.6.115025	0	0.003422912
201	0	0.7.6.115648	0	0.1214024
201	0	0.7.6.116081	0	0.003422912
201	0	0.7.6.116501	0	0.1214024
201	0	0.7.6.116702	0	0.1214024
201	0	0.7.6.116985	0	0.1214024
201	0	0.7.6.117121	0	0.1214024
201	0	0.7.6.117146	0	0.1214024
201	0	0.7.6.118039	0	0.003422912
201	0	0.7.6.118094	0	0.003422912
201	0	0.7.6.118106	0	0.003422912
201	0	0.7.6.118507	0	0.003422912
201	0	0.7.6.118884	0	0.003422912
201	0	0.7.6.119145	0	0.003422912
201	0	0.7.6.120070	0	0.003422912
201	0	0.7.6.120145	0	0.003422912
201	0	0.7.6.120722	0	0.003422912
201	0	0.7.6.121	0	0.1245766
201	0	0.7.6.123457	0	0.003422912
201	0	0.7.6.123527	0	0.003422912
201	0	0.7.6.123629	0	0.1214024
201	0	0.7.6.123730	0	0.1214024
201	0	0.7.6.123809	0	0.1818182
201	0	0.7.6.123842	0	0.1214024
201	0	0.7.6.123906	0	0.1214024
201	0	0.7.6.123945	0	0.1214024
201	0	0.7.6.123947	0	0.1214024
201	0	0.7.6.124267	0	0.1245766
201	0	0.7.6.124284	0	0.003422912
201	0	0.7.6.125053	0	0.1458333
201	0	0.7.6.125437	0	0.1607516
201	0	0.7.6.126241	0	0.003422912
201	0	0.7.6.126322	0	0.003422912
201	0	0.7.6.127856	0	0.003422912
201	0	0.7.6.127924	0	0.003422912
201	0	0.7.6.127934	0	0.003422912
201	0	0.7.6.1280	0	0.1245766
201	0	0.7.6.1285	0	0.1245766
201	0	0.7.6.13	0	0.003422912
201	0	0.7.6.130358	0	0.003422912
201	0	0.7.6.130766	0	0.003422912
201	0	0.7.6.13133	0	0.003422912
201	0	0.7.6.13160	0	0.003422912
201	0	0.7.6.13225	0	0.1214024
201	0	0.7.6.13313	0	0.1214024
201	0	0.7.6.13314	0	0.1214024
201	0	0.7.6.133643	0	0.1245766
201	0	0.7.6.133737	0	0.003422912
201	0	0.7.6.13440	0	0.1214024
201	0	0.7.6.1346	0	0.1245766
201	0	0.7.6.13471	0	0.1214024
201	0	0.7.6.13480	0	0.1214024
201	0	0.7.6.13481	0	0.1214024
201	0	0.7.6.13535	0	0.003422912
201	0	0.7.6.135617	0	0.003422912
201	0	0.7.6.136085	0	0.003422912
201	0	0.7.6.136279	0	0.1607516
201	0	0.7.6.13669	0	0.003422912
201	0	0.7.6.1375	0	0.003422912
201	0	0.7.6.137813	0	0.003422912
201	0	0.7.6.137998	0	0.1245766
201	0	0.7.6.138289	0	0.003422912
201	0	0.7.6.138555	0	0.003422912
201	0	0.7.6.139002	0	0.003422912
201	0	0.7.6.139144	0	0.1245766
201	0	0.7.6.139275	0	0.003422912
201	0	0.7.6.140178	0	0.003422912
201	0	0.7.6.140367	0	0.1245766
201	0	0.7.6.142031	0	0.003422912
201	0	0.7.6.143016	0	0.003422912
201	0	0.7.6.143090	0	0.003422912
201	0	0.7.6.143594	0	0.003422912
201	0	0.7.6.143622	0	0.003422912
201	0	0.7.6.143698	-2	0.003422912
201	0	0.7.6.143818	0	0.1245766
201	0	0.7.6.144158	0	0.1245766
201	0	0.7.6.144536	0	0.1245766
201	0	0.7.6.144625	-1	0.1245766
201	0	0.7.6.144669	0	0.003422912
201	0	0.7.6.145138	0	0.003422912
201	0	0.7.6.1457	0	0.1245766
201	0	0.7.6.145763	0	0.1245766
201	0	0.7.6.146121	1	0.1621622
201	0	0.7.6.1475	0	0.1245766
201	0	0.7.6.148280	0	0.003422912
201	0	0.7.6.148332	0	0.003422912
201	0	0.7.6.148356	0	0.003422912
201	0	0.7.6.149134	0	0.003422912
201	0	0.7.6.149384	0	0.003422912
201	0	0.7.6.14956	0	0.003422912
201	0	0.7.6.149714	0	0.003422912
201	0	0.7.6.15038	0	0.003422912
201	0	0.7.6.150428	0	0.003422912
201	0	0.7.6.150581	0	0.003422912
201	0	0.7.6.150871	0	0.003422912
201	0	0.7.6.1526	0	0.1245766
201	0	0.7.6.152770	0	0.1621622
201	0	0.7.6.152895	0	0.003422912
201	0	0.7.6.153658	0	0.003422912
201	0	0.7.6.153751	0	0.003422912
201	0	0.7.6.153759	0	0.003422912
201	0	0.7.6.15389	0	0.003422912
201	0	0.7.6.154257	0	0.003422912
201	0	0.7.6.155337	0	0.003422912
201	0	0.7.6.155472	0	0.003422912
201	0	0.7.6.155500	0	0.003422912
201	0	0.7.6.155734	0	0.1214024
201	0	0.7.6.156462	0	0.003422912
201	0	0.7.6.156634	0	0.003422912
201	0	0.7.6.15920	0	0.003422912
201	0	0.7.6.16225	0	0.003422912
201	0	0.7.6.165096	0	0.003422912
201	0	0.7.6.165157	0	0.003422912
201	0	0.7.6.165178	0	0.003422912
201	0	0.7.6.166050	0	0.003422912
201	0	0.7.6.166367	0	0.003422912
201	0	0.7.6.167110	0	0.1245766
201	0	0.7.6.167157	0	0.1214024
201	0	0.7.6.167471	0	0.003422912
201	0	0.7.6.167975	0	0.003422912
201	0	0.7.6.168527	0	0.003422912
201	0	0.7.6.169989	0	0.003422912
201	0	0.7.6.170048	0	0.003422912
201	0	0.7.6.170880	0	0.003422912
201	0	0.7.6.171584	0	0.003422912
201	0	0.7.6.171657	0	0.003422912
201	0	0.7.6.171820	0	0.003422912
201	0	0.7.6.172362	0	0.003422912
201	0	0.7.6.172585	0	0.003422912
201	0	0.7.6.173495	0	0.003422912
201	0	0.7.6.173627	0	0.003422912
201	0	0.7.6.173717	0	0.003422912
201	0	0.7.6.173855	0	0.003422912
201	0	0.7.6.174734	0	0.003422912
201	0	0.7.6.175427	0	0.003422912
201	0	0.7.6.176129	0	0.003422912
201	0	0.7.6.176290	0	0.003422912
201	0	0.7.6.178465	0	0.003422912
201	0	0.7.6.178500	0	0.003422912
201	0	0.7.6.179326	0	0.003422912
201	0	0.7.6.179345	0	0.1214024
201	0	0.7.6.179488	0	0.003422912
201	0	0.7.6.1797	0	0.1245766
201	0	0.7.6.180766	0	0.003422912
201	0	0.7.6.18145	0	0.003422912
201	0	0.7.6.181526	0	0.003422912
201	0	0.7.6.181669	0	0.003422912
201	0	0.7.6.181954	0	0.003422912
201	0	0.7.6.181969	0	0.003422912
201	0	0.7.6.182042	0	0.003422912
201	0	0.7.6.182118	0	0.003422912
201	0	0.7.6.182213	0	0.003422912
201	0	0.7.6.182846	0	0.003422912
201	0	0.7.6.183663	0	0.003422912
201	0	0.7.6.185167	0	0.003422912
201	0	0.7.6.186024	0	0.003422912
201	0	0.7.6.1866	0	0.1245766
201	0	0.7.6.188922	0	0.003422912
201	0	0.7.6.188931	1	0.1544503
201	0	0.7.6.188981	1	0.1607516
201	0	0.7.6.1893	0	0.003422912
201	0	0.7.6.189521	0	0.003422912
201	0	0.7.6.189673	0	0.003422912
201	0	0.7.6.190051	0	0.003422912
201	0	0.7.6.190202	0	0.003422912
201	0	0.7.6.190314	0	0.003422912
201	0	0.7.6.1907	0	0.1245766
201	0	0.7.6.19212	0	0.003422912
201	0	0.7.6.192845	0	0.003422912
201	0	0.7.6.193018	0	0.003422912
201	0	0.7.6.193248	0	0.1607516
201	0	0.7.6.193275	0	0.003422912
201	0	0.7.6.193340	0	0.003422912
201	0	0.7.6.193387	0	0.003422912
201	0	0.7.6.193467	0	0.003422912
201	0	0.7.6.193478	0	0.003422912
201	0	0.7.6.194085	0	0.1458333
201	0	0.7.6.194480	0	0.003422912
201	0	0.7.6.196894	0	0.003422912
201	0	0.7.6.197369	0	0.003422912
201	0	0.7.6.197402	0	0.003422912
201	0	0.7.6.197429	0	0.003422912
201	0	0.7.6.198062	0	0.003422912
201	0	0.7.6.1985	0	0.1245766
201	0	0.7.6.1994	0	0.1245766
201	0	0.7.6.200200	0	0.1245766
201	0	0.7.6.2039	0	0.003422912
201	0	0.7.6.205305	0	0.003422912
201	0	0.7.6.206007	0	0.003422912
201	0	0.7.6.207210	0	0.003422912
201	0	0.7.6.207719	0	0.003422912
201	0	0.7.6.2080	0	0.1245766
201	0	0.7.6.208146	0	0.003422912
201	0	0.7.6.208150	0	0.003422912
201	0	0.7.6.208438	0	0.003422912
201	0	0.7.6.211181	0	0.003422912
201	0	0.7.6.211581	0	0.003422912
201	0	0.7.6.2134	0	0.1245766
201	0	0.7.6.217617	0	0.003422912
201	0	0.7.6.217944	0	0.003422912
201	0	0.7.6.218628	0	0.003422912
201	0	0.7.6.219540	0	0.1245766
201	0	0.7.6.219893	0	0.1245766
201	0	0.7.6.219971	0	0.003422912
201	0	0.7.6.220061	0	0.1245766
201	0	0.7.6.220087	0	0.1245766
201	0	0.7.6.220480	0	0.003422912
201	0	0.7.6.220695	0	0.003422912
201	0	0.7.6.221019	0	0.003422912
201	0	0.7.6.221111	0	0.003422912
201	0	0.7.6.221256	0	0.003422912
201	0	0.7.6.221595	0	0.003422912
201	0	0.7.6.22170	0	0.003422912
201	0	0.7.6.22673	0	0.003422912
201	0	0.7.6.228341	1	0.1542553
201	0	0.7.6.228392	1	0.1542553
201	0	0.7.6.228394	1	0.1542553
201	0	0.7.6.228403	1	0.1542553
201	0	0.7.6.228438	1	0.1584158
201	0	0.7.6.228445	1	0.1542553
201	0	0.7.6.228605	1	0.1542553
201	0	0.7.6.230318	0	0.003422912
201	0	0.7.6.230598	0	0.003422912
201	0	0.7.6.230887	0	0.003422912
201	0	0.7.6.23205	0	0.003422912
201	0	0.7.6.232126	0	0.003422912
201	0	0.7.6.232825	0	0.003422912
201	0	0.7.6.233166	0	0.003422912
201	0	0.7.6.23422	0	0.003422912
201	0	0.7.6.234421	0	0.003422912
201	0	0.7.6.234581	0	0.003422912
201	0	0.7.6.234598	0	0.003422912
201	0	0.7.6.234739	0	0.003422912
201	0	0.7.6.234944	0	0.003422912
201	0	0.7.6.235435	0	0.003422912
201	0	0.7.6.23611	0	0.003422912
201	0	0.7.6.236484	0	0.003422912
201	0	0.7.6.236681	0	0.003422912
201	0	0.7.6.2368	0	0.1245766
201	0	0.7.6.237171	0	0.003422912
201	0	0.7.6.237291	0	0.003422912
201	0	0.7.6.237748	0	0.003422912
201	0	0.7.6.238070	0	0.003422912
201	0	0.7.6.238123	0	0.003422912
201	0	0.7.6.238984	0	0.1458333
201	0	0.7.6.239382	0	0.003422912
201	0	0.7.6.239388	0	0.003422912
201	0	0.7.6.239723	-1	0.003422912
201	0	0.7.6.240143	0	0.003422912
201	0	0.7.6.240200	0	0.003422912
201	0	0.7.6.240405	0	0.003422912
201	0	0.7.6.240674	0	0.003422912
201	0	0.7.6.240750	0	0.003422912
201	0	0.7.6.24091	0	0.003422912
201	0	0.7.6.247	0	0.1245766
201	0	0.7.6.248347	0	0.003422912
201	0	0.7.6.248401	0	0.003422912
201	0	0.7.6.248428	0	0.003422912
201	0	0.7.6.248494	0	0.003422912
201	0	0.7.6.248582	0	0.003422912
201	0	0.7.6.248684	0	0.003422912
201	0	0.7.6.248711	0	0.003422912
201	0	0.7.6.248982	0	0.003422912
201	0	0.7.6.249066	-1	0.003422912
201	0	0.7.6.249150	-1	0.003422912
201	0	0.7.6.249185	-1	0.003422912
201	0	0.7.6.249408	0	0.003422912
201	0	0.7.6.249846	0	0.003422912
201	0	0.7.6.250330	0	0.003422912
201	0	0.7.6.250348	0	0.003422912
201	0	0.7.6.250371	0	0.003422912
201	0	0.7.6.250849	0	0.003422912
201	0	0.7.6.251174	0	0.003422912
201	0	0.7.6.251598	0	0.003422912
201	0	0.7.6.2518	0	0.1245766
201	0	0.7.6.252148	0	0.003422912
201	0	0.7.6.252185	0	0.003422912
201	0	0.7.6.252517	0	0.003422912
201	0	0.7.6.252526	0	0.003422912
201	0	0.7.6.252608	0	0.003422912
201	0	0.7.6.253038	1	0.1544503
201	0	0.7.6.253087	1	0.1607516
201	0	0.7.6.253092	-1	0.1607516
201	0	0.7.6.253104	1	0.1607516
201	0	0.7.6.253244	1	0.1607516
201	0	0.7.6.253281	1	0.1607516
201	0	0.7.6.253295	1	0.1607516
201	0	0.7.6.253312	1	0.1607516
201	0	0.7.6.253428	1	0.1607516
201	0	0.7.6.253432	1	0.1607516
201	0	0.7.6.253433	1	0.1607516
201	0	0.7.6.253644	1	0.1544503
201	0	0.7.6.253649	0	0.003422912
201	0	0.7.6.253756	1	0.1584158
201	0	0.7.6.253947	1	0.1584158
201	0	0.7.6.254316	0	0.003422912
201	0	0.7.6.254487	0	0.003422912
201	0	0.7.6.2548	0	0.003422912
201	0	0.7.6.254849	0	0.003422912
201	0	0.7.6.255005	1	0.1544503
201	0	0.7.6.255662	0	0.003422912
201	0	0.7.6.255849	0	0.1245766
201	0	0.7.6.256076	1	0.1584158
201	0	0.7.6.256621	0	0.003422912
201	0	0.7.6.257293	0	0.003422912
201	0	0.7.6.257393	0	0.003422912
201	0	0.7.6.257483	0	0.003422912
201	0	0.7.6.257613	0	0.003422912
201	0	0.7.6.259274	0	0.003422912
201	0	0.7.6.260106	0	0.003422912
201	0	0.7.6.260385	0	0.003422912
201	0	0.7.6.260405	0	0.003422912
201	0	0.7.6.260410	0	0.003422912
201	0	0.7.6.260440	0	0.003422912
201	0	0.7.6.2614	0	0.1245766
201	0	0.7.6.261896	0	0.003422912
201	0	0.7.6.2620	0	0.1245766
201	0	0.7.6.2627	0	0.1245766
201	0	0.7.6.263482	0	0.003422912
201	0	0.7.6.264091	0	0.003422912
201	0	0.7.6.264768	0	0.003422912
201	0	0.7.6.265443	0	0.003422912
201	0	0.7.6.266595	0	0.003422912
201	0	0.7.6.267847	0	0.003422912
201	0	0.7.6.268867	0	0.003422912
201	0	0.7.6.269019	0	0.003422912
201	0	0.7.6.271660	0	0.003422912
201	0	0.7.6.275080	0	0.003422912
201	0	0.7.6.275217	0	0.1245766
201	0	0.7.6.275404	0	0.1245766
201	0	0.7.6.275528	0	0.003422912
201	0	0.7.6.276071	0	0.1245766
201	0	0.7.6.276623	0	0.1245766
201	0	0.7.6.277016	0	0.003422912
201	0	0.7.6.277352	0	0.1245766
201	0	0.7.6.27785	0	0.003422912
201	0	0.7.6.278041	0	0.003422912
201	0	0.7.6.278457	0	0.003422912
201	0	0.7.6.281131	0	0.003422912
201	0	0.7.6.281273	0	0.003422912
201	0	0.7.6.281422	0	0.1245766
201	0	0.7.6.281481	0	0.1245766
201	0	0.7.6.28151	0	0.1245766
201	0	0.7.6.281870	0	0.003422912
201	0	0.7.6.283020	0	0.1245766
201	0	0.7.6.283663	0	0.1245766
201	0	0.7.6.283912	0	0.003422912
201	0	0.7.6.284146	0	0.003422912
201	0	0.7.6.284698	0	0.003422912
201	0	0.7.6.284721	0	0.1245766
201	0	0.7.6.285049	0	0.1245766
201	0	0.7.6.285518	0	0.003422912
201	0	0.7.6.285631	0	0.003422912
201	0	0.7.6.286039	0	0.003422912
201	0	0.7.6.28627	0	0.1214024
201	0	0.7.6.28635	0	0.1214024
201	0	0.7.6.286558	0	0.003422912
201	0	0.7.6.286610	0	0.1245766
201	0	0.7.6.287014	0	0.003422912
201	0	0.7.6.28866	0	0.1214024
201	0	0.7.6.288726	0	0.003422912
201	0	0.7.6.289101	0	0.1245766
201	0	0.7.6.289548	0	0.1245766
201	0	0.7.6.289592	0	0.1245766
201	0	0.7.6.290582	0	0.1245766
201	0	0.7.6.290915	0	0.003422912
201	0	0.7.6.29096	0	0.1214024
201	0	0.7.6.2912	0	0.1245766
201	0	0.7.6.292120	0	0.1245766
201	0	0.7.6.292277	0	0.1245766
201	0	0.7.6.29235	0	0.003422912
201	0	0.7.6.292414	0	0.1245766
201	0	0.7.6.293246	0	0.1544503
201	0	0.7.6.293269	0	0.1245766
201	0	0.7.6.293358	0	0.003422912
201	0	0.7.6.294787	0	0.1245766
201	0	0.7.6.294966	0	0.1245766
201	0	0.7.6.295139	0	0.1245766
201	0	0.7.6.295802	0	0.003422912
201	0	0.7.6.296455	0	0.003422912
201	0	0.7.6.297580	0	0.003422912
201	0	0.7.6.2982	0	0.1245766
201	0	0.7.6.298228	0	0.003422912
201	0	0.7.6.29845	0	0.003422912
201	0	0.7.6.29891	0	0.1214024
201	0	0.7.6.299100	0	0.003422912
201	0	0.7.6.301037	0	0.003422912
201	0	0.7.6.301220	0	0.003422912
201	0	0.7.6.30207	0	0.003422912
201	0	0.7.6.30317	0	0.003422912
201	0	0.7.6.30347	0	0.1214024
201	0	0.7.6.304006	0	0.003422912
201	0	0.7.6.304078	0	0.003422912
201	0	0.7.6.304503	0	0.003422912
201	0	0.7.6.304936	0	0.003422912
201	0	0.7.6.305072	0	0.003422912
201	0	0.7.6.305187	0	0.003422912
201	0	0.7.6.3054	0	0.003422912
201	0	0.7.6.305405	0	0.003422912
201	0	0.7.6.30556	0	0.003422912
201	0	0.7.6.30612	0	0.1214024
201	0	0.7.6.306272	0	0.003422912
201	0	0.7.6.306305	0	0.003422912
201	0	0.7.6.30696	0	0.003422912
201	0	0.7.6.307423	0	0.003422912
201	0	0.7.6.307549	0	0.003422912
201	0	0.7.6.307768	0	0.003422912
201	0	0.7.6.307973	0	0.003422912
201	0	0.7.6.308300	0	0.003422912
201	0	0.7.6.309178	0	0.003422912
201	0	0.7.6.310462	0	0.003422912
201	0	0.7.6.310594	0	0.003422912
201	0	0.7.6.310756	0	0.003422912
201	0	0.7.6.310859	0	0.003422912
201	0	0.7.6.3123	0	0.1245766
201	0	0.7.6.313603	0	0.1245766
201	0	0.7.6.313807	0	0.003422912
201	0	0.7.6.313870	0	0.003422912
201	0	0.7.6.314270	0	0.003422912
201	0	0.7.6.314289	0	0.003422912
201	0	0.7.6.315036	0	0.003422912
201	0	0.7.6.315080	0	0.003422912
201	0	0.7.6.315095	0	0.003422912
201	0	0.7.6.315665	0	0.003422912
201	0	0.7.6.316730	0	0.003422912
201	0	0.7.6.317101	0	0.003422912
201	0	0.7.6.317328	0	0.003422912
201	0	0.7.6.317648	0	0.003422912
201	0	0.7.6.318105	0	0.003422912
201	0	0.7.6.319516	0	0.003422912
201	0	0.7.6.319680	0	0.003422912
201	0	0.7.6.319687	0	0.003422912
201	0	0.7.6.320026	0	0.003422912
201	0	0.7.6.320252	0	0.1245766
201	0	0.7.6.320360	0	0.003422912
201	0	0.7.6.320408	0	0.003422912
201	0	0.7.6.323947	0	0.003422912
201	0	0.7.6.324137	0	0.003422912
201	0	0.7.6.32440	0	0.1214024
201	0	0.7.6.32452	0	0.1214024
201	0	0.7.6.32458	0	0.1214024
201	0	0.7.6.32495	0	0.1214024
201	0	0.7.6.32498	0	0.1214024
201	0	0.7.6.325087	0	0.1245766
201	0	0.7.6.325644	0	0.1245766
201	0	0.7.6.325711	0	0.1245766
201	0	0.7.6.325817	0	0.003422912
201	0	0.7.6.326522	0	0.003422912
201	0	0.7.6.326841	-1	0.003422912
201	0	0.7.6.327091	0	0.1245766
201	0	0.7.6.327129	0	0.003422912
201	0	0.7.6.327252	0	0.003422912
201	0	0.7.6.327523	0	0.003422912
201	0	0.7.6.327885	0	0.003422912
201	0	0.7.6.328177	0	0.003422912
201	0	0.7.6.328594	0	0.003422912
201	0	0.7.6.328758	0	0.003422912
201	0	0.7.6.328759	0	0.003422912
201	0	0.7.6.331868	0	0.003422912
201	0	0.7.6.333658	0	0.003422912
201	0	0.7.6.333870	0	0.003422912
201	0	0.7.6.334261	0	0.003422912
201	0	0.7.6.3343	0	0.1245766
201	0	0.7.6.33452	0	0.003422912
201	0	0.7.6.334529	0	0.003422912
201	0	0.7.6.3347	0	0.1245766
201	0	0.7.6.334942	0	0.003422912
201	0	0.7.6.335201	0	0.003422912
201	0	0.7.6.335218	0	0.003422912
201	0	0.7.6.335605	0	0.003422912
201	0	0.7.6.335617	0	0.003422912
201	0	0.7.6.336060	0	0.003422912
201	0	0.7.6.336530	0	0.003422912
201	0	0.7.6.337586	0	0.003422912
201	0	0.7.6.338090	0	0.003422912
201	0	0.7.6.338121	0	0.003422912
201	0	0.7.6.338157	0	0.003422912
201	0	0.7.6.338216	0	0.003422912
201	0	0.7.6.338303	0	0.003422912
201	0	0.7.6.338461	0	0.003422912
201	0	0.7.6.338532	0	0.003422912
201	0	0.7.6.339467	0	0.1245766
201	0	0.7.6.339576	0	0.1214024
201	0	0.7.6.339944	0	0.1214024
201	0	0.7.6.339962	0	0.1214024
201	0	0.7.6.339984	0	0.1245766
201	0	0.7.6.339990	1	0.1542553
201	0	0.7.6.340066	0	0.1214024
201	0	0.7.6.340477	0	0.003422912
201	0	0.7.6.34053	0	0.003422912
201	0	0.7.6.341199	0	0.003422912
201	0	0.7.6.341455	0	0.003422912
201	0	0.7.6.341521	0	0.1245766
201	0	0.7.6.341724	0	0.003422912
201	0	0.7.6.342125	0	0.003422912
201	0	0.7.6.342185	0	0.003422912
201	0	0.7.6.342302	0	0.003422912
201	0	0.7.6.34250	0	0.003422912
201	0	0.7.6.342679	0	0.1245766
201	0	0.7.6.344137	0	0.003422912
201	0	0.7.6.344750	0	0.003422912
201	0	0.7.6.345243	0	0.003422912
201	0	0.7.6.345245	0	0.003422912
201	0	0.7.6.345282	0	0.003422912
201	0	0.7.6.345415	0	0.003422912
201	0	0.7.6.345538	0	0.003422912
201	0	0.7.6.345769	0	0.003422912
201	0	0.7.6.345925	0	0.003422912
201	0	0.7.6.346092	0	0.1214024
201	0	0.7.6.346509	0	0.003422912
201	0	0.7.6.346625	0	0.003422912
201	0	0.7.6.346665	0	0.003422912
201	0	0.7.6.346698	0	0.003422912
201	0	0.7.6.346845	0	0.003422912
201	0	0.7.6.347268	0	0.16
201	0	0.7.6.347308	0	0.16
201	0	0.7.6.349066	0	0.003422912
201	0	0.7.6.349565	0	0.003422912
201	0	0.7.6.349903	0	0.003422912
201	0	0.7.6.350183	0	0.003422912
201	0	0.7.6.350825	0	0.003422912
201	0	0.7.6.351320	0	0.003422912
201	0	0.7.6.351975	1	0.003422912
201	0	0.7.6.352227	0	0.003422912
201	0	0.7.6.352268	0	0.003422912
201	0	0.7.6.352659	0	0.003422912
201	0	0.7.6.352852	0	0.003422912
201	0	0.7.6.353149	0	0.003422912
201	0	0.7.6.353339	0	0.003422912
201	0	0.7.6.354140	0	0.003422912
201	0	0.7.6.354692	0	0.003422912
201	0	0.7.6.354742	0	0.003422912
201	0	0.7.6.355612	0	0.003422912
201	0	0.7.6.355791	0	0.003422912
201	0	0.7.6.356360	0	0.003422912
201	0	0.7.6.356512	0	0.1245766
201	0	0.7.6.356517	0	0.003422912
201	0	0.7.6.357998	1	0.1607516
201	0	0.7.6.358655	0	0.003422912
201	0	0.7.6.359072	0	0.003422912
201	0	0.7.6.359603	0	0.003422912
201	0	0.7.6.359622	0	0.003422912
201	0	0.7.6.360503	0	0.003422912
201	0	0.7.6.360770	0	0.003422912
201	0	0.7.6.361108	0	0.003422912
201	0	0.7.6.362598	0	0.003422912
201	0	0.7.6.36334	0	0.003422912
201	0	0.7.6.3636	0	0.1245766
201	0	0.7.6.363869	0	0.003422912
201	0	0.7.6.364077	0	0.003422912
201	0	0.7.6.364122	0	0.003422912
201	0	0.7.6.364180	0	0.003422912
201	0	0.7.6.364589	0	0.003422912
201	0	0.7.6.364749	0	0.003422912
201	0	0.7.6.364852	0	0.003422912
201	0	0.7.6.365376	-1	0.003422912
201	0	0.7.6.3655	0	0.1245766
201	0	0.7.6.36555	0	0.1621622
201	0	0.7.6.365914	0	0.003422912
201	0	0.7.6.366143	0	0.003422912
201	0	0.7.6.366539	0	0.003422912
201	0	0.7.6.366685	0	0.003422912
201	0	0.7.6.367281	0	0.003422912
201	0	0.7.6.36729	1	0.1544503
201	0	0.7.6.367299	0	0.003422912
201	0	0.7.6.367651	0	0.003422912
201	0	0.7.6.368214	0	0.003422912
201	0	0.7.6.3687	0	0.1245766
201	0	0.7.6.368742	0	0.003422912
201	0	0.7.6.368837	0	0.003422912
201	0	0.7.6.3690	0	0.1245766
201	0	0.7.6.36915	0	0.003422912
201	0	0.7.6.369326	0	0.1458333
201	0	0.7.6.3696	0	0.003422912
201	0	0.7.6.369955	0	0.003422912
201	0	0.7.6.36999	0	0.003422912
201	0	0.7.6.371198	0	0.003422912
201	0	0.7.6.371271	0	0.1245766
201	0	0.7.6.371659	0	0.003422912
201	0	0.7.6.371787	0	0.1245766
201	0	0.7.6.3721	0	0.003422912
201	0	0.7.6.373087	0	0.003422912
201	0	0.7.6.374552	0	0.003422912
201	0	0.7.6.374645	0	0.003422912
201	0	0.7.6.375233	0	0.003422912
201	0	0.7.6.375324	0	0.003422912
201	0	0.7.6.376500	0	0.003422912
201	0	0.7.6.37699	0	0.1245766
201	0	0.7.6.37766	0	0.003422912
201	0	0.7.6.3777	0	0.1245766
201	0	0.7.6.3778	0	0.1245766
201	0	0.7.6.37788	0	0.1245766
201	0	0.7.6.37875	0	0.003422912
201	0	0.7.6.3811	0	0.1245766
201	0	0.7.6.38228	0	0.003422912
201	0	0.7.6.3830	0	0.1245766
201	0	0.7.6.385	0	0.1245766
201	0	0.7.6.38556	0	0.003422912
201	0	0.7.6.38657	0	0.003422912
201	0	0.7.6.387709	0	0.003422912
201	0	0.7.6.387907	1	0.1544503
201	0	0.7.6.388230	0	0.003422912
201	0	0.7.6.388872	0	0.003422912
201	0	0.7.6.389276	0	0.003422912
201	0	0.7.6.3898	0	0.1245766
201	0	0.7.6.389881	0	0.003422912
201	0	0.7.6.390052	0	0.1245766
201	0	0.7.6.390819	0	0.003422912
201	0	0.7.6.391059	0	0.003422912
201	0	0.7.6.391566	0	0.003422912
201	0	0.7.6.391645	0	0.003422912
201	0	0.7.6.392184	0	0.1245766
201	0	0.7.6.392193	0	0.003422912
201	0	0.7.6.392301	0	0.003422912
201	0	0.7.6.392498	0	0.003422912
201	0	0.7.6.392677	-1	0.003422912
201	0	0.7.6.392719	0	0.003422912
201	0	0.7.6.392871	0	0.003422912
201	0	0.7.6.393009	0	0.003422912
201	0	0.7.6.393389	0	0.003422912
201	0	0.7.6.393563	0	0.003422912
201	0	0.7.6.394649	0	0.003422912
201	0	0.7.6.398897	0	0.003422912
201	0	0.7.6.398962	0	0.003422912
201	0	0.7.6.399181	0	0.003422912
201	0	0.7.6.3992	0	0.003422912
201	0	0.7.6.399698	0	0.1245766
201	0	0.7.6.399753	0	0.1245766
201	0	0.7.6.399818	0	0.1245766
201	0	0.7.6.400371	0	0.003422912
201	0	0.7.6.400524	1	0.1542553
201	0	0.7.6.400582	1	0.1542553
201	0	0.7.6.400943	0	0.003422912
201	0	0.7.6.4012	0	0.1245766
201	0	0.7.6.401268	0	0.1245766
201	0	0.7.6.402110	0	0.003422912
201	0	0.7.6.402300	0	0.003422912
201	0	0.7.6.402866	0	0.003422912
201	0	0.7.6.403111	0	0.1245766
201	0	0.7.6.403347	-1	0.003422912
201	0	0.7.6.404055	-1	0.003422912
201	0	0.7.6.404299	-1	0.1245766
201	0	0.7.6.404673	0	0.1245766
201	0	0.7.6.404675	0	0.003422912
201	0	0.7.6.406460	1	0.1544503
201	0	0.7.6.406958	0	0.003422912
201	0	0.7.6.407048	0	0.003422912
201	0	0.7.6.407636	0	0.1245766
201	0	0.7.6.408524	1	0.1584158
201	0	0.7.6.408790	0	0.003422912
201	0	0.7.6.409116	0	0.003422912
201	0	0.7.6.409260	1	0.1542553
201	0	0.7.6.409426	0	0.003422912
201	0	0.7.6.409498	1	0.1544503
201	0	0.7.6.409602	1	0.1542553
201	0	0.7.6.410628	0	0.1245766
201	0	0.7.6.410739	0	0.003422912
201	0	0.7.6.411299	0	0.003422912
201	0	0.7.6.412795	0	0.003422912
201	0	0.7.6.413904	0	0.1245766
201	0	0.7.6.414400	0	0.003422912
201	0	0.7.6.414431	0	0.003422912
201	0	0.7.6.414809	0	0.003422912
201	0	0.7.6.415548	0	0.16
201	0	0.7.6.415589	0	0.003422912
201	0	0.7.6.415968	0	0.1245766
201	0	0.7.6.416115	0	0.1245766
201	0	0.7.6.416438	1	0.1544503
201	0	0.7.6.416448	0	0.003422912
201	0	0.7.6.417578	0	0.003422912
201	0	0.7.6.417875	0	0.003422912
201	0	0.7.6.4184	0	0.003422912
201	0	0.7.6.418759	0	0.003422912
201	0	0.7.6.419122	1	0.1544503
201	0	0.7.6.419265	0	0.003422912
201	0	0.7.6.419379	0	0.1214024
201	0	0.7.6.420705	0	0.003422912
201	0	0.7.6.420735	0	0.003422912
201	0	0.7.6.429214	0	0.003422912
201	0	0.7.6.429446	-1	0.003422912
201	0	0.7.6.429793	0	0.1245766
201	0	0.7.6.429890	0	0.003422912
201	0	0.7.6.431616	0	0.003422912
201	0	0.7.6.432289	0	0.003422912
201	0	0.7.6.432499	0	0.003422912
201	0	0.7.6.433481	0	0.003422912
201	0	0.7.6.433917	0	0.003422912
201	0	0.7.6.435620	0	0.003422912
201	0	0.7.6.435648	0	0.003422912
201	0	0.7.6.435769	0	0.003422912
201	0	0.7.6.4363	0	0.003422912
201	0	0.7.6.437957	0	0.003422912
201	0	0.7.6.438187	0	0.003422912
201	0	0.7.6.439110	0	0.1214024
201	0	0.7.6.439376	0	0.003422912
201	0	0.7.6.439425	0	0.1214024
201	0	0.7.6.439460	-1	0.003422912
201	0	0.7.6.439664	0	0.003422912
201	0	0.7.6.439723	0	0.1214024
201	0	0.7.6.439736	0	0.1214024
201	0	0.7.6.439760	0	0.1214024
201	0	0.7.6.439783	0	0.1214024
201	0	0.7.6.440778	0	0.003422912
201	0	0.7.6.441242	0	0.003422912
201	0	0.7.6.4419	0	0.1245766
201	0	0.7.6.442700	0	0.003422912
201	0	0.7.6.443166	0	0.003422912
201	0	0.7.6.443363	0	0.003422912
201	0	0.7.6.443378	0	0.003422912
201	0	0.7.6.443861	0	0.003422912
201	0	0.7.6.444730	0	0.003422912
201	0	0.7.6.446432	0	0.003422912
201	0	0.7.6.446480	0	0.003422912
201	0	0.7.6.446522	0	0.003422912
201	0	0.7.6.447316	0	0.003422912
201	0	0.7.6.450600	0	0.003422912
201	0	0.7.6.450621	0	0.1245766
201	0	0.7.6.452400	0	0.003422912
201	0	0.7.6.452930	0	0.003422912
201	0	0.7.6.453088	0	0.003422912
201	0	0.7.6.453131	0	0.003422912
201	0	0.7.6.453459	0	0.003422912
201	0	0.7.6.453521	0	0.003422912
201	0	0.7.6.457107	0	0.003422912
201	0	0.7.6.459375	0	0.1245766
201	0	0.7.6.459475	0	0.1245766
201	0	0.7.6.459785	0	0.003422912
201	0	0.7.6.460184	0	0.003422912
201	0	0.7.6.460836	0	0.003422912
201	0	0.7.6.460955	0	0.003422912
201	0	0.7.6.460978	0	0.003422912
201	0	0.7.6.462911	0	0.003422912
201	0	0.7.6.464048	0	0.003422912
201	0	0.7.6.464818	0	0.1245766
201	0	0.7.6.465676	0	0.003422912
201	0	0.7.6.466497	0	0.003422912
201	0	0.7.6.467	0	0.1245766
201	0	0.7.6.467186	0	0.003422912
201	0	0.7.6.467578	0	0.003422912
201	0	0.7.6.467696	0	0.003422912
201	0	0.7.6.468193	0	0.003422912
201	0	0.7.6.468274	0	0.003422912
201	0	0.7.6.468346	0	0.003422912
201	0	0.7.6.468607	0	0.003422912
201	0	0.7.6.468699	0	0.003422912
201	0	0.7.6.481796	0	0.003422912
201	0	0.7.6.482492	0	0.003422912
201	0	0.7.6.482549	0	0.003422912
201	0	0.7.6.483067	0	0.003422912
201	0	0.7.6.483188	0	0.003422912
201	0	0.7.6.4832	0	0.003422912
201	0	0.7.6.483312	-1	0.003422912
201	0	0.7.6.483347	-1	0.003422912
201	0	0.7.6.483808	0	0.003422912
201	0	0.7.6.484115	0	0.003422912
201	0	0.7.6.484138	0	0.003422912
201	0	0.7.6.484147	0	0.003422912
201	0	0.7.6.484902	0	0.003422912
201	0	0.7.6.485402	0	0.003422912
201	0	0.7.6.485789	0	0.003422912
201	0	0.7.6.486157	0	0.1214024
201	0	0.7.6.486425	1	0.1544503
201	0	0.7.6.486521	0	0.003422912
201	0	0.7.6.486578	0	0.003422912
201	0	0.7.6.486854	0	0.003422912
201	0	0.7.6.487224	0	0.003422912
201	0	0.7.6.487738	0	0.003422912
201	0	0.7.6.490485	0	0.003422912
201	0	0.7.6.490575	0	0.003422912
201	0	0.7.6.490732	-1	0.003422912
201	0	0.7.6.490853	-1	0.003422912
201	0	0.7.6.490867	-1	0.003422912
201	0	0.7.6.490948	-1	0.003422912
201	0	0.7.6.491032	-1	0.003422912
201	0	0.7.6.491202	0	0.003422912
201	0	0.7.6.493465	0	0.1245766
201	0	0.7.6.495748	0	0.003422912
201	0	0.7.6.496062	0	0.1607516
201	0	0.7.6.496434	0	0.003422912
201	0	0.7.6.496936	0	0.1245766
201	0	0.7.6.4985	0	0.003422912
201	0	0.7.6.498809	0	0.003422912
201	0	0.7.6.499793	0	0.003422912
201	0	0.7.6.500185	0	0.003422912
201	0	0.7.6.500409	0	0.003422912
201	0	0.7.6.503026	0	0.003422912
201	0	0.7.6.503050	0	0.003422912
201	0	0.7.6.504279	0	0.003422912
201	0	0.7.6.504444	0	0.003422912
201	0	0.7.6.504543	0	0.003422912
201	0	0.7.6.504902	0	0.003422912
201	0	0.7.6.504998	0	0.003422912
201	0	0.7.6.505019	0	0.003422912
201	0	0.7.6.505322	0	0.003422912
201	0	0.7.6.505544	0	0.003422912
201	0	0.7.6.505915	0	0.003422912
201	0	0.7.6.506045	0	0.003422912
201	0	0.7.6.506654	0	0.003422912
201	0	0.7.6.507170	0	0.003422912
201	0	0.7.6.507192	0	0.003422912
201	0	0.7.6.508332	0	0.003422912
201	0	0.7.6.515005	0	0.003422912
201	0	0.7.6.515023	0	0.003422912
201	0	0.7.6.515280	0	0.003422912
201	0	0.7.6.515422	0	0.1245766
201	0	0.7.6.515487	0	0.003422912
201	0	0.7.6.515660	0	0.003422912
201	0	0.7.6.516435	0	0.003422912
201	0	0.7.6.516847	0	0.003422912
201	0	0.7.6.517189	0	0.003422912
201	0	0.7.6.518	0	0.003422912
201	0	0.7.6.518007	0	0.003422912
201	0	0.7.6.518497	-1	0.003422912
201	0	0.7.6.519329	-1	0.003422912
201	0	0.7.6.519498	-1	0.003422912
201	0	0.7.6.520148	0	0.003422912
201	0	0.7.6.520199	0	0.1245766
201	0	0.7.6.520305	0	0.1245766
201	0	0.7.6.520317	0	0.003422912
201	0	0.7.6.522839	0	0.003422912
201	0	0.7.6.522849	0	0.003422912
201	0	0.7.6.522904	0	0.003422912
201	0	0.7.6.523448	0	0.003422912
201	0	0.7.6.524360	0	0.003422912
201	0	0.7.6.525066	1	0.1544503
201	0	0.7.6.525310	0	0.003422912
201	0	0.7.6.525311	0	0.1245766
201	0	0.7.6.526747	-1	0.1666667
201	0	0.7.6.526762	1	0.1607516
201	0	0.7.6.526789	1	0.1607516
201	0	0.7.6.526874	1	0.1607516
201	0	0.7.6.526918	1	0.1607516
201	0	0.7.6.526969	1	0.1607516
201	0	0.7.6.526971	1	0.1607516
201	0	0.7.6.527077	0	0.003422912
201	0	0.7.6.527468	0	0.1245766
201	0	0.7.6.527587	0	0.1245766
201	0	0.7.6.527740	1	0.1544503
201	0	0.7.6.527773	1	0.1607516
201	0	0.7.6.527899	1	0.1607516
201	0	0.7.6.528080	0	0.003422912
201	0	0.7.6.528483	0	0.003422912
201	0	0.7.6.528832	0	0.1245766
201	0	0.7.6.529097	0	0.1245766
201	0	0.7.6.529369	0	0.003422912
201	0	0.7.6.529675	1	0.1607516
201	0	0.7.6.529695	0	0.1245766
201	0	0.7.6.529748	0	0.1214024
201	0	0.7.6.529816	1	0.1607516
201	0	0.7.6.529848	1	0.1607516
201	0	0.7.6.529873	1	0.1544503
201	0	0.7.6.529877	0	0.1607516
201	0	0.7.6.529890	0	0.003422912
201	0	0.7.6.530005	1	0.1542553
201	0	0.7.6.530082	1	0.1607516
201	0	0.7.6.530089	1	0.1607516
201	0	0.7.6.530108	0	0.1245766
201	0	0.7.6.530298	0	0.003422912
201	0	0.7.6.530748	0	0.003422912
201	0	0.7.6.530762	1	0.1584158
201	0	0.7.6.530815	1	0.1290323
201	0	0.7.6.530819	0	0.003422912
201	0	0.7.6.530890	1	0.1666667
201	0	0.7.6.530896	0	0.1245766
201	0	0.7.6.530970	1	0.1584158
201	0	0.7.6.531768	0	0.1214024
201	0	0.7.6.531771	0	0.003422912
201	0	0.7.6.533141	0	0.003422912
201	0	0.7.6.533360	0	0.003422912
201	0	0.7.6.533515	0	0.003422912
201	0	0.7.6.534909	0	0.003422912
201	0	0.7.6.535420	0	0.1607516
201	0	0.7.6.535706	0	0.1245766
201	0	0.7.6.535746	0	0.003422912
201	0	0.7.6.537253	1	0.1607516
201	0	0.7.6.537269	1	0.1607516
201	0	0.7.6.537444	0	0.003422912
201	0	0.7.6.537530	0	0.003422912
201	0	0.7.6.537531	0	0.003422912
201	0	0.7.6.537967	0	0.003422912
201	0	0.7.6.538050	0	0.1245766
201	0	0.7.6.538094	1	0.1544503
201	0	0.7.6.538266	-2	0.1544503
201	0	0.7.6.538382	0	0.1245766
201	0	0.7.6.538386	1	0.1544503
201	0	0.7.6.538941	0	0.003422912
201	0	0.7.6.539389	0	0.1214024
201	0	0.7.6.539749	0	0.003422912
201	0	0.7.6.540127	0	0.003422912
201	0	0.7.6.540155	0	0.003422912
201	0	0.7.6.540675	1	0.1544503
201	0	0.7.6.540989	0	0.1245766
201	0	0.7.6.547491	0	0.003422912
201	0	0.7.6.548871	0	0.1214024
201	0	0.7.6.549994	0	0.003422912
201	0	0.7.6.551570	0	0.003422912
201	0	0.7.6.551714	0	0.003422912
201	0	0.7.6.551997	0	0.003422912
201	0	0.7.6.552295	0	0.003422912
201	0	0.7.6.552864	0	0.003422912
201	0	0.7.6.552868	0	0.003422912
201	0	0.7.6.553097	0	0.003422912
201	0	0.7.6.553105	0	0.003422912
201	0	0.7.6.553760	0	0.003422912
201	0	0.7.6.553964	0	0.003422912
201	0	0.7.6.554159	0	0.003422912
201	0	0.7.6.554174	0	0.003422912
201	0	0.7.6.554334	0	0.003422912
201	0	0.7.6.554508	0	0.003422912
201	0	0.7.6.555855	0	0.003422912
201	0	0.7.6.556153	0	0.003422912
201	0	0.7.6.557244	0	0.003422912
201	0	0.7.6.558066	0	0.003422912
201	0	0.7.6.559025	0	0.003422912
201	0	0.7.6.560165	-1	0.003422912
201	0	0.7.6.561627	-1	0.003422912
201	0	0.7.6.562283	-1	0.003422912
201	0	0.7.6.5625	0	0.003422912
201	0	0.7.6.563353	-1	0.003422912
201	0	0.7.6.5694	0	0.003422912
201	0	0.7.6.569558	0	0.1245766
201	0	0.7.6.571746	0	0.003422912
201	0	0.7.6.573331	0	0.003422912
201	0	0.7.6.573712	0	0.003422912
201	0	0.7.6.576077	0	0.003422912
201	0	0.7.6.576835	0	0.003422912
201	0	0.7.6.579884	0	0.003422912
201	0	0.7.6.581530	0	0.003422912
201	0	0.7.6.582925	0	0.003422912
201	0	0.7.6.583511	0	0.003422912
201	0	0.7.6.587927	0	0.003422912
201	0	0.7.6.588283	0	0.003422912
201	0	0.7.6.591095	0	0.1245766
201	0	0.7.6.596380	0	0.003422912
201	0	0.7.6.597197	0	0.003422912
201	0	0.7.6.598902	0	0.003422912
201	0	0.7.6.601104	0	0.003422912
201	0	0.7.6.601330	0	0.003422912
201	0	0.7.6.60394	0	0.003422912
201	0	0.7.6.60406	0	0.003422912
201	0	0.7.6.604072	0	0.003422912
201	0	0.7.6.604611	0	0.003422912
201	0	0.7.6.60719	0	0.003422912
201	0	0.7.6.608608	0	0.003422912
201	0	0.7.6.61295	0	0.003422912
201	0	0.7.6.61357	0	0.003422912
201	0	0.7.6.61370	0	0.003422912
201	0	0.7.6.61377	0	0.003422912
201	0	0.7.6.616493	0	0.003422912
201	0	0.7.6.61744	0	0.003422912
201	0	0.7.6.618752	0	0.003422912
201	0	0.7.6.619996	0	0.003422912
201	0	0.7.6.62014	0	0.003422912
201	0	0.7.6.62116	0	0.1214024
201	0	0.7.6.621415	0	0.003422912
201	0	0.7.6.624390	0	0.003422912
201	0	0.7.6.625361	0	0.1214024
201	0	0.7.6.625397	0	0.003422912
201	0	0.7.6.626331	0	0.003422912
201	0	0.7.6.626512	0	0.003422912
201	0	0.7.6.627634	0	0.003422912
201	0	0.7.6.628287	0	0.003422912
201	0	0.7.6.62835	0	0.003422912
201	0	0.7.6.62839	0	0.003422912
201	0	0.7.6.628652	0	0.003422912
201	0	0.7.6.628663	0	0.003422912
201	0	0.7.6.628691	0	0.1214024
201	0	0.7.6.628857	0	0.003422912
201	0	0.7.6.63002	0	0.003422912
201	0	0.7.6.630392	0	0.4285714
201	0	0.7.6.630485	0	0.003422912
201	0	0.7.6.630784	0	0.003422912
201	0	0.7.6.630893	0	0.003422912
201	0	0.7.6.630992	0	0.003422912
201	0	0.7.6.63134	0	0.003422912
201	0	0.7.6.63322	0	0.003422912
201	0	0.7.6.63350	0	0.003422912
201	0	0.7.6.63413	0	0.003422912
201	0	0.7.6.63438	0	0.003422912
201	0	0.7.6.64125	0	0.1214024
201	0	0.7.6.64345	0	0.003422912
201	0	0.7.6.64417	0	0.003422912
201	0	0.7.6.64624	0	0.1214024
201	0	0.7.6.65237	0	0.003422912
201	0	0.7.6.663947	1	0.1584158
201	0	0.7.6.664012	0	0.003422912
201	0	0.7.6.664356	0	0.003422912
201	0	0.7.6.664736	0	0.003422912
201	0	0.7.6.664944	0	0.003422912
201	0	0.7.6.664951	0	0.003422912
201	0	0.7.6.664977	0	0.003422912
201	0	0.7.6.665049	0	0.003422912
201	0	0.7.6.665187	1	0.1544503
201	0	0.7.6.665193	1	0.1607516
201	0	0.7.6.665474	0	0.003422912
201	0	0.7.6.665590	0	0.1245766
201	0	0.7.6.665628	0	0.003422912
201	0	0.7.6.665665	0	0.1245766
201	0	0.7.6.666003	0	0.003422912
201	0	0.7.6.666167	0	0.1214024
201	0	0.7.6.666188	0	0.1214024
201	0	0.7.6.666303	0	0.1245766
201	0	0.7.6.666706	0	0.003422912
201	0	0.7.6.667362	1	0.1544503
201	0	0.7.6.669382	0	0.1245766
201	0	0.7.6.669743	0	0.003422912
201	0	0.7.6.67056	0	0.003422912
201	0	0.7.6.670965	0	0.003422912
201	0	0.7.6.67232	0	0.003422912
201	0	0.7.6.672999	-1	0.003422912
201	0	0.7.6.673462	-1	0.003422912
201	0	0.7.6.675993	0	0.003422912
201	0	0.7.6.676000	0	0.003422912
201	0	0.7.6.676556	0	0.003422912
201	0	0.7.6.676671	0	0.003422912
201	0	0.7.6.676740	0	0.003422912
201	0	0.7.6.677102	0	0.1245766
201	0	0.7.6.679050	0	0.003422912
201	0	0.7.6.679842	0	0.003422912
201	0	0.7.6.680504	0	0.003422912
201	0	0.7.6.681253	0	0.003422912
201	0	0.7.6.682587	0	0.003422912
201	0	0.7.6.683523	0	0.003422912
201	0	0.7.6.683956	0	0.1245766
201	0	0.7.6.690083	0	0.003422912
201	0	0.7.6.690150	0	0.1245766
201	0	0.7.6.690226	0	0.003422912
201	0	0.7.6.69232	0	0.003422912
201	0	0.7.6.692448	0	0.1245766
201	0	0.7.6.692883	0	0.1245766
201	0	0.7.6.692964	0	0.003422912
201	0	0.7.6.693089	0	0.003422912
201	0	0.7.6.693564	0	0.1621622
201	0	0.7.6.694489	0	0.003422912
201	0	0.7.6.696010	0	0.003422912
201	0	0.7.6.696473	0	0.003422912
201	0	0.7.6.696785	0	0.1245766
201	0	0.7.6.69716	0	0.003422912
201	0	0.7.6.697368	1	0.1607516
201	0	0.7.6.69771	0	0.003422912
201	0	0.7.6.697898	0	0.1245766
201	0	0.7.6.698092	0	0.003422912
201	0	0.7.6.69817	0	0.003422912
201	0	0.7.6.698719	0	0.003422912
201	0	0.7.6.699187	0	0.003422912
201	0	0.7.6.699272	0	0.1245766
201	0	0.7.6.699385	0	0.003422912
201	0	0.7.6.700951	0	0.003422912
201	0	0.7.6.701133	0	0.003422912
201	0	0.7.6.702363	0	0.003422912
201	0	0.7.6.702407	0	0.003422912
201	0	0.7.6.702786	0	0.003422912
201	0	0.7.6.702961	0	0.003422912
201	0	0.7.6.703344	0	0.003422912
201	0	0.7.6.704155	0	0.003422912
201	0	0.7.6.704725	0	0.003422912
201	0	0.7.6.704739	0	0.003422912
201	0	0.7.6.704758	0	0.003422912
201	0	0.7.6.704945	0	0.003422912
201	0	0.7.6.705255	0	0.003422912
201	0	0.7.6.705425	0	0.003422912
201	0	0.7.6.707206	0	0.003422912
201	0	0.7.6.707737	0	0.003422912
201	0	0.7.6.708315	0	0.003422912
201	0	0.7.6.70909	0	0.003422912
201	0	0.7.6.709253	0	0.003422912
201	0	0.7.6.709550	0	0.003422912
201	0	0.7.6.709797	0	0.003422912
201	0	0.7.6.709908	0	0.1621622
201	0	0.7.6.710218	0	0.003422912
201	0	0.7.6.710551	0	0.003422912
201	0	0.7.6.711291	0	0.003422912
201	0	0.7.6.711392	0	0.1245766
201	0	0.7.6.711966	0	0.003422912
201	0	0.7.6.712206	0	0.003422912
201	0	0.7.6.712319	0	0.003422912
201	0	0.7.6.716564	0	0.1245766
201	0	0.7.6.71754	0	0.003422912
201	0	0.7.6.719036	0	0.003422912
201	0	0.7.6.722046	0	0.1214024
201	0	0.7.6.722277	0	0.003422912
201	0	0.7.6.722341	0	0.1621622
201	0	0.7.6.723062	0	0.003422912
201	0	0.7.6.723901	0	0.003422912
201	0	0.7.6.725070	-1	0.003422912
201	0	0.7.6.72536	0	0.003422912
201	0	0.7.6.725485	0	0.003422912
201	0	0.7.6.727172	0	0.003422912
201	0	0.7.6.728225	0	0.003422912
201	0	0.7.6.729414	0	0.003422912
201	0	0.7.6.729689	0	0.003422912
201	0	0.7.6.730279	0	0.003422912
201	0	0.7.6.730391	0	0.003422912
201	0	0.7.6.733278	0	0.003422912
201	0	0.7.6.733567	0	0.003422912
201	0	0.7.6.736014	0	0.003422912
201	0	0.7.6.736036	0	0.003422912
201	0	0.7.6.736963	0	0.003422912
201	0	0.7.6.737484	0	0.003422912
201	0	0.7.6.737678	0	0.003422912
201	0	0.7.6.738071	0	0.003422912
201	0	0.7.6.738431	0	0.003422912
201	0	0.7.6.74015	0	0.1214024
201	0	0.7.6.742395	0	0.003422912
201	0	0.7.6.743400	0	0.003422912
201	0	0.7.6.744142	0	0.003422912
201	0	0.7.6.744294	0	0.003422912
201	0	0.7.6.745522	0	0.003422912
201	0	0.7.6.747033	0	0.003422912
201	0	0.7.6.747229	0	0.003422912
201	0	0.7.6.747371	0	0.003422912
201	0	0.7.6.747667	-1	0.003422912
201	0	0.7.6.749	0	0.1245766
201	0	0.7.6.749008	0	0.003422912
201	0	0.7.6.749119	0	0.003422912
201	0	0.7.6.751306	0	0.003422912
201	0	0.7.6.751537	0	0.003422912
201	0	0.7.6.753814	0	0.1214024
201	0	0.7.6.753905	0	0.1607516
201	0	0.7.6.755199	0	0.1214024
201	0	0.7.6.755391	0	0.003422912
201	0	0.7.6.756553	-1	0.1607516
201	0	0.7.6.75661	0	0.003422912
201	0	0.7.6.756755	1	0.1544503
201	0	0.7.6.756760	1	0.1607516
201	0	0.7.6.756817	0	0.003422912
201	0	0.7.6.757022	1	0.1544503
201	0	0.7.6.757078	0	0.1607516
201	0	0.7.6.757109	0	0.003422912
201	0	0.7.6.757118	0	0.003422912
201	0	0.7.6.757516	0	0.003422912
201	0	0.7.6.758131	0	0.003422912
201	0	0.7.6.758610	0	0.003422912
201	0	0.7.6.75866	0	0.1214024
201	0	0.7.6.75875	0	0.1214024
201	0	0.7.6.75891	0	0.1214024
201	0	0.7.6.759699	1	0.1544503
201	0	0.7.6.759748	1	0.1544503
201	0	0.7.6.759749	1	0.1544503
201	0	0.7.6.76057	0	0.1214024
201	0	0.7.6.761739	0	0.003422912
201	0	0.7.6.762464	-1	0.003422912
201	0	0.7.6.762552	-1	0.003422912
201	0	0.7.6.763093	0	0.003422912
201	0	0.7.6.763587	0	0.003422912
201	0	0.7.6.764209	0	0.003422912
201	0	0.7.6.764455	0	0.003422912
201	0	0.7.6.764774	0	0.003422912
201	0	0.7.6.766448	0	0.003422912
201	0	0.7.6.766484	0	0.003422912
201	0	0.7.6.76662	0	0.003422912
201	0	0.7.6.767079	0	0.003422912
201	0	0.7.6.767241	0	0.003422912
201	0	0.7.6.768706	0	0.003422912
201	0	0.7.6.770109	0	0.003422912
201	0	0.7.6.770146	0	0.003422912
201	0	0.7.6.771735	0	0.003422912
201	0	0.7.6.771817	-1	0.003422912
201	0	0.7.6.773109	0	0.1214024
201	0	0.7.6.77330	0	0.1214024
201	0	0.7.6.77336	0	0.1214024
201	0	0.7.6.77814	0	0.003422912
201	0	0.7.6.77976	0	0.003422912
201	0	0.7.6.78082	0	0.1214024
201	0	0.7.6.78663	0	0.003422912
201	0	0.7.6.788	0	0.1245766
201	0	0.7.6.78899	0	0.003422912
201	0	0.7.6.79086	1	0.1544503
201	0	0.7.6.79092	0	0.1544503
201	0	0.7.6.79146	0	0.1544503
201	0	0.7.6.79174	0	0.003422912
201	0	0.7.6.79175	0	0.003422912
201	0	0.7.6.79552	0	0.003422912
201	0	0.7.6.79913	0	0.003422912
201	0	0.7.6.8085	0	0.003422912
201	0	0.7.6.81108	0	0.003422912
201	0	0.7.6.81510	0	0.003422912
201	0	0.7.6.81611	0	0.003422912
201	0	0.7.6.81644	0	0.1214024
201	0	0.7.6.81692	0	0.1214024
201	0	0.7.6.81706	0	0.1214024
201	0	0.7.6.81736	0	0.1214024
201	0	0.7.6.81739	0	0.1214024
201	0	0.7.6.81742	0	0.1214024
201	0	0.7.6.81813	0	0.1544503
201	0	0.7.6.81897	0	0.003422912
201	0	0.7.6.81944	0	0.1214024
201	0	0.7.6.82091	0	0.1214024
201	0	0.7.6.82136	0	0.1214024
201	0	0.7.6.82156	0	0.1214024
201	0	0.7.6.82179	0	0.1214024
201	0	0.7.6.82182	0	0.1214024
201	0	0.7.6.82358	0	0.003422912
201	0	0.7.6.82471	0	0.003422912
201	0	0.7.6.825	0	0.003422912
201	0	0.7.6.83630	0	0.003422912
201	0	0.7.6.83804	0	0.003422912
201	0	0.7.6.83993	0	0.1214024
201	0	0.7.6.84359	0	0.003422912
201	0	0.7.6.84390	0	0.003422912
201	0	0.7.6.84460	0	0.003422912
201	0	0.7.6.8470	0	0.003422912
201	0	0.7.6.84703	0	0.003422912
201	0	0.7.6.85077	0	0.003422912
201	0	0.7.6.85130	0	0.003422912
201	0	0.7.6.87150	0	0.1214024
201	0	0.7.6.8716	0	0.003422912
201	0	0.7.6.87479	0	0.003422912
201	0	0.7.6.88782	0	0.003422912
201	0	0.7.6.88815	0	0.003422912
201	0	0.7.6.88862	0	0.003422912
201	0	0.7.6.89	0	0.003422912
201	0	0.7.6.89055	0	0.003422912
201	0	0.7.6.90030	0	0.003422912
201	0	0.7.6.90286	0	0.003422912
201	0	0.7.6.92010	0	0.003422912
201	0	0.7.6.92083	0	0.1214024
201	0	0.7.6.92107	0	0.1214024
201	0	0.7.6.92143	0	0.1214024
201	0	0.7.6.92222	0	0.003422912
201	0	0.7.6.92300	0	0.1214024
201	0	0.7.6.92302	0	0.1214024
201	0	0.7.6.92381	0	0.1214024
201	0	0.7.6.92673	0	0.003422912
201	0	0.7.6.92740	0	0.003422912
201	0	0.7.6.93358	0	0.003422912
201	0	0.7.6.93384	0	0.1214024
201	0	0.7.6.93572	0	0.1214024
201	0	0.7.6.93600	0	0.1214024
201	0	0.7.6.93627	0	0.1214024
201	0	0.7.6.93634	0	0.1214024
201	0	0.7.6.93641	0	0.1214024
201	0	0.7.6.93642	0	0.1214024
201	0	0.7.6.93666	0	0.1214024
201	0	0.7.6.93677	0	0.1214024
201	0	0.7.6.93859	0	0.003422912
201	0	0.7.6.941	0	0.1245766
201	0	0.7.6.94161	0	0.003422912
201	0	0.7.6.94363	0	0.003422912
201	0	0.7.6.94568	0	0.003422912
201	0	0.7.6.95037	0	0.003422912
201	0	0.7.6.95185	0	0.003422912
201	0	0.7.6.95825	1	0.1214024
201	0	0.7.6.96167	0	0.003422912
201	0	0.7.6.96382	0	0.003422912
201	0	0.7.6.98106	0	0.1214024
201	0	0.7.6.98131	0	0.1214024
201	0	0.7.6.98373	0	0.1214024
201	0	0.7.6.98658	0	0.003422912
201	0	0.7.6.9866	0	0.003422912
202	0	0.7.47.1005293	0	0.004607487
202	0	0.7.47.1005642	0	0.2342758
202	0	0.7.47.1006277	0	0.2342758
202	0	0.7.47.1006299	0	0.004607487
202	0	0.7.47.1006721	0	0.004607487
202	0	0.7.47.1007235	0	0.004607487
202	0	0.7.47.1007496	0	0.004607487
202	0	0.7.47.100792	0	0.004607487
202	0	0.7.47.1007925	0	0.004607487
202	0	0.7.47.1007952	0	0.004607487
202	0	0.7.47.1008329	-1	0.2342758
202	0	0.7.47.1008468	0	0.004607487
202	0	0.7.47.1008904	0	0.004607487
202	0	0.7.47.1009012	0	0.004607487
202	0	0.7.47.1009136	0	0.004607487
202	0	0.7.47.1009361	0	0.004607487
202	0	0.7.47.1009485	0	0.004607487
202	0	0.7.47.1009686	0	0.004607487
202	0	0.7.47.1017	0	0.004607487
202	0	0.7.47.1017602	0	0.004607487
202	0	0.7.47.1017632	0	0.004607487
202	0	0.7.47.1017642	0	0.004607487
202	0	0.7.47.1017888	1	0.2342758
202	0	0.7.47.1017962	0	0.004607487
202	0	0.7.47.1018786	0	0.004607487
202	0	0.7.47.1019854	0	0.004607487
202	0	0.7.47.1020003	0	0.004607487
202	0	0.7.47.1020004	0	0.004607487
202	0	0.7.47.1020474	0	0.2342758
202	0	0.7.47.1021054	0	0.004607487
202	0	0.7.47.1021098	0	0.004607487
202	0	0.7.47.1021171	0	0.004607487
202	0	0.7.47.1021391	0	0.004607487
202	0	0.7.47.1021503	0	0.004607487
202	0	0.7.47.1022065	0	0.004607487
202	0	0.7.47.1022537	1	0.2349112
202	0	0.7.47.1023116	0	0.004607487
202	0	0.7.47.1023535	0	0.2342758
202	0	0.7.47.1024404	0	0.004607487
202	0	0.7.47.1025004	0	0.004607487
202	0	0.7.47.1025818	0	0.004607487
202	0	0.7.47.1025997	0	0.004607487
202	0	0.7.47.1026497	0	0.004607487
202	0	0.7.47.1026761	0	0.004607487
202	0	0.7.47.1026774	1	0.2349112
202	0	0.7.47.1026808	1	0.2349112
202	0	0.7.47.1026853	1	0.2349112
202	0	0.7.47.1027083	1	0.2349112
202	0	0.7.47.1027109	1	0.2349112
202	0	0.7.47.1027234	1	0.2349112
202	0	0.7.47.1027272	1	0.2349112
202	0	0.7.47.1027365	0	0.004607487
202	0	0.7.47.1027479	0	0.004607487
202	0	0.7.47.1027482	1	0.2349112
202	0	0.7.47.1027565	1	0.2349112
202	0	0.7.47.1027722	1	0.2349112
202	0	0.7.47.1027812	1	0.2416158
202	0	0.7.47.1027814	1	0.2416158
202	0	0.7.47.1027819	0	0.2416158
202	0	0.7.47.1027831	1	0.2416158
202	0	0.7.47.1027945	1	0.2416158
202	0	0.7.47.1027946	1	0.2416158
202	0	0.7.47.1027947	1	0.2416158
202	0	0.7.47.1027962	1	0.2349112
202	0	0.7.47.1027966	1	0.2416158
202	0	0.7.47.1028027	1	0.2349112
202	0	0.7.47.1028123	1	0.2342758
202	0	0.7.47.1028152	1	0.2342758
202	0	0.7.47.1028387	0	0.004607487
202	0	0.7.47.1028439	1	0.2349112
202	0	0.7.47.1028523	1	0.2416158
202	0	0.7.47.1028569	1	0.2416158
202	0	0.7.47.1028608	1	0.2349112
202	0	0.7.47.1028754	1	0.2342758
202	0	0.7.47.1028765	1	0.2342758
202	0	0.7.47.1029220	1	0.2349112
202	0	0.7.47.1029636	0	0.2342758
202	0	0.7.47.1029670	0	0.004607487
202	0	0.7.47.1029832	0	0.004607487
202	0	0.7.47.1030067	1	0.2342758
202	0	0.7.47.103992	0	0.004607487
202	0	0.7.47.103996	0	0.004607487
202	0	0.7.47.1040	0	0.004607487
202	0	0.7.47.1040233	0	0.004607487
202	0	0.7.47.1040438	0	0.004607487
202	0	0.7.47.104200	0	0.004607487
202	0	0.7.47.1043481	0	0.004607487
202	0	0.7.47.1046255	1	0.2349112
202	0	0.7.47.1047212	0	0.2342758
202	0	0.7.47.1048351	1	0.2342758
202	0	0.7.47.1049156	1	0.2349112
202	0	0.7.47.1049188	0	0.2342758
202	0	0.7.47.1052977	0	0.004607487
202	0	0.7.47.1055592	0	0.004607487
202	0	0.7.47.1056042	0	0.004607487
202	0	0.7.47.1056126	0	0.004607487
202	0	0.7.47.1057237	0	0.2342758
202	0	0.7.47.1057473	0	0.2342758
202	0	0.7.47.1058218	-2	0.004607487
202	0	0.7.47.106048	0	0.004607487
202	0	0.7.47.1061085	0	0.004607487
202	0	0.7.47.1061292	0	0.004607487
202	0	0.7.47.1061762	0	0.004607487
202	0	0.7.47.1061771	1	0.2342758
202	0	0.7.47.1061959	0	0.004607487
202	0	0.7.47.106316	0	0.004607487
202	0	0.7.47.1063746	0	0.004607487
202	0	0.7.47.1064513	0	0.004607487
202	0	0.7.47.106462	0	0.004607487
202	0	0.7.47.1065643	0	0.004607487
202	0	0.7.47.10657	0	0.004607487
202	0	0.7.47.1065739	1	0.2342758
202	0	0.7.47.1067491	1	0.2349112
202	0	0.7.47.1068483	0	0.004607487
202	0	0.7.47.106992	0	0.004607487
202	0	0.7.47.1070173	0	0.004607487
202	0	0.7.47.1070233	1	0.2349112
202	0	0.7.47.1070583	0	0.2342758
202	0	0.7.47.1070676	0	0.004607487
202	0	0.7.47.1070917	1	0.2342758
202	0	0.7.47.107101	1	0.2342758
202	0	0.7.47.1071202	1	0.2342758
202	0	0.7.47.1072264	0	0.004607487
202	0	0.7.47.107261	0	0.004607487
202	0	0.7.47.1072789	0	0.004607487
202	0	0.7.47.1073401	0	0.004607487
202	0	0.7.47.1073531	0	0.004607487
202	0	0.7.47.1073560	0	0.004607487
202	0	0.7.47.1073910	0	0.2416158
202	0	0.7.47.1075524	0	0.004607487
202	0	0.7.47.1075937	0	0.004607487
202	0	0.7.47.1076204	0	0.004607487
202	0	0.7.47.1076945	0	0.004607487
202	0	0.7.47.1077179	0	0.004607487
202	0	0.7.47.1077480	0	0.004607487
202	0	0.7.47.1078114	0	0.004607487
202	0	0.7.47.1078588	0	0.004607487
202	0	0.7.47.1078659	0	0.004607487
202	0	0.7.47.1078713	0	0.004607487
202	0	0.7.47.1080229	0	0.004607487
202	0	0.7.47.1080942	0	0.004607487
202	0	0.7.47.1084190	0	0.004607487
202	0	0.7.47.108640	0	0.004607487
202	0	0.7.47.109074	1	0.2349112
202	0	0.7.47.109103	1	0.2349112
202	0	0.7.47.109112	1	0.2349112
202	0	0.7.47.109219	0	0.004607487
202	0	0.7.47.109430	0	0.004607487
202	0	0.7.47.109496	1	0.2349112
202	0	0.7.47.109510	1	0.2342758
202	0	0.7.47.109665	1	0.2342758
202	0	0.7.47.1097062	0	0.004607487
202	0	0.7.47.1097279	0	0.004607487
202	0	0.7.47.1097310	0	0.004607487
202	0	0.7.47.1097551	0	0.004607487
202	0	0.7.47.1099432	0	0.004607487
202	0	0.7.47.1100707	1	0.2416158
202	0	0.7.47.1100844	0	0.004607487
202	0	0.7.47.1101346	0	0.004607487
202	0	0.7.47.1101535	0	0.004607487
202	0	0.7.47.1104438	0	0.004607487
202	0	0.7.47.1104833	0	0.004607487
202	0	0.7.47.1105031	1	0.2349112
202	0	0.7.47.1105515	0	0.004607487
202	0	0.7.47.110563	0	0.004607487
202	0	0.7.47.1105683	0	0.004607487
202	0	0.7.47.1105694	1	0.2349112
202	0	0.7.47.1105770	0	0.004607487
202	0	0.7.47.1105968	0	0.004607487
202	0	0.7.47.1105991	1	0.2342758
202	0	0.7.47.1106033	0	0.004607487
202	0	0.7.47.110637	1	0.2349112
202	0	0.7.47.1106542	1	0.2349112
202	0	0.7.47.1106567	0	0.004607487
202	0	0.7.47.1106781	1	0.2349112
202	0	0.7.47.1106953	1	0.2349112
202	0	0.7.47.1107022	1	0.2349112
202	0	0.7.47.1107061	1	0.2342758
202	0	0.7.47.1107084	1	0.2349112
202	0	0.7.47.1107220	1	0.2349112
202	0	0.7.47.1107350	0	0.004607487
202	0	0.7.47.1107368	0	0.004607487
202	0	0.7.47.1107490	0	0.004607487
202	0	0.7.47.1107589	0	0.004607487
202	0	0.7.47.1107791	1	0.2349112
202	0	0.7.47.1107852	1	0.2349112
202	0	0.7.47.1107883	1	0.2349112
202	0	0.7.47.1107984	1	0.2349112
202	0	0.7.47.1108058	1	0.2349112
202	0	0.7.47.1108197	1	0.2349112
202	0	0.7.47.1108203	0	0.004607487
202	0	0.7.47.1108296	1	0.2349112
202	0	0.7.47.110838	0	0.004607487
202	0	0.7.47.1108787	1	0.2349112
202	0	0.7.47.1108857	0	0.004607487
202	0	0.7.47.1108920	0	0.004607487
202	0	0.7.47.1111050	0	0.004607487
202	0	0.7.47.1112688	0	0.004607487
202	0	0.7.47.1113694	0	0.004607487
202	0	0.7.47.1114220	0	0.004607487
202	0	0.7.47.1114462	0	0.004607487
202	0	0.7.47.1114869	0	0.004607487
202	0	0.7.47.11152	0	0.2342758
202	0	0.7.47.11207	0	0.2342758
202	0	0.7.47.1120722	0	0.004607487
202	0	0.7.47.1121580	0	0.004607487
202	0	0.7.47.1121945	0	0.004607487
202	0	0.7.47.1122347	0	0.2416158
202	0	0.7.47.1122799	0	0.2342758
202	0	0.7.47.1122851	0	0.004607487
202	0	0.7.47.1123365	0	0.004607487
202	0	0.7.47.1123849	0	0.004607487
202	0	0.7.47.112426	0	0.004607487
202	0	0.7.47.1124487	1	0.2416158
202	0	0.7.47.1124724	0	0.004607487
202	0	0.7.47.1124796	1	0.2416158
202	0	0.7.47.1124897	1	0.2416158
202	0	0.7.47.1124899	1	0.2416158
202	0	0.7.47.1125035	1	0.2416158
202	0	0.7.47.1125112	1	0.2416158
202	0	0.7.47.1125156	1	0.2416158
202	0	0.7.47.1125247	1	0.2416158
202	0	0.7.47.1125314	1	0.2416158
202	0	0.7.47.1125354	1	0.2416158
202	0	0.7.47.1125379	1	0.2416158
202	0	0.7.47.112543	0	0.004607487
202	0	0.7.47.1125430	1	0.2416158
202	0	0.7.47.11258	0	0.2342758
202	0	0.7.47.1125804	0	0.004607487
202	0	0.7.47.1125826	0	0.004607487
202	0	0.7.47.1126476	0	0.004607487
202	0	0.7.47.1126904	-2	0.2349112
202	0	0.7.47.1127421	0	0.004607487
202	0	0.7.47.1127700	1	0.2416158
202	0	0.7.47.1127920	-1	0.2416158
202	0	0.7.47.1127992	1	0.2416158
202	0	0.7.47.1128014	-1	0.2416158
202	0	0.7.47.1128199	-1	0.2349112
202	0	0.7.47.1128357	-1	0.004607487
202	0	0.7.47.1128458	-1	0.2349112
202	0	0.7.47.1128538	1	0.2416158
202	0	0.7.47.1128550	-2	0.2416158
202	0	0.7.47.1128702	-1	0.2416158
202	0	0.7.47.1128740	-1	0.2416158
202	0	0.7.47.1129033	1	0.2416158
202	0	0.7.47.1129095	1	0.2349112
202	0	0.7.47.1129278	1	0.2416158
202	0	0.7.47.1130416	0	0.004607487
202	0	0.7.47.1130440	0	0.2416158
202	0	0.7.47.1131092	0	0.2416158
202	0	0.7.47.1131287	0	0.004607487
202	0	0.7.47.1131425	1	0.2349112
202	0	0.7.47.1131654	0	0.004607487
202	0	0.7.47.113168	0	0.004607487
202	0	0.7.47.1132017	0	0.004607487
202	0	0.7.47.1132054	1	0.2416158
202	0	0.7.47.1132629	0	0.004607487
202	0	0.7.47.1132874	0	0.004607487
202	0	0.7.47.1134100	0	0.004607487
202	0	0.7.47.1134669	0	0.004607487
202	0	0.7.47.1134685	1	0.2416158
202	0	0.7.47.1134686	0	0.2416158
202	0	0.7.47.1134746	0	0.2416158
202	0	0.7.47.1134767	1	0.2349112
202	0	0.7.47.1134776	1	0.2349112
202	0	0.7.47.1134848	1	0.2349112
202	0	0.7.47.1135675	0	0.004607487
202	0	0.7.47.1135877	0	0.2342758
202	0	0.7.47.1136273	0	0.2416158
202	0	0.7.47.1136318	0	0.2416158
202	0	0.7.47.1136335	0	0.2416158
202	0	0.7.47.1137008	1	0.2416158
202	0	0.7.47.1137188	1	0.2342758
202	0	0.7.47.1137332	1	0.2349112
202	0	0.7.47.1137479	1	0.2416158
202	0	0.7.47.1137545	1	0.2416158
202	0	0.7.47.1137759	0	0.004607487
202	0	0.7.47.1137829	1	0.2349112
202	0	0.7.47.1137830	1	0.2349112
202	0	0.7.47.1137980	1	0.2416158
202	0	0.7.47.1138084	0	0.004607487
202	0	0.7.47.1138128	1	0.2416158
202	0	0.7.47.1138129	1	0.2416158
202	0	0.7.47.1138437	1	0.2349112
202	0	0.7.47.1138441	1	0.2349112
202	0	0.7.47.1138452	1	0.2349112
202	0	0.7.47.1138636	1	0.2416158
202	0	0.7.47.1138745	1	0.2349112
202	0	0.7.47.1138807	1	0.2349112
202	0	0.7.47.1139172	1	0.2349112
202	0	0.7.47.1139189	1	0.2349112
202	0	0.7.47.1139200	1	0.2349112
202	0	0.7.47.1139239	1	0.2349112
202	0	0.7.47.1139252	1	0.2349112
202	0	0.7.47.1139308	1	0.2349112
202	0	0.7.47.1139335	1	0.2416158
202	0	0.7.47.1139336	1	0.2416158
202	0	0.7.47.1139384	1	0.2416158
202	0	0.7.47.1139413	1	0.2349112
202	0	0.7.47.1139469	1	0.2349112
202	0	0.7.47.1139515	1	0.2416158
202	0	0.7.47.1139520	1	0.2349112
202	0	0.7.47.1139525	1	0.2349112
202	0	0.7.47.1139528	1	0.2349112
202	0	0.7.47.1139631	1	0.2349112
202	0	0.7.47.1139664	1	0.2416158
202	0	0.7.47.1139702	1	0.2416158
202	0	0.7.47.1139743	1	0.2349112
202	0	0.7.47.1139768	1	0.2349112
202	0	0.7.47.1139873	1	0.2416158
202	0	0.7.47.114	0	0.004607487
202	0	0.7.47.1140133	1	0.2349112
202	0	0.7.47.1140243	1	0.2349112
202	0	0.7.47.1140276	1	0.2349112
202	0	0.7.47.1140403	1	0.2349112
202	0	0.7.47.1140404	1	0.2349112
202	0	0.7.47.1140417	1	0.2349112
202	0	0.7.47.1140518	1	0.2349112
202	0	0.7.47.1140519	1	0.2349112
202	0	0.7.47.1140584	1	0.2349112
202	0	0.7.47.1140739	1	0.2349112
202	0	0.7.47.1140820	1	0.2349112
202	0	0.7.47.1140851	1	0.2349112
202	0	0.7.47.1140865	1	0.2349112
202	0	0.7.47.1140942	1	0.2349112
202	0	0.7.47.1140985	1	0.2416158
202	0	0.7.47.1141032	1	0.2349112
202	0	0.7.47.1141094	1	0.2349112
202	0	0.7.47.1141109	1	0.2349112
202	0	0.7.47.1141125	1	0.2416158
202	0	0.7.47.1141380	0	0.2416158
202	0	0.7.47.1141489	1	0.2416158
202	0	0.7.47.1141659	1	0.2416158
202	0	0.7.47.1141714	1	0.2349112
202	0	0.7.47.1141867	1	0.2349112
202	0	0.7.47.1141890	0	0.004607487
202	0	0.7.47.1141938	1	0.2342758
202	0	0.7.47.1141942	1	0.2349112
202	0	0.7.47.114201	0	0.2342758
202	0	0.7.47.114202	0	0.2342758
202	0	0.7.47.1142035	1	0.2349112
202	0	0.7.47.1142160	1	0.2416158
202	0	0.7.47.1142231	1	0.2416158
202	0	0.7.47.1142364	0	0.2416158
202	0	0.7.47.1142545	1	0.2349112
202	0	0.7.47.1142575	1	0.2349112
202	0	0.7.47.1142633	0	0.2342758
202	0	0.7.47.1142698	0	0.2342758
202	0	0.7.47.1142724	1	0.2349112
202	0	0.7.47.1142726	1	0.2342758
202	0	0.7.47.1142736	1	0.2349112
202	0	0.7.47.1143	0	0.004607487
202	0	0.7.47.1143139	1	0.2349112
202	0	0.7.47.114338	1	0.2349112
202	0	0.7.47.1143430	0	0.004607487
202	0	0.7.47.1143454	0	0.004607487
202	0	0.7.47.1143514	1	0.2349112
202	0	0.7.47.1143547	1	0.2349112
202	0	0.7.47.114401	0	0.004607487
202	0	0.7.47.114412	0	0.2342758
202	0	0.7.47.114421	1	0.2349112
202	0	0.7.47.1144280	1	0.2349112
202	0	0.7.47.1144341	1	0.2349112
202	0	0.7.47.1144360	1	0.2349112
202	0	0.7.47.1144361	1	0.2349112
202	0	0.7.47.1144372	1	0.2349112
202	0	0.7.47.1144421	0	0.004607487
202	0	0.7.47.1144498	1	0.2349112
202	0	0.7.47.1144780	0	0.004607487
202	0	0.7.47.1144940	1	0.2349112
202	0	0.7.47.1144979	1	0.2349112
202	0	0.7.47.1145060	1	0.2349112
202	0	0.7.47.1145064	1	0.2349112
202	0	0.7.47.1145117	1	0.2349112
202	0	0.7.47.1145370	1	0.2349112
202	0	0.7.47.1145429	0	0.004607487
202	0	0.7.47.114546	1	0.2342758
202	0	0.7.47.1145773	1	0.2349112
202	0	0.7.47.1145808	1	0.2349112
202	0	0.7.47.1145976	1	0.2349112
202	0	0.7.47.1145994	1	0.2416158
202	0	0.7.47.1146060	1	0.2349112
202	0	0.7.47.1146178	1	0.2349112
202	0	0.7.47.1146287	1	0.2416158
202	0	0.7.47.1146339	0	0.004607487
202	0	0.7.47.1146343	1	0.2349112
202	0	0.7.47.1146354	1	0.2349112
202	0	0.7.47.1146553	0	0.004607487
202	0	0.7.47.1146601	0	0.2416158
202	0	0.7.47.1146606	1	0.2349112
202	0	0.7.47.1146612	1	0.2349112
202	0	0.7.47.1146694	1	0.2349112
202	0	0.7.47.114672	1	0.2342758
202	0	0.7.47.114674	1	0.2342758
202	0	0.7.47.114675	0	0.2342758
202	0	0.7.47.1146758	1	0.2349112
202	0	0.7.47.1146861	0	0.2416158
202	0	0.7.47.1147106	1	0.2349112
202	0	0.7.47.1147210	0	0.004607487
202	0	0.7.47.114726	1	0.2349112
202	0	0.7.47.1147445	1	0.2349112
202	0	0.7.47.1147623	0	0.004607487
202	0	0.7.47.1147653	0	0.004607487
202	0	0.7.47.1147853	0	0.004607487
202	0	0.7.47.1149609	0	0.004607487
202	0	0.7.47.1149975	0	0.004607487
202	0	0.7.47.1150224	1	0.2416158
202	0	0.7.47.1150301	1	0.2416158
202	0	0.7.47.1150386	1	0.2349112
202	0	0.7.47.1151573	0	0.004607487
202	0	0.7.47.1151636	0	0.2342758
202	0	0.7.47.1151758	0	0.004607487
202	0	0.7.47.1152269	0	0.004607487
202	0	0.7.47.1152795	1	0.2349112
202	0	0.7.47.1152831	1	0.2349112
202	0	0.7.47.1153090	1	0.2349112
202	0	0.7.47.1153402	1	0.2349112
202	0	0.7.47.1153416	1	0.2349112
202	0	0.7.47.1153442	1	0.2349112
202	0	0.7.47.1153445	1	0.2349112
202	0	0.7.47.1153447	1	0.2349112
202	0	0.7.47.1153448	1	0.2349112
202	0	0.7.47.1153511	1	0.2349112
202	0	0.7.47.1153514	1	0.2349112
202	0	0.7.47.1154246	1	0.2349112
202	0	0.7.47.1154332	0	0.004607487
202	0	0.7.47.11548	0	0.004607487
202	0	0.7.47.1155304	1	0.2349112
202	0	0.7.47.1155329	0	0.004607487
202	0	0.7.47.1155388	0	0.004607487
202	0	0.7.47.1155448	1	0.2349112
202	0	0.7.47.115564	0	0.004607487
202	0	0.7.47.1155810	1	0.2416158
202	0	0.7.47.1155858	1	0.2349112
202	0	0.7.47.1155875	1	0.2349112
202	0	0.7.47.1156339	1	0.2342758
202	0	0.7.47.1156361	0	0.2342758
202	0	0.7.47.1156362	1	0.2342758
202	0	0.7.47.1156404	-2	0.004607487
202	0	0.7.47.1157047	0	0.004607487
202	0	0.7.47.1157929	0	0.004607487
202	0	0.7.47.1157951	1	0.2349112
202	0	0.7.47.1158433	-1	0.004607487
202	0	0.7.47.1159069	0	0.004607487
202	0	0.7.47.1161011	0	0.004607487
202	0	0.7.47.116320	0	0.004607487
202	0	0.7.47.1163324	1	0.2349112
202	0	0.7.47.1163395	1	0.2349112
202	0	0.7.47.1163404	1	0.2349112
202	0	0.7.47.1164241	1	0.2416158
202	0	0.7.47.1164661	0	0.004607487
202	0	0.7.47.1164686	0	0.2416158
202	0	0.7.47.1164946	0	0.004607487
202	0	0.7.47.1165891	0	0.004607487
202	0	0.7.47.1165925	1	0.2342758
202	0	0.7.47.1166961	0	0.2349112
202	0	0.7.47.1167220	1	0.2342758
202	0	0.7.47.1167260	0	0.004607487
202	0	0.7.47.1167500	0	0.004607487
202	0	0.7.47.1167884	1	0.2342758
202	0	0.7.47.1167887	0	0.004607487
202	0	0.7.47.1167890	0	0.2342758
202	0	0.7.47.1168035	1	0.2342758
202	0	0.7.47.1168155	0	0.004607487
202	0	0.7.47.1168159	0	0.004607487
202	0	0.7.47.1168469	0	0.004607487
202	0	0.7.47.1168889	-2	0.2416158
202	0	0.7.47.1169132	1	0.2416158
202	0	0.7.47.117269	0	0.004607487
202	0	0.7.47.1174634	0	0.004607487
202	0	0.7.47.1174884	0	0.004607487
202	0	0.7.47.1175490	0	0.004607487
202	0	0.7.47.117640	0	0.004607487
202	0	0.7.47.1180870	0	0.004607487
202	0	0.7.47.1181895	0	0.004607487
202	0	0.7.47.1184186	-1	0.2342758
202	0	0.7.47.1184218	0	0.2342758
202	0	0.7.47.1184219	0	0.2342758
202	0	0.7.47.1184329	0	0.2342758
202	0	0.7.47.118523	-2	0.004607487
202	0	0.7.47.1186044	0	0.2342758
202	0	0.7.47.1190942	0	0.2342758
202	0	0.7.47.1191441	0	0.2349112
202	0	0.7.47.119588	-1	0.004607487
202	0	0.7.47.1195884	0	0.004607487
202	0	0.7.47.1196235	0	0.2342758
202	0	0.7.47.1196502	0	0.2342758
202	0	0.7.47.1197788	0	0.004607487
202	0	0.7.47.1199158	-1	0.2342758
202	0	0.7.47.1201607	0	0.004607487
202	0	0.7.47.1202107	0	0.004607487
202	0	0.7.47.120483	0	0.004607487
202	0	0.7.47.1205331	0	0.004607487
202	0	0.7.47.1207484	0	0.004607487
202	0	0.7.47.120804	0	0.004607487
202	0	0.7.47.1209768	0	0.004607487
202	0	0.7.47.1211245	0	0.2416158
202	0	0.7.47.121226	0	0.004607487
202	0	0.7.47.1214441	0	0.004607487
202	0	0.7.47.1215393	0	0.004607487
202	0	0.7.47.1215425	0	0.004607487
202	0	0.7.47.1216873	0	0.004607487
202	0	0.7.47.1217663	0	0.004607487
202	0	0.7.47.121880	0	0.004607487
202	0	0.7.47.1220540	0	0.004607487
202	0	0.7.47.1222420	0	0.004607487
202	0	0.7.47.1222550	0	0.004607487
202	0	0.7.47.1224316	0	0.004607487
202	0	0.7.47.1225224	0	0.004607487
202	0	0.7.47.1225715	0	0.004607487
202	0	0.7.47.1225926	0	0.004607487
202	0	0.7.47.1226245	1	0.2416158
202	0	0.7.47.1226247	1	0.2416158
202	0	0.7.47.1226930	0	0.004607487
202	0	0.7.47.1230115	0	0.004607487
202	0	0.7.47.1230273	0	0.004607487
202	0	0.7.47.123172	0	0.004607487
202	0	0.7.47.1236690	0	0.004607487
202	0	0.7.47.1236975	0	0.004607487
202	0	0.7.47.1237287	0	0.004607487
202	0	0.7.47.1237378	0	0.004607487
202	0	0.7.47.1237901	0	0.004607487
202	0	0.7.47.1238427	0	0.004607487
202	0	0.7.47.1238724	1	0.2342758
202	0	0.7.47.1238921	0	0.004607487
202	0	0.7.47.1239190	1	0.2349112
202	0	0.7.47.1239195	1	0.2349112
202	0	0.7.47.1239198	0	0.2342758
202	0	0.7.47.1239280	1	0.2416158
202	0	0.7.47.1239374	1	0.2349112
202	0	0.7.47.1239412	0	0.2342758
202	0	0.7.47.1239414	1	0.2342758
202	0	0.7.47.1239493	1	0.2416158
202	0	0.7.47.1239499	1	0.2349112
202	0	0.7.47.1239725	0	0.004607487
202	0	0.7.47.1239788	0	0.2416158
202	0	0.7.47.1239892	0	0.2416158
202	0	0.7.47.1239894	1	0.2416158
202	0	0.7.47.1240045	1	0.2349112
202	0	0.7.47.1240049	1	0.2416158
202	0	0.7.47.1240054	1	0.2349112
202	0	0.7.47.1240420	0	0.2416158
202	0	0.7.47.1240467	0	0.2416158
202	0	0.7.47.1240917	0	0.004607487
202	0	0.7.47.1241049	0	0.004607487
202	0	0.7.47.124757	1	0.004607487
202	0	0.7.47.124953	0	0.004607487
202	0	0.7.47.12498	0	0.004607487
202	0	0.7.47.12535	0	0.004607487
202	0	0.7.47.126515	0	0.004607487
202	0	0.7.47.128808	0	0.004607487
202	0	0.7.47.129174	1	0.2342758
202	0	0.7.47.1293826	0	0.004607487
202	0	0.7.47.1294302	0	0.004607487
202	0	0.7.47.129450	0	0.004607487
202	0	0.7.47.129465	-2	0.004607487
202	0	0.7.47.1294886	0	0.004607487
202	0	0.7.47.1294888	0	0.004607487
202	0	0.7.47.1295363	0	0.004607487
202	0	0.7.47.1298172	-1	0.004607487
202	0	0.7.47.129957	0	0.004607487
202	0	0.7.47.1300482	0	0.004607487
202	0	0.7.47.1302314	0	0.2342758
202	0	0.7.47.1304977	0	0.004607487
202	0	0.7.47.1306009	0	0.004607487
202	0	0.7.47.1306715	0	0.004607487
202	0	0.7.47.1307133	0	0.004607487
202	0	0.7.47.1307414	0	0.004607487
202	0	0.7.47.1307533	1	0.2342758
202	0	0.7.47.1308021	0	0.004607487
202	0	0.7.47.1308237	0	0.004607487
202	0	0.7.47.130941	0	0.004607487
202	0	0.7.47.1310428	0	0.004607487
202	0	0.7.47.131155	0	0.004607487
202	0	0.7.47.1311873	0	0.004607487
202	0	0.7.47.1312556	0	0.004607487
202	0	0.7.47.1313583	1	0.2416158
202	0	0.7.47.1313976	1	0.2416158
202	0	0.7.47.1314281	1	0.2349112
202	0	0.7.47.1314384	1	0.2416158
202	0	0.7.47.1314481	0	0.004607487
202	0	0.7.47.1314646	0	0.004607487
202	0	0.7.47.1314762	0	0.2342758
202	0	0.7.47.1317825	0	0.004607487
202	0	0.7.47.1318688	0	0.2342758
202	0	0.7.47.1318926	0	0.004607487
202	0	0.7.47.1320717	0	0.004607487
202	0	0.7.47.1321120	0	0.004607487
202	0	0.7.47.1322464	0	0.004607487
202	0	0.7.47.1322897	0	0.004607487
202	0	0.7.47.1324070	0	0.004607487
202	0	0.7.47.1324138	0	0.004607487
202	0	0.7.47.132493	0	0.004607487
202	0	0.7.47.1325483	0	0.004607487
202	0	0.7.47.1326545	0	0.004607487
202	0	0.7.47.1326979	0	0.004607487
202	0	0.7.47.1327160	0	0.004607487
202	0	0.7.47.1327449	0	0.004607487
202	0	0.7.47.1328339	0	0.004607487
202	0	0.7.47.1330550	0	0.004607487
202	0	0.7.47.1330967	0	0.004607487
202	0	0.7.47.1332831	0	0.004607487
202	0	0.7.47.1334205	0	0.004607487
202	0	0.7.47.1334227	0	0.004607487
202	0	0.7.47.1334548	0	0.004607487
202	0	0.7.47.1335028	0	0.004607487
202	0	0.7.47.1336219	0	0.004607487
202	0	0.7.47.1336452	0	0.004607487
202	0	0.7.47.1337177	0	0.004607487
202	0	0.7.47.133827	0	0.004607487
202	0	0.7.47.1338898	0	0.004607487
202	0	0.7.47.1340155	0	0.004607487
202	0	0.7.47.1340306	0	0.004607487
202	0	0.7.47.134082	0	0.004607487
202	0	0.7.47.1340850	0	0.004607487
202	0	0.7.47.1341764	0	0.004607487
202	0	0.7.47.134178	0	0.004607487
202	0	0.7.47.1342957	0	0.004607487
202	0	0.7.47.1343511	0	0.004607487
202	0	0.7.47.134352	0	0.004607487
202	0	0.7.47.1343953	0	0.004607487
202	0	0.7.47.1345688	0	0.004607487
202	0	0.7.47.1346364	1	0.2342758
202	0	0.7.47.1346464	0	0.2342758
202	0	0.7.47.1347784	0	0.004607487
202	0	0.7.47.1351940	0	0.004607487
202	0	0.7.47.135234	0	0.004607487
202	0	0.7.47.1352346	0	0.004607487
202	0	0.7.47.1352654	0	0.004607487
202	0	0.7.47.1353135	0	0.004607487
202	0	0.7.47.1353365	0	0.004607487
202	0	0.7.47.1355418	0	0.004607487
202	0	0.7.47.1355844	0	0.004607487
202	0	0.7.47.1356361	0	0.004607487
202	0	0.7.47.1356453	0	0.004607487
202	0	0.7.47.1358272	0	0.004607487
202	0	0.7.47.1359622	0	0.004607487
202	0	0.7.47.136133	0	0.004607487
202	0	0.7.47.1362257	0	0.004607487
202	0	0.7.47.1362800	0	0.004607487
202	0	0.7.47.1363227	1	0.2342758
202	0	0.7.47.1363380	-2	0.2342758
202	0	0.7.47.1363381	-2	0.2342758
202	0	0.7.47.1363642	-1	0.004607487
202	0	0.7.47.1363927	-1	0.004607487
202	0	0.7.47.1364038	-2	0.2342758
202	0	0.7.47.1364518	-2	0.004607487
202	0	0.7.47.1364926	-2	0.004607487
202	0	0.7.47.1365431	0	0.004607487
202	0	0.7.47.1365808	-1	0.004607487
202	0	0.7.47.1365942	0	0.004607487
202	0	0.7.47.1366213	-2	0.004607487
202	0	0.7.47.1366769	0	0.004607487
202	0	0.7.47.1366788	0	0.004607487
202	0	0.7.47.1366847	0	0.004607487
202	0	0.7.47.1366942	0	0.004607487
202	0	0.7.47.1367128	-1	0.004607487
202	0	0.7.47.1367223	1	0.2349112
202	0	0.7.47.1367226	0	0.004607487
202	0	0.7.47.1367841	0	0.004607487
202	0	0.7.47.1368489	0	0.004607487
202	0	0.7.47.1369373	0	0.004607487
202	0	0.7.47.1369509	0	0.004607487
202	0	0.7.47.1370076	0	0.004607487
202	0	0.7.47.1370971	0	0.004607487
202	0	0.7.47.1371814	0	0.004607487
202	0	0.7.47.1371993	0	0.004607487
202	0	0.7.47.1372338	0	0.004607487
202	0	0.7.47.1372503	0	0.004607487
202	0	0.7.47.137431	0	0.004607487
202	0	0.7.47.1374609	0	0.2342758
202	0	0.7.47.1374714	0	0.004607487
202	0	0.7.47.1374790	0	0.2342758
202	0	0.7.47.1375292	0	0.004607487
202	0	0.7.47.1376908	0	0.004607487
202	0	0.7.47.1378551	0	0.004607487
202	0	0.7.47.1378880	0	0.004607487
202	0	0.7.47.1378997	0	0.004607487
202	0	0.7.47.138034	0	0.004607487
202	0	0.7.47.1380415	0	0.004607487
202	0	0.7.47.1381643	0	0.004607487
202	0	0.7.47.1381789	0	0.004607487
202	0	0.7.47.1384931	0	0.004607487
202	0	0.7.47.1386073	0	0.004607487
202	0	0.7.47.138646	0	0.004607487
202	0	0.7.47.138694	0	0.004607487
202	0	0.7.47.1387425	0	0.004607487
202	0	0.7.47.138977	0	0.004607487
202	0	0.7.47.1390174	0	0.2342758
202	0	0.7.47.1391114	1	0.2416158
202	0	0.7.47.1391973	1	0.2349112
202	0	0.7.47.1392684	0	0.004607487
202	0	0.7.47.1392809	0	0.004607487
202	0	0.7.47.139322	0	0.004607487
202	0	0.7.47.1393234	1	0.2349112
202	0	0.7.47.139333	0	0.004607487
202	0	0.7.47.1394506	1	0.2349112
202	0	0.7.47.1394575	1	0.2349112
202	0	0.7.47.1394837	1	0.2349112
202	0	0.7.47.1395268	1	0.2416158
202	0	0.7.47.1395668	0	0.004607487
202	0	0.7.47.1395676	1	0.2349112
202	0	0.7.47.1395690	1	0.2349112
202	0	0.7.47.1396190	0	0.004607487
202	0	0.7.47.1396537	0	0.2342758
202	0	0.7.47.1397094	0	0.004607487
202	0	0.7.47.1397163	0	0.004607487
202	0	0.7.47.1397247	0	0.2342758
202	0	0.7.47.1397366	0	0.004607487
202	0	0.7.47.1397738	0	0.004607487
202	0	0.7.47.1398240	0	0.004607487
202	0	0.7.47.1398965	-1	0.004607487
202	0	0.7.47.1399547	1	0.2349112
202	0	0.7.47.1399973	0	0.004607487
202	0	0.7.47.1400368	1	0.2349112
202	0	0.7.47.1400621	0	0.004607487
202	0	0.7.47.140199	0	0.004607487
202	0	0.7.47.1402057	1	0.2416158
202	0	0.7.47.1403562	1	0.2416158
202	0	0.7.47.140479	0	0.004607487
202	0	0.7.47.1404809	1	0.2349112
202	0	0.7.47.1405649	1	0.2349112
202	0	0.7.47.1405822	0	0.004607487
202	0	0.7.47.1408002	0	0.004607487
202	0	0.7.47.1408235	0	0.2342758
202	0	0.7.47.1409306	0	0.004607487
202	0	0.7.47.1409934	0	0.004607487
202	0	0.7.47.1411088	0	0.004607487
202	0	0.7.47.1411700	0	0.004607487
202	0	0.7.47.1412719	0	0.004607487
202	0	0.7.47.1412948	0	0.004607487
202	0	0.7.47.1413291	0	0.004607487
202	0	0.7.47.1413618	0	0.004607487
202	0	0.7.47.1413856	0	0.004607487
202	0	0.7.47.1413987	0	0.004607487
202	0	0.7.47.1414547	1	0.2416158
202	0	0.7.47.1415494	1	0.2416158
202	0	0.7.47.1415499	1	0.2416158
202	0	0.7.47.1415500	1	0.2416158
202	0	0.7.47.1415841	0	0.004607487
202	0	0.7.47.1416196	1	0.2416158
202	0	0.7.47.1416198	1	0.2416158
202	0	0.7.47.1416200	1	0.2416158
202	0	0.7.47.1416307	1	0.2349112
202	0	0.7.47.1416461	0	0.004607487
202	0	0.7.47.1416495	0	0.004607487
202	0	0.7.47.1417050	0	0.004607487
202	0	0.7.47.1418039	0	0.004607487
202	0	0.7.47.141858	0	0.004607487
202	0	0.7.47.1419431	0	0.004607487
202	0	0.7.47.141996	0	0.004607487
202	0	0.7.47.142031	0	0.004607487
202	0	0.7.47.1420322	0	0.004607487
202	0	0.7.47.1420375	1	0.2416158
202	0	0.7.47.1420377	1	0.2416158
202	0	0.7.47.1421034	-1	0.2342758
202	0	0.7.47.1421570	0	0.004607487
202	0	0.7.47.1421578	0	0.004607487
202	0	0.7.47.1421766	1	0.2342758
202	0	0.7.47.1421770	0	0.004607487
202	0	0.7.47.1422332	1	0.2416158
202	0	0.7.47.1422498	0	0.004607487
202	0	0.7.47.1422747	0	0.004607487
202	0	0.7.47.1423148	0	0.004607487
202	0	0.7.47.1423535	0	0.004607487
202	0	0.7.47.1423700	0	0.004607487
202	0	0.7.47.1423957	0	0.2342758
202	0	0.7.47.1424838	1	0.2342758
202	0	0.7.47.1424839	1	0.2342758
202	0	0.7.47.1425086	0	0.2342758
202	0	0.7.47.1425100	0	0.2342758
202	0	0.7.47.1425102	0	0.2342758
202	0	0.7.47.1425104	0	0.2342758
202	0	0.7.47.1425154	0	0.004607487
202	0	0.7.47.1425231	0	0.004607487
202	0	0.7.47.1425304	0	0.004607487
202	0	0.7.47.142546	0	0.2342758
202	0	0.7.47.1425466	0	0.004607487
202	0	0.7.47.1426050	0	0.004607487
202	0	0.7.47.1426316	1	0.2342758
202	0	0.7.47.1427133	0	0.004607487
202	0	0.7.47.1427716	0	0.004607487
202	0	0.7.47.1434691	0	0.004607487
202	0	0.7.47.1434695	0	0.004607487
202	0	0.7.47.1434832	0	0.004607487
202	0	0.7.47.1434878	0	0.004607487
202	0	0.7.47.1434893	0	0.004607487
202	0	0.7.47.1435005	0	0.004607487
202	0	0.7.47.1435163	0	0.004607487
202	0	0.7.47.1435261	0	0.004607487
202	0	0.7.47.1435423	0	0.004607487
202	0	0.7.47.1436354	0	0.004607487
202	0	0.7.47.1437018	0	0.2342758
202	0	0.7.47.1438365	0	0.004607487
202	0	0.7.47.1440467	0	0.2342758
202	0	0.7.47.1440716	0	0.004607487
202	0	0.7.47.1440906	0	0.004607487
202	0	0.7.47.1441970	0	0.004607487
202	0	0.7.47.1442471	0	0.004607487
202	0	0.7.47.1443333	0	0.004607487
202	0	0.7.47.1444080	0	0.004607487
202	0	0.7.47.14441	1	0.2349112
202	0	0.7.47.144411	0	0.004607487
202	0	0.7.47.1444455	0	0.004607487
202	0	0.7.47.1444460	0	0.004607487
202	0	0.7.47.1444557	0	0.2342758
202	0	0.7.47.1444617	0	0.004607487
202	0	0.7.47.1446230	0	0.004607487
202	0	0.7.47.1447837	0	0.004607487
202	0	0.7.47.1448299	0	0.004607487
202	0	0.7.47.1448520	0	0.004607487
202	0	0.7.47.1448930	0	0.004607487
202	0	0.7.47.1449192	0	0.004607487
202	0	0.7.47.1450060	0	0.004607487
202	0	0.7.47.1450951	1	0.2416158
202	0	0.7.47.1451002	1	0.2416158
202	0	0.7.47.1452243	0	0.004607487
202	0	0.7.47.1452337	0	0.004607487
202	0	0.7.47.1452963	1	0.2342758
202	0	0.7.47.1454327	0	0.004607487
202	0	0.7.47.1454341	0	0.004607487
202	0	0.7.47.1454360	0	0.004607487
202	0	0.7.47.1454625	1	0.2349112
202	0	0.7.47.1455213	0	0.004607487
202	0	0.7.47.14616	0	0.004607487
202	0	0.7.47.146789	0	0.2342758
202	0	0.7.47.14721	0	0.004607487
202	0	0.7.47.147365	0	0.004607487
202	0	0.7.47.147506	0	0.004607487
202	0	0.7.47.150344	0	0.004607487
202	0	0.7.47.150827	0	0.2342758
202	0	0.7.47.150843	1	0.2342758
202	0	0.7.47.151904	0	0.004607487
202	0	0.7.47.152653	0	0.004607487
202	0	0.7.47.152990	0	0.004607487
202	0	0.7.47.15348	0	0.004607487
202	0	0.7.47.154449	0	0.004607487
202	0	0.7.47.155669	0	0.004607487
202	0	0.7.47.155805	0	0.004607487
202	0	0.7.47.15581	0	0.004607487
202	0	0.7.47.156228	0	0.004607487
202	0	0.7.47.156446	0	0.004607487
202	0	0.7.47.15775	0	0.004607487
202	0	0.7.47.159169	0	0.004607487
202	0	0.7.47.160093	0	0.004607487
202	0	0.7.47.160737	0	0.004607487
202	0	0.7.47.163819	0	0.004607487
202	0	0.7.47.163851	0	0.004607487
202	0	0.7.47.164113	0	0.004607487
202	0	0.7.47.164410	0	0.004607487
202	0	0.7.47.164710	0	0.004607487
202	0	0.7.47.167662	0	0.004607487
202	0	0.7.47.167702	0	0.004607487
202	0	0.7.47.168092	0	0.004607487
202	0	0.7.47.168116	0	0.004607487
202	0	0.7.47.168554	0	0.004607487
202	0	0.7.47.171740	1	0.2342758
202	0	0.7.47.172724	0	0.004607487
202	0	0.7.47.173444	0	0.004607487
202	0	0.7.47.173831	0	0.004607487
202	0	0.7.47.174215	-1	0.004607487
202	0	0.7.47.174652	0	0.004607487
202	0	0.7.47.175468	0	0.004607487
202	0	0.7.47.175530	0	0.004607487
202	0	0.7.47.1759	0	0.004607487
202	0	0.7.47.176845	0	0.004607487
202	0	0.7.47.177796	0	0.004607487
202	0	0.7.47.177892	0	0.004607487
202	0	0.7.47.178109	0	0.004607487
202	0	0.7.47.178414	0	0.004607487
202	0	0.7.47.178927	0	0.004607487
202	0	0.7.47.1813	0	0.004607487
202	0	0.7.47.181520	0	0.004607487
202	0	0.7.47.181868	0	0.004607487
202	0	0.7.47.182047	0	0.004607487
202	0	0.7.47.182183	0	0.004607487
202	0	0.7.47.183543	0	0.004607487
202	0	0.7.47.183763	0	0.004607487
202	0	0.7.47.184088	0	0.004607487
202	0	0.7.47.18436	0	0.004607487
202	0	0.7.47.185094	0	0.004607487
202	0	0.7.47.18515	0	0.004607487
202	0	0.7.47.185954	0	0.004607487
202	0	0.7.47.1867	0	0.004607487
202	0	0.7.47.186959	0	0.004607487
202	0	0.7.47.187016	0	0.004607487
202	0	0.7.47.187130	0	0.004607487
202	0	0.7.47.187394	0	0.004607487
202	0	0.7.47.187423	0	0.004607487
202	0	0.7.47.187726	0	0.2416158
202	0	0.7.47.187913	0	0.2416158
202	0	0.7.47.189237	0	0.004607487
202	0	0.7.47.18942	1	0.2342758
202	0	0.7.47.189879	0	0.004607487
202	0	0.7.47.191469	0	0.004607487
202	0	0.7.47.192111	0	0.004607487
202	0	0.7.47.192617	0	0.004607487
202	0	0.7.47.193718	0	0.004607487
202	0	0.7.47.193831	0	0.004607487
202	0	0.7.47.1963	0	0.004607487
202	0	0.7.47.197309	0	0.004607487
202	0	0.7.47.198350	-1	0.2416158
202	0	0.7.47.198352	1	0.2416158
202	0	0.7.47.19839	0	0.004607487
202	0	0.7.47.198663	0	0.004607487
202	0	0.7.47.20009	0	0.004607487
202	0	0.7.47.201084	0	0.004607487
202	0	0.7.47.201137	0	0.004607487
202	0	0.7.47.201780	0	0.004607487
202	0	0.7.47.202533	0	0.004607487
202	0	0.7.47.205756	0	0.004607487
202	0	0.7.47.206173	0	0.004607487
202	0	0.7.47.207253	0	0.004607487
202	0	0.7.47.207544	0	0.004607487
202	0	0.7.47.207775	0	0.004607487
202	0	0.7.47.208664	0	0.004607487
202	0	0.7.47.212440	0	0.004607487
202	0	0.7.47.213743	0	0.004607487
202	0	0.7.47.214487	0	0.004607487
202	0	0.7.47.214525	0	0.004607487
202	0	0.7.47.215094	0	0.004607487
202	0	0.7.47.216286	0	0.004607487
202	0	0.7.47.217830	0	0.004607487
202	0	0.7.47.221488	0	0.004607487
202	0	0.7.47.2215	0	0.004607487
202	0	0.7.47.221590	0	0.004607487
202	0	0.7.47.221890	0	0.004607487
202	0	0.7.47.222002	0	0.004607487
202	0	0.7.47.222177	0	0.004607487
202	0	0.7.47.222481	0	0.004607487
202	0	0.7.47.222607	0	0.2342758
202	0	0.7.47.222640	0	0.004607487
202	0	0.7.47.223387	0	0.004607487
202	0	0.7.47.224170	0	0.004607487
202	0	0.7.47.225410	0	0.004607487
202	0	0.7.47.225493	1	0.2349112
202	0	0.7.47.226411	0	0.004607487
202	0	0.7.47.226647	0	0.004607487
202	0	0.7.47.226953	0	0.004607487
202	0	0.7.47.226992	0	0.004607487
202	0	0.7.47.227001	0	0.004607487
202	0	0.7.47.227141	0	0.004607487
202	0	0.7.47.227453	0	0.004607487
202	0	0.7.47.227466	0	0.004607487
202	0	0.7.47.227724	0	0.004607487
202	0	0.7.47.228275	0	0.004607487
202	0	0.7.47.229599	0	0.004607487
202	0	0.7.47.229800	0	0.004607487
202	0	0.7.47.229894	0	0.004607487
202	0	0.7.47.230092	0	0.004607487
202	0	0.7.47.230747	1	0.2349112
202	0	0.7.47.231074	0	0.004607487
202	0	0.7.47.231429	0	0.004607487
202	0	0.7.47.232041	0	0.004607487
202	0	0.7.47.232179	0	0.2342758
202	0	0.7.47.232220	1	0.2349112
202	0	0.7.47.232386	0	0.004607487
202	0	0.7.47.233023	0	0.004607487
202	0	0.7.47.233027	0	0.004607487
202	0	0.7.47.233246	0	0.004607487
202	0	0.7.47.234097	0	0.004607487
202	0	0.7.47.235419	0	0.004607487
202	0	0.7.47.23725	0	0.004607487
202	0	0.7.47.23836	0	0.004607487
202	0	0.7.47.24212	0	0.004607487
202	0	0.7.47.245195	0	0.004607487
202	0	0.7.47.245241	1	0.2342758
202	0	0.7.47.245465	0	0.2342758
202	0	0.7.47.245479	0	0.004607487
202	0	0.7.47.245619	0	0.004607487
202	0	0.7.47.246004	0	0.004607487
202	0	0.7.47.246947	1	0.2349112
202	0	0.7.47.246963	0	0.2342758
202	0	0.7.47.247238	0	0.2342758
202	0	0.7.47.2479	0	0.004607487
202	0	0.7.47.248544	1	0.2416158
202	0	0.7.47.248909	0	0.004607487
202	0	0.7.47.248925	1	0.2342758
202	0	0.7.47.249098	0	0.004607487
202	0	0.7.47.249263	0	0.004607487
202	0	0.7.47.249276	1	0.2349112
202	0	0.7.47.249893	0	0.004607487
202	0	0.7.47.251472	0	0.004607487
202	0	0.7.47.25166	1	0.2349112
202	0	0.7.47.252062	0	0.004607487
202	0	0.7.47.25314	0	0.004607487
202	0	0.7.47.25737	0	0.004607487
202	0	0.7.47.260449	0	0.004607487
202	0	0.7.47.264353	0	0.004607487
202	0	0.7.47.26688	1	0.2349112
202	0	0.7.47.26696	1	0.2416158
202	0	0.7.47.2675	0	0.004607487
202	0	0.7.47.267553	0	0.004607487
202	0	0.7.47.267641	0	0.004607487
202	0	0.7.47.268468	0	0.2349112
202	0	0.7.47.269056	0	0.004607487
202	0	0.7.47.271060	0	0.004607487
202	0	0.7.47.271830	0	0.004607487
202	0	0.7.47.273194	0	0.004607487
202	0	0.7.47.27376	0	0.004607487
202	0	0.7.47.275499	0	0.004607487
202	0	0.7.47.275743	0	0.004607487
202	0	0.7.47.276008	0	0.004607487
202	0	0.7.47.276726	0	0.004607487
202	0	0.7.47.277504	0	0.004607487
202	0	0.7.47.2802	0	0.004607487
202	0	0.7.47.280267	0	0.004607487
202	0	0.7.47.281435	0	0.004607487
202	0	0.7.47.282631	0	0.004607487
202	0	0.7.47.282846	0	0.004607487
202	0	0.7.47.284797	0	0.004607487
202	0	0.7.47.284984	0	0.004607487
202	0	0.7.47.285911	0	0.004607487
202	0	0.7.47.287127	0	0.004607487
202	0	0.7.47.28754	0	0.004607487
202	0	0.7.47.28756	0	0.004607487
202	0	0.7.47.287676	0	0.004607487
202	0	0.7.47.29044	0	0.004607487
202	0	0.7.47.290786	0	0.004607487
202	0	0.7.47.290953	-1	0.004607487
202	0	0.7.47.29331	0	0.004607487
202	0	0.7.47.29383	0	0.004607487
202	0	0.7.47.293895	0	0.2342758
202	0	0.7.47.295917	1	0.2416158
202	0	0.7.47.29641	0	0.004607487
202	0	0.7.47.296651	0	0.004607487
202	0	0.7.47.297586	0	0.004607487
202	0	0.7.47.2985	0	0.004607487
202	0	0.7.47.299192	0	0.004607487
202	0	0.7.47.299913	0	0.004607487
202	0	0.7.47.300647	0	0.004607487
202	0	0.7.47.301125	0	0.004607487
202	0	0.7.47.301804	0	0.004607487
202	0	0.7.47.302582	0	0.004607487
202	0	0.7.47.302997	0	0.2342758
202	0	0.7.47.303060	0	0.004607487
202	0	0.7.47.303078	0	0.004607487
202	0	0.7.47.303743	0	0.004607487
202	0	0.7.47.30406	0	0.004607487
202	0	0.7.47.304835	0	0.004607487
202	0	0.7.47.305154	0	0.004607487
202	0	0.7.47.305223	0	0.2416158
202	0	0.7.47.305397	1	0.2349112
202	0	0.7.47.305735	0	0.004607487
202	0	0.7.47.312087	0	0.004607487
202	0	0.7.47.315539	0	0.004607487
202	0	0.7.47.3165	0	0.004607487
202	0	0.7.47.318131	0	0.004607487
202	0	0.7.47.318510	0	0.004607487
202	0	0.7.47.318865	0	0.004607487
202	0	0.7.47.319337	0	0.004607487
202	0	0.7.47.319463	0	0.004607487
202	0	0.7.47.320081	0	0.004607487
202	0	0.7.47.320187	0	0.004607487
202	0	0.7.47.320240	0	0.004607487
202	0	0.7.47.323507	0	0.004607487
202	0	0.7.47.327174	0	0.004607487
202	0	0.7.47.327687	0	0.004607487
202	0	0.7.47.327688	0	0.004607487
202	0	0.7.47.329394	0	0.004607487
202	0	0.7.47.329437	0	0.004607487
202	0	0.7.47.329554	0	0.004607487
202	0	0.7.47.330747	0	0.004607487
202	0	0.7.47.330986	0	0.004607487
202	0	0.7.47.33154	0	0.004607487
202	0	0.7.47.33172	1	0.2349112
202	0	0.7.47.33177	1	0.2349112
202	0	0.7.47.33373	0	0.004607487
202	0	0.7.47.333998	0	0.004607487
202	0	0.7.47.33503	1	0.2349112
202	0	0.7.47.335044	0	0.004607487
202	0	0.7.47.335487	0	0.004607487
202	0	0.7.47.336361	0	0.004607487
202	0	0.7.47.33713	0	0.2416158
202	0	0.7.47.338934	0	0.004607487
202	0	0.7.47.33975	0	0.004607487
202	0	0.7.47.340287	0	0.004607487
202	0	0.7.47.341315	0	0.004607487
202	0	0.7.47.34351	0	0.004607487
202	0	0.7.47.343625	1	0.2349112
202	0	0.7.47.344014	0	0.2416158
202	0	0.7.47.344265	0	0.2416158
202	0	0.7.47.344904	0	0.004607487
202	0	0.7.47.345272	0	0.2416158
202	0	0.7.47.34669	0	0.004607487
202	0	0.7.47.346710	0	0.004607487
202	0	0.7.47.346871	0	0.004607487
202	0	0.7.47.347367	0	0.004607487
202	0	0.7.47.34817	0	0.004607487
202	0	0.7.47.348586	1	0.2416158
202	0	0.7.47.348952	1	0.2416158
202	0	0.7.47.349712	0	0.004607487
202	0	0.7.47.349853	0	0.004607487
202	0	0.7.47.35021	0	0.2342758
202	0	0.7.47.350290	0	0.004607487
202	0	0.7.47.352756	0	0.004607487
202	0	0.7.47.353034	0	0.004607487
202	0	0.7.47.353037	0	0.004607487
202	0	0.7.47.353271	0	0.004607487
202	0	0.7.47.353759	0	0.004607487
202	0	0.7.47.353786	0	0.004607487
202	0	0.7.47.353987	0	0.004607487
202	0	0.7.47.355161	0	0.004607487
202	0	0.7.47.35543	0	0.004607487
202	0	0.7.47.355682	0	0.004607487
202	0	0.7.47.35589	0	0.2342758
202	0	0.7.47.35790	0	0.2342758
202	0	0.7.47.35808	0	0.2342758
202	0	0.7.47.358150	0	0.004607487
202	0	0.7.47.358440	0	0.004607487
202	0	0.7.47.359490	0	0.004607487
202	0	0.7.47.359956	0	0.004607487
202	0	0.7.47.360208	0	0.004607487
202	0	0.7.47.36137	0	0.2342758
202	0	0.7.47.362110	0	0.004607487
202	0	0.7.47.362182	0	0.2342758
202	0	0.7.47.363097	0	0.004607487
202	0	0.7.47.363352	0	0.2342758
202	0	0.7.47.363355	0	0.2342758
202	0	0.7.47.364544	0	0.004607487
202	0	0.7.47.364630	0	0.2342758
202	0	0.7.47.364957	0	0.004607487
202	0	0.7.47.365764	0	0.2342758
202	0	0.7.47.366378	0	0.004607487
202	0	0.7.47.366387	0	0.2342758
202	0	0.7.47.366433	0	0.004607487
202	0	0.7.47.366720	0	0.004607487
202	0	0.7.47.367431	0	0.004607487
202	0	0.7.47.367629	0	0.004607487
202	0	0.7.47.367869	1	0.2349112
202	0	0.7.47.371686	0	0.004607487
202	0	0.7.47.372091	0	0.004607487
202	0	0.7.47.372673	0	0.004607487
202	0	0.7.47.372712	0	0.004607487
202	0	0.7.47.373515	0	0.004607487
202	0	0.7.47.37383	0	0.004607487
202	0	0.7.47.37398	0	0.004607487
202	0	0.7.47.374773	0	0.004607487
202	0	0.7.47.374894	0	0.004607487
202	0	0.7.47.375040	0	0.004607487
202	0	0.7.47.375342	1	0.2349112
202	0	0.7.47.376231	1	0.2349112
202	0	0.7.47.376574	0	0.004607487
202	0	0.7.47.376996	0	0.004607487
202	0	0.7.47.377188	0	0.004607487
202	0	0.7.47.377694	0	0.004607487
202	0	0.7.47.378401	1	0.2416158
202	0	0.7.47.378502	1	0.2416158
202	0	0.7.47.379034	0	0.004607487
202	0	0.7.47.3828	0	0.004607487
202	0	0.7.47.38339	0	0.004607487
202	0	0.7.47.385019	1	0.2349112
202	0	0.7.47.386900	0	0.004607487
202	0	0.7.47.387228	0	0.004607487
202	0	0.7.47.387529	0	0.004607487
202	0	0.7.47.387821	0	0.004607487
202	0	0.7.47.388104	0	0.004607487
202	0	0.7.47.388121	0	0.004607487
202	0	0.7.47.388575	0	0.004607487
202	0	0.7.47.388683	0	0.004607487
202	0	0.7.47.388748	0	0.004607487
202	0	0.7.47.390443	0	0.2416158
202	0	0.7.47.391252	1	0.2349112
202	0	0.7.47.391313	0	0.2342758
202	0	0.7.47.391811	1	0.2416158
202	0	0.7.47.394	0	0.004607487
202	0	0.7.47.39416	0	0.004607487
202	0	0.7.47.39508	0	0.004607487
202	0	0.7.47.39539	0	0.004607487
202	0	0.7.47.40190	0	0.004607487
202	0	0.7.47.403	0	0.004607487
202	0	0.7.47.406105	0	0.004607487
202	0	0.7.47.407070	0	0.004607487
202	0	0.7.47.407101	0	0.004607487
202	0	0.7.47.409044	0	0.004607487
202	0	0.7.47.409451	0	0.004607487
202	0	0.7.47.409643	0	0.004607487
202	0	0.7.47.412162	0	0.004607487
202	0	0.7.47.41296	0	0.2342758
202	0	0.7.47.413181	0	0.004607487
202	0	0.7.47.413347	0	0.004607487
202	0	0.7.47.413916	0	0.004607487
202	0	0.7.47.415120	0	0.004607487
202	0	0.7.47.415165	0	0.004607487
202	0	0.7.47.415551	0	0.004607487
202	0	0.7.47.415929	0	0.004607487
202	0	0.7.47.41642	0	0.004607487
202	0	0.7.47.416887	0	0.004607487
202	0	0.7.47.416925	0	0.004607487
202	0	0.7.47.417715	0	0.004607487
202	0	0.7.47.417965	0	0.004607487
202	0	0.7.47.418008	0	0.004607487
202	0	0.7.47.419654	0	0.004607487
202	0	0.7.47.420429	0	0.004607487
202	0	0.7.47.420634	0	0.004607487
202	0	0.7.47.420745	0	0.004607487
202	0	0.7.47.421421	0	0.004607487
202	0	0.7.47.422476	0	0.004607487
202	0	0.7.47.4227	0	0.004607487
202	0	0.7.47.422985	0	0.2342758
202	0	0.7.47.423650	0	0.004607487
202	0	0.7.47.423682	0	0.004607487
202	0	0.7.47.423893	0	0.004607487
202	0	0.7.47.424239	0	0.004607487
202	0	0.7.47.424684	0	0.004607487
202	0	0.7.47.425126	0	0.004607487
202	0	0.7.47.425706	0	0.004607487
202	0	0.7.47.425956	0	0.004607487
202	0	0.7.47.427624	0	0.004607487
202	0	0.7.47.4278	0	0.004607487
202	0	0.7.47.428116	0	0.004607487
202	0	0.7.47.428487	0	0.004607487
202	0	0.7.47.429751	0	0.004607487
202	0	0.7.47.429808	0	0.004607487
202	0	0.7.47.429904	0	0.004607487
202	0	0.7.47.430146	0	0.004607487
202	0	0.7.47.430790	0	0.004607487
202	0	0.7.47.432277	0	0.004607487
202	0	0.7.47.43310	0	0.004607487
202	0	0.7.47.43332	0	0.004607487
202	0	0.7.47.43458	0	0.2342758
202	0	0.7.47.435396	0	0.004607487
202	0	0.7.47.436249	0	0.004607487
202	0	0.7.47.436646	0	0.004607487
202	0	0.7.47.436665	0	0.004607487
202	0	0.7.47.436694	0	0.004607487
202	0	0.7.47.437097	0	0.004607487
202	0	0.7.47.43712	0	0.004607487
202	0	0.7.47.43716	0	0.2342758
202	0	0.7.47.437589	0	0.004607487
202	0	0.7.47.437860	0	0.004607487
202	0	0.7.47.438196	0	0.004607487
202	0	0.7.47.438275	0	0.004607487
202	0	0.7.47.4386	0	0.004607487
202	0	0.7.47.439750	0	0.004607487
202	0	0.7.47.44046	1	0.2416158
202	0	0.7.47.44077	0	0.004607487
202	0	0.7.47.44080	1	0.2349112
202	0	0.7.47.44085	1	0.2349112
202	0	0.7.47.440951	0	0.2342758
202	0	0.7.47.441040	0	0.004607487
202	0	0.7.47.442	0	0.004607487
202	0	0.7.47.442910	0	0.004607487
202	0	0.7.47.44298	1	0.2349112
202	0	0.7.47.443153	0	0.004607487
202	0	0.7.47.443159	0	0.2342758
202	0	0.7.47.443588	0	0.004607487
202	0	0.7.47.444352	0	0.004607487
202	0	0.7.47.44477	1	0.2416158
202	0	0.7.47.44629	1	0.2416158
202	0	0.7.47.44630	1	0.2349112
202	0	0.7.47.44665	1	0.2349112
202	0	0.7.47.44705	1	0.2416158
202	0	0.7.47.44794	1	0.2416158
202	0	0.7.47.44805	1	0.2349112
202	0	0.7.47.44884	1	0.2349112
202	0	0.7.47.449365	0	0.004607487
202	0	0.7.47.449462	0	0.004607487
202	0	0.7.47.451058	0	0.004607487
202	0	0.7.47.451388	0	0.004607487
202	0	0.7.47.451446	0	0.004607487
202	0	0.7.47.45165	0	0.004607487
202	0	0.7.47.451709	0	0.004607487
202	0	0.7.47.452304	0	0.004607487
202	0	0.7.47.452629	0	0.004607487
202	0	0.7.47.45327	0	0.004607487
202	0	0.7.47.453302	0	0.004607487
202	0	0.7.47.45347	1	0.2416158
202	0	0.7.47.454181	-1	0.004607487
202	0	0.7.47.454196	0	0.004607487
202	0	0.7.47.45451	1	0.2349112
202	0	0.7.47.455156	0	0.004607487
202	0	0.7.47.45559	0	0.004607487
202	0	0.7.47.456	0	0.004607487
202	0	0.7.47.45632	1	0.2349112
202	0	0.7.47.457321	0	0.004607487
202	0	0.7.47.45744	1	0.2349112
202	0	0.7.47.460553	0	0.2342758
202	0	0.7.47.46327	1	0.2349112
202	0	0.7.47.464662	0	0.004607487
202	0	0.7.47.464784	0	0.004607487
202	0	0.7.47.465073	0	0.004607487
202	0	0.7.47.465457	-2	0.004607487
202	0	0.7.47.465585	-1	0.2416158
202	0	0.7.47.466117	0	0.004607487
202	0	0.7.47.466346	0	0.2349112
202	0	0.7.47.466409	0	0.004607487
202	0	0.7.47.466741	0	0.004607487
202	0	0.7.47.468063	0	0.004607487
202	0	0.7.47.468187	0	0.004607487
202	0	0.7.47.46819	1	0.2416158
202	0	0.7.47.46823	1	0.2349112
202	0	0.7.47.46828	1	0.2349112
202	0	0.7.47.468296	0	0.004607487
202	0	0.7.47.468736	0	0.004607487
202	0	0.7.47.468837	0	0.004607487
202	0	0.7.47.469026	1	0.2349112
202	0	0.7.47.469925	0	0.004607487
202	0	0.7.47.46993	0	0.004607487
202	0	0.7.47.47002	0	0.2416158
202	0	0.7.47.47003	0	0.2416158
202	0	0.7.47.470848	0	0.004607487
202	0	0.7.47.472172	0	0.004607487
202	0	0.7.47.473102	0	0.004607487
202	0	0.7.47.473340	0	0.004607487
202	0	0.7.47.473919	0	0.004607487
202	0	0.7.47.473920	0	0.004607487
202	0	0.7.47.475970	0	0.004607487
202	0	0.7.47.477264	1	0.2342758
202	0	0.7.47.477822	0	0.004607487
202	0	0.7.47.478130	0	0.2342758
202	0	0.7.47.478435	0	0.004607487
202	0	0.7.47.478553	0	0.004607487
202	0	0.7.47.479148	0	0.004607487
202	0	0.7.47.479176	0	0.004607487
202	0	0.7.47.479468	0	0.004607487
202	0	0.7.47.479940	0	0.004607487
202	0	0.7.47.480843	0	0.004607487
202	0	0.7.47.481290	0	0.004607487
202	0	0.7.47.481677	0	0.004607487
202	0	0.7.47.483598	1	0.2349112
202	0	0.7.47.483827	1	0.2349112
202	0	0.7.47.483890	1	0.2349112
202	0	0.7.47.484191	0	0.004607487
202	0	0.7.47.484229	1	0.2349112
202	0	0.7.47.484499	0	0.004607487
202	0	0.7.47.484740	1	0.2349112
202	0	0.7.47.48481	0	0.004607487
202	0	0.7.47.485013	1	0.2349112
202	0	0.7.47.485339	0	0.004607487
202	0	0.7.47.485466	1	0.2349112
202	0	0.7.47.486514	1	0.2349112
202	0	0.7.47.48660	0	0.004607487
202	0	0.7.47.487186	1	0.2349112
202	0	0.7.47.487417	0	0.004607487
202	0	0.7.47.488607	0	0.004607487
202	0	0.7.47.488704	0	0.004607487
202	0	0.7.47.488872	0	0.004607487
202	0	0.7.47.489059	0	0.004607487
202	0	0.7.47.489106	0	0.004607487
202	0	0.7.47.489230	0	0.004607487
202	0	0.7.47.489598	0	0.004607487
202	0	0.7.47.489720	1	0.2416158
202	0	0.7.47.489869	0	0.004607487
202	0	0.7.47.489960	0	0.004607487
202	0	0.7.47.490013	0	0.004607487
202	0	0.7.47.490078	0	0.2342758
202	0	0.7.47.50	0	0.004607487
202	0	0.7.47.501199	0	0.004607487
202	0	0.7.47.502868	1	0.2416158
202	0	0.7.47.503714	0	0.004607487
202	0	0.7.47.504647	0	0.004607487
202	0	0.7.47.505737	1	0.2342758
202	0	0.7.47.506615	0	0.004607487
202	0	0.7.47.507861	0	0.004607487
202	0	0.7.47.509227	0	0.004607487
202	0	0.7.47.509261	0	0.004607487
202	0	0.7.47.509345	0	0.004607487
202	0	0.7.47.511481	0	0.004607487
202	0	0.7.47.511649	0	0.004607487
202	0	0.7.47.511732	0	0.004607487
202	0	0.7.47.514598	0	0.004607487
202	0	0.7.47.514677	0	0.004607487
202	0	0.7.47.514823	0	0.004607487
202	0	0.7.47.515549	0	0.004607487
202	0	0.7.47.515561	0	0.004607487
202	0	0.7.47.5162	0	0.004607487
202	0	0.7.47.516272	0	0.004607487
202	0	0.7.47.517514	0	0.004607487
202	0	0.7.47.517683	0	0.004607487
202	0	0.7.47.518831	0	0.004607487
202	0	0.7.47.5192	0	0.004607487
202	0	0.7.47.519801	0	0.004607487
202	0	0.7.47.520505	0	0.004607487
202	0	0.7.47.520885	0	0.004607487
202	0	0.7.47.520902	0	0.004607487
202	0	0.7.47.520917	0	0.004607487
202	0	0.7.47.521359	0	0.004607487
202	0	0.7.47.521360	0	0.004607487
202	0	0.7.47.521861	0	0.004607487
202	0	0.7.47.523333	0	0.2342758
202	0	0.7.47.523956	0	0.004607487
202	0	0.7.47.523962	0	0.004607487
202	0	0.7.47.524014	0	0.004607487
202	0	0.7.47.527559	1	0.2342758
202	0	0.7.47.527570	1	0.2349112
202	0	0.7.47.527620	1	0.2349112
202	0	0.7.47.527719	0	0.2342758
202	0	0.7.47.527790	0	0.2342758
202	0	0.7.47.527811	0	0.004607487
202	0	0.7.47.527849	0	0.2416158
202	0	0.7.47.527965	0	0.004607487
202	0	0.7.47.528529	0	0.004607487
202	0	0.7.47.529056	0	0.004607487
202	0	0.7.47.529332	0	0.004607487
202	0	0.7.47.531437	0	0.004607487
202	0	0.7.47.531513	0	0.004607487
202	0	0.7.47.531707	0	0.004607487
202	0	0.7.47.531811	0	0.004607487
202	0	0.7.47.532084	0	0.004607487
202	0	0.7.47.534819	0	0.004607487
202	0	0.7.47.535055	0	0.004607487
202	0	0.7.47.539919	0	0.2342758
202	0	0.7.47.540092	0	0.004607487
202	0	0.7.47.542612	0	0.004607487
202	0	0.7.47.544800	-1	0.004607487
202	0	0.7.47.545841	0	0.004607487
202	0	0.7.47.547718	0	0.004607487
202	0	0.7.47.548574	0	0.004607487
202	0	0.7.47.548622	0	0.004607487
202	0	0.7.47.548665	0	0.004607487
202	0	0.7.47.549000	0	0.004607487
202	0	0.7.47.549070	1	0.2416158
202	0	0.7.47.549763	0	0.004607487
202	0	0.7.47.549791	0	0.004607487
202	0	0.7.47.549920	0	0.2342758
202	0	0.7.47.552361	0	0.004607487
202	0	0.7.47.565676	0	0.004607487
202	0	0.7.47.565770	0	0.004607487
202	0	0.7.47.565784	0	0.004607487
202	0	0.7.47.56646	-1	0.004607487
202	0	0.7.47.566719	0	0.004607487
202	0	0.7.47.566965	0	0.004607487
202	0	0.7.47.567179	0	0.004607487
202	0	0.7.47.567740	0	0.004607487
202	0	0.7.47.570828	0	0.004607487
202	0	0.7.47.570994	0	0.004607487
202	0	0.7.47.574161	0	0.2342758
202	0	0.7.47.574576	0	0.004607487
202	0	0.7.47.575498	0	0.004607487
202	0	0.7.47.575657	0	0.004607487
202	0	0.7.47.575680	1	0.2349112
202	0	0.7.47.575682	0	0.004607487
202	0	0.7.47.576537	1	0.2416158
202	0	0.7.47.577781	0	0.004607487
202	0	0.7.47.578130	0	0.004607487
202	0	0.7.47.578211	1	0.2349112
202	0	0.7.47.578240	0	0.2342758
202	0	0.7.47.578241	1	0.2342758
202	0	0.7.47.578283	1	0.2342758
202	0	0.7.47.578365	0	0.2342758
202	0	0.7.47.578366	1	0.2342758
202	0	0.7.47.578367	1	0.2342758
202	0	0.7.47.578368	1	0.2342758
202	0	0.7.47.578405	1	0.2349112
202	0	0.7.47.578406	1	0.2349112
202	0	0.7.47.578408	1	0.2349112
202	0	0.7.47.578625	1	0.2416158
202	0	0.7.47.578638	1	0.2416158
202	0	0.7.47.579462	1	0.2349112
202	0	0.7.47.58042	0	0.004607487
202	0	0.7.47.581370	0	0.004607487
202	0	0.7.47.584400	0	0.004607487
202	0	0.7.47.584889	0	0.004607487
202	0	0.7.47.585089	0	0.004607487
202	0	0.7.47.585538	0	0.004607487
202	0	0.7.47.585555	0	0.004607487
202	0	0.7.47.588470	0	0.004607487
202	0	0.7.47.590993	0	0.004607487
202	0	0.7.47.592264	0	0.004607487
202	0	0.7.47.594645	0	0.004607487
202	0	0.7.47.595977	0	0.004607487
202	0	0.7.47.598228	0	0.004607487
202	0	0.7.47.598358	0	0.2342758
202	0	0.7.47.602133	0	0.004607487
202	0	0.7.47.604334	0	0.2342758
202	0	0.7.47.604761	0	0.004607487
202	0	0.7.47.605991	0	0.004607487
202	0	0.7.47.608014	0	0.004607487
202	0	0.7.47.608147	0	0.004607487
202	0	0.7.47.6095	0	0.004607487
202	0	0.7.47.611281	1	0.2342758
202	0	0.7.47.6115	0	0.004607487
202	0	0.7.47.612154	0	0.004607487
202	0	0.7.47.612568	0	0.2342758
202	0	0.7.47.614134	0	0.004607487
202	0	0.7.47.614613	0	0.004607487
202	0	0.7.47.615324	0	0.004607487
202	0	0.7.47.616575	1	0.2349112
202	0	0.7.47.617408	0	0.2342758
202	0	0.7.47.617466	1	0.2416158
202	0	0.7.47.617961	0	0.004607487
202	0	0.7.47.618485	0	0.2416158
202	0	0.7.47.618540	0	0.2416158
202	0	0.7.47.618551	0	0.004607487
202	0	0.7.47.618558	0	0.2416158
202	0	0.7.47.6187	0	0.004607487
202	0	0.7.47.619372	0	0.004607487
202	0	0.7.47.619766	0	0.004607487
202	0	0.7.47.619849	1	0.2342758
202	0	0.7.47.620897	0	0.2342758
202	0	0.7.47.621576	0	0.2416158
202	0	0.7.47.622578	0	0.2416158
202	0	0.7.47.622580	0	0.2416158
202	0	0.7.47.622936	0	0.2416158
202	0	0.7.47.623378	0	0.004607487
202	0	0.7.47.623676	0	0.2416158
202	0	0.7.47.624227	0	0.004607487
202	0	0.7.47.624337	0	0.004607487
202	0	0.7.47.624522	0	0.2342758
202	0	0.7.47.624626	0	0.2342758
202	0	0.7.47.629513	0	0.2416158
202	0	0.7.47.629561	0	0.2416158
202	0	0.7.47.629809	0	0.004607487
202	0	0.7.47.6303	0	0.004607487
202	0	0.7.47.632290	0	0.004607487
202	0	0.7.47.633599	1	0.2349112
202	0	0.7.47.634743	0	0.004607487
202	0	0.7.47.634832	0	0.2416158
202	0	0.7.47.635244	1	0.2349112
202	0	0.7.47.636401	0	0.2349112
202	0	0.7.47.636499	0	0.2416158
202	0	0.7.47.636633	1	0.2416158
202	0	0.7.47.63832	0	0.004607487
202	0	0.7.47.640905	0	0.004607487
202	0	0.7.47.641909	0	0.004607487
202	0	0.7.47.64421	0	0.004607487
202	0	0.7.47.644229	0	0.004607487
202	0	0.7.47.64430	0	0.004607487
202	0	0.7.47.644722	0	0.004607487
202	0	0.7.47.646805	0	0.004607487
202	0	0.7.47.64734	0	0.004607487
202	0	0.7.47.6482	0	0.004607487
202	0	0.7.47.648580	0	0.004607487
202	0	0.7.47.652283	0	0.004607487
202	0	0.7.47.652464	0	0.004607487
202	0	0.7.47.652529	0	0.004607487
202	0	0.7.47.6536	0	0.004607487
202	0	0.7.47.654520	0	0.004607487
202	0	0.7.47.655212	0	0.004607487
202	0	0.7.47.655718	0	0.004607487
202	0	0.7.47.655950	0	0.004607487
202	0	0.7.47.656050	0	0.004607487
202	0	0.7.47.657436	0	0.2349112
202	0	0.7.47.657684	0	0.004607487
202	0	0.7.47.657976	0	0.004607487
202	0	0.7.47.658633	1	0.2416158
202	0	0.7.47.658897	1	0.2349112
202	0	0.7.47.659742	0	0.004607487
202	0	0.7.47.659759	0	0.004607487
202	0	0.7.47.659763	0	0.004607487
202	0	0.7.47.660420	0	0.004607487
202	0	0.7.47.66091	0	0.004607487
202	0	0.7.47.663068	0	0.004607487
202	0	0.7.47.66458	0	0.004607487
202	0	0.7.47.664607	0	0.004607487
202	0	0.7.47.66480	1	0.2342758
202	0	0.7.47.664948	0	0.004607487
202	0	0.7.47.665008	0	0.004607487
202	0	0.7.47.665450	0	0.004607487
202	0	0.7.47.665672	0	0.004607487
202	0	0.7.47.66640	0	0.004607487
202	0	0.7.47.669465	0	0.004607487
202	0	0.7.47.669642	0	0.004607487
202	0	0.7.47.670017	0	0.004607487
202	0	0.7.47.671748	0	0.004607487
202	0	0.7.47.671764	0	0.004607487
202	0	0.7.47.67418	0	0.2416158
202	0	0.7.47.674590	-1	0.004607487
202	0	0.7.47.675450	0	0.004607487
202	0	0.7.47.675725	0	0.004607487
202	0	0.7.47.67795	1	0.2416158
202	0	0.7.47.678774	0	0.004607487
202	0	0.7.47.67903	0	0.004607487
202	0	0.7.47.67948	1	0.2416158
202	0	0.7.47.680090	0	0.004607487
202	0	0.7.47.680436	0	0.004607487
202	0	0.7.47.680704	0	0.004607487
202	0	0.7.47.6808	0	0.004607487
202	0	0.7.47.681054	0	0.004607487
202	0	0.7.47.681364	0	0.004607487
202	0	0.7.47.683185	0	0.004607487
202	0	0.7.47.685005	0	0.004607487
202	0	0.7.47.685076	0	0.004607487
202	0	0.7.47.685202	0	0.004607487
202	0	0.7.47.687227	0	0.004607487
202	0	0.7.47.68725	0	0.004607487
202	0	0.7.47.687400	0	0.004607487
202	0	0.7.47.687644	0	0.004607487
202	0	0.7.47.687828	0	0.004607487
202	0	0.7.47.688011	0	0.004607487
202	0	0.7.47.689493	0	0.004607487
202	0	0.7.47.689907	0	0.004607487
202	0	0.7.47.690957	0	0.004607487
202	0	0.7.47.691120	0	0.004607487
202	0	0.7.47.692039	0	0.004607487
202	0	0.7.47.692041	0	0.004607487
202	0	0.7.47.692629	0	0.004607487
202	0	0.7.47.692651	0	0.004607487
202	0	0.7.47.693426	0	0.004607487
202	0	0.7.47.693703	0	0.004607487
202	0	0.7.47.693931	0	0.004607487
202	0	0.7.47.694025	0	0.004607487
202	0	0.7.47.694846	0	0.004607487
202	0	0.7.47.694953	0	0.004607487
202	0	0.7.47.697114	0	0.004607487
202	0	0.7.47.697553	0	0.004607487
202	0	0.7.47.697612	0	0.004607487
202	0	0.7.47.698813	1	0.2342758
202	0	0.7.47.698823	0	0.004607487
202	0	0.7.47.699107	0	0.2342758
202	0	0.7.47.699461	1	0.2416158
202	0	0.7.47.699700	1	0.2349112
202	0	0.7.47.699836	0	0.2342758
202	0	0.7.47.700081	0	0.004607487
202	0	0.7.47.700187	0	0.2342758
202	0	0.7.47.700349	0	0.004607487
202	0	0.7.47.700815	0	0.2342758
202	0	0.7.47.700841	1	0.2342758
202	0	0.7.47.701321	1	0.2349112
202	0	0.7.47.702340	0	0.004607487
202	0	0.7.47.702380	0	0.004607487
202	0	0.7.47.702412	0	0.004607487
202	0	0.7.47.702542	0	0.004607487
202	0	0.7.47.703207	0	0.004607487
202	0	0.7.47.703212	0	0.004607487
202	0	0.7.47.703419	0	0.004607487
202	0	0.7.47.704389	0	0.004607487
202	0	0.7.47.705108	0	0.004607487
202	0	0.7.47.705200	0	0.004607487
202	0	0.7.47.7054	0	0.004607487
202	0	0.7.47.705485	0	0.004607487
202	0	0.7.47.706053	0	0.2342758
202	0	0.7.47.706457	1	0.2342758
202	0	0.7.47.706493	0	0.2342758
202	0	0.7.47.706976	0	0.004607487
202	0	0.7.47.707383	0	0.004607487
202	0	0.7.47.708381	0	0.2342758
202	0	0.7.47.708384	0	0.2342758
202	0	0.7.47.708650	0	0.004607487
202	0	0.7.47.708850	0	0.004607487
202	0	0.7.47.709485	0	0.004607487
202	0	0.7.47.710906	0	0.2342758
202	0	0.7.47.711269	0	0.004607487
202	0	0.7.47.711943	-1	0.2342758
202	0	0.7.47.712185	0	0.004607487
202	0	0.7.47.713188	1	0.2349112
202	0	0.7.47.713375	0	0.2342758
202	0	0.7.47.713436	1	0.2349112
202	0	0.7.47.714508	0	0.2342758
202	0	0.7.47.715077	0	0.004607487
202	0	0.7.47.715286	0	0.2342758
202	0	0.7.47.715408	0	0.004607487
202	0	0.7.47.715453	0	0.004607487
202	0	0.7.47.719058	0	0.004607487
202	0	0.7.47.719086	0	0.004607487
202	0	0.7.47.719334	0	0.004607487
202	0	0.7.47.719717	0	0.004607487
202	0	0.7.47.723081	0	0.004607487
202	0	0.7.47.723474	0	0.004607487
202	0	0.7.47.723582	0	0.004607487
202	0	0.7.47.723718	0	0.004607487
202	0	0.7.47.724715	0	0.004607487
202	0	0.7.47.724803	0	0.004607487
202	0	0.7.47.724816	0	0.004607487
202	0	0.7.47.724962	0	0.004607487
202	0	0.7.47.725160	0	0.004607487
202	0	0.7.47.729462	0	0.004607487
202	0	0.7.47.729496	0	0.004607487
202	0	0.7.47.729718	0	0.004607487
202	0	0.7.47.731337	0	0.004607487
202	0	0.7.47.732203	0	0.004607487
202	0	0.7.47.732244	0	0.004607487
202	0	0.7.47.733658	0	0.004607487
202	0	0.7.47.734690	0	0.004607487
202	0	0.7.47.735317	0	0.004607487
202	0	0.7.47.735987	0	0.004607487
202	0	0.7.47.737860	0	0.004607487
202	0	0.7.47.738144	0	0.004607487
202	0	0.7.47.740852	0	0.004607487
202	0	0.7.47.740983	1	0.2342758
202	0	0.7.47.741712	0	0.2342758
202	0	0.7.47.742087	0	0.004607487
202	0	0.7.47.743722	0	0.004607487
202	0	0.7.47.745394	-1	0.004607487
202	0	0.7.47.748678	0	0.004607487
202	0	0.7.47.749063	0	0.004607487
202	0	0.7.47.750834	0	0.004607487
202	0	0.7.47.752144	0	0.004607487
202	0	0.7.47.752454	1	0.2349112
202	0	0.7.47.752624	0	0.2342758
202	0	0.7.47.752729	0	0.004607487
202	0	0.7.47.752855	1	0.2342758
202	0	0.7.47.753087	0	0.004607487
202	0	0.7.47.7542	0	0.004607487
202	0	0.7.47.755240	0	0.004607487
202	0	0.7.47.755397	1	0.2416158
202	0	0.7.47.756379	0	0.004607487
202	0	0.7.47.756437	0	0.004607487
202	0	0.7.47.756578	0	0.004607487
202	0	0.7.47.757028	0	0.004607487
202	0	0.7.47.757233	0	0.2342758
202	0	0.7.47.757807	0	0.004607487
202	0	0.7.47.758005	1	0.2349112
202	0	0.7.47.758014	0	0.004607487
202	0	0.7.47.75869	0	0.004607487
202	0	0.7.47.759540	0	0.004607487
202	0	0.7.47.759868	0	0.004607487
202	0	0.7.47.760049	0	0.004607487
202	0	0.7.47.760396	0	0.004607487
202	0	0.7.47.761008	0	0.004607487
202	0	0.7.47.76148	0	0.004607487
202	0	0.7.47.761988	0	0.004607487
202	0	0.7.47.762251	0	0.004607487
202	0	0.7.47.763301	0	0.004607487
202	0	0.7.47.763551	0	0.004607487
202	0	0.7.47.763622	0	0.004607487
202	0	0.7.47.763757	0	0.004607487
202	0	0.7.47.76394	0	0.004607487
202	0	0.7.47.764710	0	0.004607487
202	0	0.7.47.764974	0	0.2342758
202	0	0.7.47.765554	1	0.2349112
202	0	0.7.47.766172	0	0.004607487
202	0	0.7.47.766440	0	0.004607487
202	0	0.7.47.78748	-1	0.004607487
202	0	0.7.47.789386	0	0.004607487
202	0	0.7.47.790909	0	0.004607487
202	0	0.7.47.79124	0	0.004607487
202	0	0.7.47.793522	0	0.004607487
202	0	0.7.47.796087	1	0.2349112
202	0	0.7.47.796126	0	0.004607487
202	0	0.7.47.796559	1	0.2349112
202	0	0.7.47.800362	0	0.004607487
202	0	0.7.47.80056	0	0.004607487
202	0	0.7.47.801640	0	0.004607487
202	0	0.7.47.80182	-2	0.004607487
202	0	0.7.47.807777	0	0.004607487
202	0	0.7.47.808067	0	0.2342758
202	0	0.7.47.808117	1	0.2416158
202	0	0.7.47.808232	1	0.2349112
202	0	0.7.47.808233	1	0.2349112
202	0	0.7.47.808243	1	0.2349112
202	0	0.7.47.808338	0	0.004607487
202	0	0.7.47.808563	1	0.004607487
202	0	0.7.47.808968	0	0.004607487
202	0	0.7.47.809132	0	0.004607487
202	0	0.7.47.812199	0	0.004607487
202	0	0.7.47.812827	0	0.004607487
202	0	0.7.47.813656	1	0.2416158
202	0	0.7.47.813805	0	0.004607487
202	0	0.7.47.814480	0	0.004607487
202	0	0.7.47.814653	0	0.004607487
202	0	0.7.47.81586	0	0.004607487
202	0	0.7.47.8160	0	0.004607487
202	0	0.7.47.816740	-2	0.2349112
202	0	0.7.47.817343	-1	0.004607487
202	0	0.7.47.817777	-1	0.004607487
202	0	0.7.47.817884	1	0.2416158
202	0	0.7.47.818074	0	0.004607487
202	0	0.7.47.818150	0	0.004607487
202	0	0.7.47.8187	0	0.004607487
202	0	0.7.47.819602	0	0.2342758
202	0	0.7.47.819982	0	0.004607487
202	0	0.7.47.819992	0	0.004607487
202	0	0.7.47.820499	1	0.2416158
202	0	0.7.47.820988	1	0.2342758
202	0	0.7.47.82189	0	0.004607487
202	0	0.7.47.822196	0	0.004607487
202	0	0.7.47.822529	0	0.004607487
202	0	0.7.47.823242	0	0.2342758
202	0	0.7.47.823521	0	0.004607487
202	0	0.7.47.824155	0	0.004607487
202	0	0.7.47.824264	-2	0.004607487
202	0	0.7.47.825533	1	0.2349112
202	0	0.7.47.825754	0	0.2342758
202	0	0.7.47.825936	1	0.2349112
202	0	0.7.47.826317	0	0.2342758
202	0	0.7.47.826318	1	0.2342758
202	0	0.7.47.826381	1	0.2349112
202	0	0.7.47.826732	1	0.2349112
202	0	0.7.47.827123	0	0.004607487
202	0	0.7.47.828017	0	0.2342758
202	0	0.7.47.828617	0	0.2416158
202	0	0.7.47.828706	0	0.004607487
202	0	0.7.47.828883	1	0.2349112
202	0	0.7.47.833161	1	0.2416158
202	0	0.7.47.834221	0	0.004607487
202	0	0.7.47.834546	0	0.004607487
202	0	0.7.47.835427	0	0.004607487
202	0	0.7.47.837356	0	0.004607487
202	0	0.7.47.837842	0	0.004607487
202	0	0.7.47.838091	1	0.2342758
202	0	0.7.47.838346	0	0.004607487
202	0	0.7.47.839762	0	0.004607487
202	0	0.7.47.839780	0	0.004607487
202	0	0.7.47.84840	0	0.004607487
202	0	0.7.47.850802	0	0.004607487
202	0	0.7.47.850991	0	0.004607487
202	0	0.7.47.851207	0	0.004607487
202	0	0.7.47.851269	0	0.004607487
202	0	0.7.47.851637	0	0.004607487
202	0	0.7.47.851873	0	0.004607487
202	0	0.7.47.853145	0	0.004607487
202	0	0.7.47.854008	0	0.004607487
202	0	0.7.47.85442	0	0.004607487
202	0	0.7.47.854527	0	0.004607487
202	0	0.7.47.854711	0	0.004607487
202	0	0.7.47.854752	0	0.004607487
202	0	0.7.47.855994	0	0.004607487
202	0	0.7.47.857043	0	0.004607487
202	0	0.7.47.857382	0	0.004607487
202	0	0.7.47.857825	0	0.004607487
202	0	0.7.47.859927	0	0.004607487
202	0	0.7.47.860923	0	0.004607487
202	0	0.7.47.861408	0	0.004607487
202	0	0.7.47.861783	0	0.004607487
202	0	0.7.47.861794	0	0.004607487
202	0	0.7.47.861815	0	0.004607487
202	0	0.7.47.862266	0	0.004607487
202	0	0.7.47.862491	0	0.004607487
202	0	0.7.47.862509	0	0.004607487
202	0	0.7.47.86273	0	0.004607487
202	0	0.7.47.864987	0	0.004607487
202	0	0.7.47.865252	0	0.004607487
202	0	0.7.47.865977	0	0.004607487
202	0	0.7.47.866604	0	0.004607487
202	0	0.7.47.869578	0	0.004607487
202	0	0.7.47.870521	0	0.004607487
202	0	0.7.47.870552	0	0.004607487
202	0	0.7.47.870601	0	0.004607487
202	0	0.7.47.870647	0	0.004607487
202	0	0.7.47.871727	0	0.004607487
202	0	0.7.47.871957	0	0.004607487
202	0	0.7.47.871963	0	0.004607487
202	0	0.7.47.873083	1	0.2416158
202	0	0.7.47.873084	1	0.2416158
202	0	0.7.47.873085	1	0.2416158
202	0	0.7.47.873092	1	0.2416158
202	0	0.7.47.875298	0	0.004607487
202	0	0.7.47.87579	0	0.004607487
202	0	0.7.47.877781	0	0.004607487
202	0	0.7.47.878091	0	0.004607487
202	0	0.7.47.879747	0	0.004607487
202	0	0.7.47.881373	0	0.2342758
202	0	0.7.47.88154	0	0.004607487
202	0	0.7.47.882159	0	0.004607487
202	0	0.7.47.884426	0	0.004607487
202	0	0.7.47.884605	0	0.004607487
202	0	0.7.47.886230	0	0.004607487
202	0	0.7.47.888299	1	0.2342758
202	0	0.7.47.88971	0	0.004607487
202	0	0.7.47.89019	0	0.004607487
202	0	0.7.47.890627	0	0.004607487
202	0	0.7.47.893277	0	0.004607487
202	0	0.7.47.895575	0	0.004607487
202	0	0.7.47.896544	0	0.004607487
202	0	0.7.47.898032	0	0.004607487
202	0	0.7.47.898338	0	0.004607487
202	0	0.7.47.898888	0	0.004607487
202	0	0.7.47.899391	0	0.004607487
202	0	0.7.47.899861	0	0.004607487
202	0	0.7.47.900572	0	0.2342758
202	0	0.7.47.900956	0	0.004607487
202	0	0.7.47.901111	0	0.004607487
202	0	0.7.47.901561	1	0.2416158
202	0	0.7.47.902398	0	0.004607487
202	0	0.7.47.90266	0	0.004607487
202	0	0.7.47.902685	0	0.004607487
202	0	0.7.47.902751	0	0.004607487
202	0	0.7.47.904500	0	0.004607487
202	0	0.7.47.904666	0	0.004607487
202	0	0.7.47.90580	0	0.004607487
202	0	0.7.47.905966	0	0.004607487
202	0	0.7.47.906219	0	0.004607487
202	0	0.7.47.906352	0	0.004607487
202	0	0.7.47.906501	0	0.004607487
202	0	0.7.47.906540	0	0.004607487
202	0	0.7.47.906548	0	0.004607487
202	0	0.7.47.906584	0	0.004607487
202	0	0.7.47.9070	-1	0.2342758
202	0	0.7.47.9073	-2	0.2342758
202	0	0.7.47.907597	0	0.004607487
202	0	0.7.47.90872	0	0.004607487
202	0	0.7.47.909430	0	0.004607487
202	0	0.7.47.90993	0	0.004607487
202	0	0.7.47.910754	0	0.004607487
202	0	0.7.47.911267	0	0.004607487
202	0	0.7.47.912394	0	0.004607487
202	0	0.7.47.91291	0	0.004607487
202	0	0.7.47.91295	0	0.004607487
202	0	0.7.47.915595	0	0.004607487
202	0	0.7.47.916469	0	0.004607487
202	0	0.7.47.91655	0	0.004607487
202	0	0.7.47.918393	0	0.004607487
202	0	0.7.47.919431	0	0.004607487
202	0	0.7.47.919750	0	0.004607487
202	0	0.7.47.919931	0	0.004607487
202	0	0.7.47.920216	0	0.004607487
202	0	0.7.47.920354	0	0.004607487
202	0	0.7.47.920445	0	0.2342758
202	0	0.7.47.920557	0	0.004607487
202	0	0.7.47.920644	0	0.004607487
202	0	0.7.47.92085	0	0.004607487
202	0	0.7.47.92124	0	0.004607487
202	0	0.7.47.921559	0	0.004607487
202	0	0.7.47.921877	0	0.004607487
202	0	0.7.47.92263	1	0.2342758
202	0	0.7.47.923318	0	0.004607487
202	0	0.7.47.923475	0	0.004607487
202	0	0.7.47.923558	0	0.004607487
202	0	0.7.47.924654	0	0.004607487
202	0	0.7.47.925154	0	0.004607487
202	0	0.7.47.926024	0	0.004607487
202	0	0.7.47.926235	0	0.004607487
202	0	0.7.47.927486	0	0.004607487
202	0	0.7.47.928701	0	0.004607487
202	0	0.7.47.931558	0	0.004607487
202	0	0.7.47.932125	0	0.004607487
202	0	0.7.47.932404	0	0.004607487
202	0	0.7.47.932884	0	0.004607487
202	0	0.7.47.933097	0	0.004607487
202	0	0.7.47.9335	0	0.004607487
202	0	0.7.47.933640	0	0.004607487
202	0	0.7.47.933833	0	0.004607487
202	0	0.7.47.93441	0	0.004607487
202	0	0.7.47.935869	0	0.004607487
202	0	0.7.47.935885	0	0.004607487
202	0	0.7.47.935986	0	0.2342758
202	0	0.7.47.936237	0	0.004607487
202	0	0.7.47.936770	0	0.004607487
202	0	0.7.47.936803	0	0.004607487
202	0	0.7.47.937267	0	0.004607487
202	0	0.7.47.938013	0	0.004607487
202	0	0.7.47.93835	0	0.004607487
202	0	0.7.47.9386	0	0.2342758
202	0	0.7.47.939565	0	0.2342758
202	0	0.7.47.941028	0	0.2342758
202	0	0.7.47.941111	0	0.004607487
202	0	0.7.47.941122	0	0.004607487
202	0	0.7.47.941273	0	0.004607487
202	0	0.7.47.941349	0	0.004607487
202	0	0.7.47.941450	0	0.004607487
202	0	0.7.47.941582	0	0.004607487
202	0	0.7.47.941733	0	0.004607487
202	0	0.7.47.943476	0	0.004607487
202	0	0.7.47.943856	0	0.004607487
202	0	0.7.47.94418	0	0.004607487
202	0	0.7.47.944420	0	0.004607487
202	0	0.7.47.946469	0	0.004607487
202	0	0.7.47.94763	0	0.004607487
202	0	0.7.47.948646	0	0.004607487
202	0	0.7.47.949272	0	0.004607487
202	0	0.7.47.949901	0	0.004607487
202	0	0.7.47.950093	0	0.004607487
202	0	0.7.47.950351	0	0.004607487
202	0	0.7.47.950560	0	0.004607487
202	0	0.7.47.95165	0	0.004607487
202	0	0.7.47.953802	0	0.004607487
202	0	0.7.47.954121	0	0.004607487
202	0	0.7.47.955294	0	0.004607487
202	0	0.7.47.955606	0	0.004607487
202	0	0.7.47.957329	0	0.004607487
202	0	0.7.47.957554	0	0.004607487
202	0	0.7.47.957950	0	0.004607487
202	0	0.7.47.95848	0	0.004607487
202	0	0.7.47.958933	0	0.004607487
202	0	0.7.47.96034	0	0.004607487
202	0	0.7.47.961553	0	0.2342758
202	0	0.7.47.961716	0	0.004607487
202	0	0.7.47.962257	0	0.004607487
202	0	0.7.47.962333	0	0.004607487
202	0	0.7.47.962817	0	0.004607487
202	0	0.7.47.963637	0	0.004607487
202	0	0.7.47.964307	0	0.004607487
202	0	0.7.47.964752	0	0.004607487
202	0	0.7.47.96536	1	0.2349112
202	0	0.7.47.965534	0	0.004607487
202	0	0.7.47.965960	1	0.2416158
202	0	0.7.47.966704	0	0.004607487
202	0	0.7.47.966869	0	0.004607487
202	0	0.7.47.96725	0	0.004607487
202	0	0.7.47.96757	0	0.004607487
202	0	0.7.47.969015	0	0.004607487
202	0	0.7.47.969388	0	0.004607487
202	0	0.7.47.970216	0	0.004607487
202	0	0.7.47.970229	0	0.004607487
202	0	0.7.47.971147	0	0.004607487
202	0	0.7.47.971425	1	0.2416158
202	0	0.7.47.971432	1	0.2416158
202	0	0.7.47.971603	0	0.004607487
202	0	0.7.47.971665	1	0.2349112
202	0	0.7.47.971924	0	0.004607487
202	0	0.7.47.972610	0	0.004607487
202	0	0.7.47.973794	0	0.004607487
202	0	0.7.47.973896	0	0.004607487
202	0	0.7.47.974678	0	0.004607487
202	0	0.7.47.974941	0	0.004607487
202	0	0.7.47.975563	0	0.004607487
202	0	0.7.47.976395	0	0.004607487
202	0	0.7.47.976501	0	0.004607487
202	0	0.7.47.97709	0	0.004607487
202	0	0.7.47.977106	1	0.2416158
202	0	0.7.47.977107	1	0.2416158
202	0	0.7.47.977108	1	0.2416158
202	0	0.7.47.977543	0	0.004607487
202	0	0.7.47.977671	0	0.004607487
202	0	0.7.47.977681	0	0.004607487
202	0	0.7.47.977794	0	0.004607487
202	0	0.7.47.978443	0	0.004607487
202	0	0.7.47.978466	0	0.004607487
202	0	0.7.47.978513	0	0.004607487
202	0	0.7.47.979769	0	0.004607487
202	0	0.7.47.980106	1	0.2416158
202	0	0.7.47.980388	0	0.004607487
202	0	0.7.47.98637	0	0.004607487
202	0	0.7.47.99141	0	0.2342758
202	0	0.7.47.994395	0	0.004607487
202	0	0.7.47.997878	0	0.2342758
202	0	0.7.47.999155	0	0.2416158
202	0	0.7.47.999193	0	0.004607487
202	0	0.7.47.999507	0	0.004607487
202	0	0.7.47.999768	0	0.004607487
202	0	0.7.47.999970	0	0.004607487
202	0	0.7.6.100698	-2	0.004607487
202	0	0.7.6.101119	0	0.004607487
202	0	0.7.6.101252	0	0.004607487
202	0	0.7.6.101814	0	0.004607487
202	0	0.7.6.101833	0	0.004607487
202	0	0.7.6.102046	0	0.004607487
202	0	0.7.6.102234	0	0.004607487
202	0	0.7.6.104281	0	0.004607487
202	0	0.7.6.104289	0	0.004607487
202	0	0.7.6.104399	0	0.004607487
202	0	0.7.6.104428	0	0.004607487
202	0	0.7.6.104868	0	0.004607487
202	0	0.7.6.105130	0	0.2342758
202	0	0.7.6.105135	0	0.004607487
202	0	0.7.6.105446	0	0.004607487
202	0	0.7.6.105733	0	0.004607487
202	0	0.7.6.106125	0	0.004607487
202	0	0.7.6.106154	0	0.004607487
202	0	0.7.6.106255	0	0.004607487
202	0	0.7.6.106600	0	0.004607487
202	0	0.7.6.106971	0	0.004607487
202	0	0.7.6.107082	0	0.004607487
202	0	0.7.6.107411	0	0.004607487
202	0	0.7.6.108189	0	0.004607487
202	0	0.7.6.10834	0	0.004607487
202	0	0.7.6.108349	0	0.004607487
202	0	0.7.6.108369	0	0.004607487
202	0	0.7.6.108501	0	0.004607487
202	0	0.7.6.108655	0	0.004607487
202	0	0.7.6.108706	0	0.004607487
202	0	0.7.6.108917	0	0.004607487
202	0	0.7.6.109024	0	0.004607487
202	0	0.7.6.109084	0	0.004607487
202	0	0.7.6.109190	0	0.004607487
202	0	0.7.6.109479	0	0.004607487
202	0	0.7.6.110097	0	0.004607487
202	0	0.7.6.110258	0	0.004607487
202	0	0.7.6.111433	0	0.004607487
202	0	0.7.6.111819	0	0.2342758
202	0	0.7.6.111851	0	0.004607487
202	0	0.7.6.112311	0	0.004607487
202	0	0.7.6.113745	0	0.004607487
202	0	0.7.6.114175	0	0.004607487
202	0	0.7.6.114877	0	0.004607487
202	0	0.7.6.114948	0	0.004607487
202	0	0.7.6.115007	0	0.004607487
202	0	0.7.6.115022	0	0.004607487
202	0	0.7.6.115550	0	0.004607487
202	0	0.7.6.115755	0	0.004607487
202	0	0.7.6.116458	0	0.004607487
202	0	0.7.6.116658	0	0.004607487
202	0	0.7.6.116926	0	0.004607487
202	0	0.7.6.118004	0	0.004607487
202	0	0.7.6.118014	-1	0.004607487
202	0	0.7.6.118321	0	0.004607487
202	0	0.7.6.118758	0	0.004607487
202	0	0.7.6.119055	1	0.2349112
202	0	0.7.6.119111	1	0.2416158
202	0	0.7.6.119205	0	0.004607487
202	0	0.7.6.120307	0	0.004607487
202	0	0.7.6.120588	0	0.004607487
202	0	0.7.6.123489	0	0.004607487
202	0	0.7.6.123688	0	0.004607487
202	0	0.7.6.124343	1	0.2342758
202	0	0.7.6.124392	1	0.2342758
202	0	0.7.6.124533	1	0.2416158
202	0	0.7.6.124557	0	0.2342758
202	0	0.7.6.124657	0	0.004607487
202	0	0.7.6.124668	0	0.004607487
202	0	0.7.6.124851	0	0.004607487
202	0	0.7.6.125031	1	0.004607487
202	0	0.7.6.125145	0	0.004607487
202	0	0.7.6.125179	0	0.2342758
202	0	0.7.6.125181	0	0.2342758
202	0	0.7.6.125437	0	0.2342758
202	0	0.7.6.125439	0	0.2342758
202	0	0.7.6.126327	0	0.2342758
202	0	0.7.6.126371	0	0.004607487
202	0	0.7.6.130214	0	0.2342758
202	0	0.7.6.130663	0	0.004607487
202	0	0.7.6.130671	0	0.004607487
202	0	0.7.6.131058	0	0.004607487
202	0	0.7.6.13114	0	0.004607487
202	0	0.7.6.131530	-2	0.004607487
202	0	0.7.6.131849	0	0.004607487
202	0	0.7.6.131978	0	0.004607487
202	0	0.7.6.13226	0	0.004607487
202	0	0.7.6.132365	1	0.2416158
202	0	0.7.6.132422	1	0.2416158
202	0	0.7.6.133100	1	0.2416158
202	0	0.7.6.13333	0	0.004607487
202	0	0.7.6.133678	0	0.004607487
202	0	0.7.6.133897	0	0.004607487
202	0	0.7.6.133948	0	0.004607487
202	0	0.7.6.134016	0	0.2342758
202	0	0.7.6.135275	0	0.004607487
202	0	0.7.6.135608	0	0.004607487
202	0	0.7.6.136227	0	0.004607487
202	0	0.7.6.13623	0	0.004607487
202	0	0.7.6.13635	0	0.004607487
202	0	0.7.6.13672	0	0.004607487
202	0	0.7.6.139239	0	0.004607487
202	0	0.7.6.139713	0	0.004607487
202	0	0.7.6.140215	0	0.004607487
202	0	0.7.6.141039	0	0.004607487
202	0	0.7.6.141191	0	0.004607487
202	0	0.7.6.141331	1	0.2349112
202	0	0.7.6.141456	0	0.004607487
202	0	0.7.6.14156	0	0.004607487
202	0	0.7.6.142616	0	0.004607487
202	0	0.7.6.143095	0	0.2342758
202	0	0.7.6.143243	0	0.004607487
202	0	0.7.6.143329	0	0.004607487
202	0	0.7.6.143646	1	0.2342758
202	0	0.7.6.143647	0	0.2342758
202	0	0.7.6.14371	0	0.004607487
202	0	0.7.6.144	0	0.004607487
202	0	0.7.6.144039	0	0.004607487
202	0	0.7.6.144242	0	0.004607487
202	0	0.7.6.144728	0	0.004607487
202	0	0.7.6.145316	0	0.004607487
202	0	0.7.6.146290	0	0.004607487
202	0	0.7.6.146503	0	0.004607487
202	0	0.7.6.148428	0	0.004607487
202	0	0.7.6.148625	-2	0.004607487
202	0	0.7.6.149434	0	0.004607487
202	0	0.7.6.15085	0	0.004607487
202	0	0.7.6.150992	1	0.2349112
202	0	0.7.6.151015	1	0.2349112
202	0	0.7.6.151125	1	0.2349112
202	0	0.7.6.151447	0	0.004607487
202	0	0.7.6.151526	0	0.004607487
202	0	0.7.6.152346	-1	0.2349112
202	0	0.7.6.152643	0	0.004607487
202	0	0.7.6.152890	1	0.2349112
202	0	0.7.6.152916	0	0.2342758
202	0	0.7.6.153100	0	0.004607487
202	0	0.7.6.153139	0	0.004607487
202	0	0.7.6.154045	0	0.004607487
202	0	0.7.6.154183	-2	0.004607487
202	0	0.7.6.154196	0	0.004607487
202	0	0.7.6.1542	0	0.004607487
202	0	0.7.6.154447	0	0.004607487
202	0	0.7.6.154552	0	0.004607487
202	0	0.7.6.154626	0	0.004607487
202	0	0.7.6.154645	0	0.004607487
202	0	0.7.6.154735	0	0.004607487
202	0	0.7.6.155440	0	0.004607487
202	0	0.7.6.155558	1	0.2416158
202	0	0.7.6.155964	1	0.2349112
202	0	0.7.6.155991	0	0.2342758
202	0	0.7.6.156373	1	0.2416158
202	0	0.7.6.1564	0	0.2342758
202	0	0.7.6.156544	1	0.2416158
202	0	0.7.6.15898	0	0.004607487
202	0	0.7.6.16100	0	0.004607487
202	0	0.7.6.16335	-1	0.004607487
202	0	0.7.6.165256	0	0.004607487
202	0	0.7.6.165290	0	0.2342758
202	0	0.7.6.165310	1	0.2342758
202	0	0.7.6.165552	0	0.004607487
202	0	0.7.6.16592	0	0.004607487
202	0	0.7.6.166254	0	0.004607487
202	0	0.7.6.166265	0	0.004607487
202	0	0.7.6.167721	0	0.2342758
202	0	0.7.6.168468	1	0.2349112
202	0	0.7.6.168541	0	0.004607487
202	0	0.7.6.16909	0	0.004607487
202	0	0.7.6.169092	0	0.004607487
202	0	0.7.6.169331	1	0.2349112
202	0	0.7.6.169332	1	0.2349112
202	0	0.7.6.169566	0	0.004607487
202	0	0.7.6.169651	0	0.2342758
202	0	0.7.6.169685	1	0.2349112
202	0	0.7.6.169699	1	0.2342758
202	0	0.7.6.169701	1	0.2342758
202	0	0.7.6.169733	1	0.2349112
202	0	0.7.6.169734	1	0.2349112
202	0	0.7.6.169753	-1	0.2349112
202	0	0.7.6.169815	1	0.2349112
202	0	0.7.6.169919	1	0.2416158
202	0	0.7.6.16992	0	0.004607487
202	0	0.7.6.169936	0	0.004607487
202	0	0.7.6.169980	1	0.2416158
202	0	0.7.6.169998	0	0.004607487
202	0	0.7.6.171512	0	0.004607487
202	0	0.7.6.171562	0	0.004607487
202	0	0.7.6.172156	0	0.004607487
202	0	0.7.6.172726	0	0.004607487
202	0	0.7.6.172752	0	0.004607487
202	0	0.7.6.172822	0	0.004607487
202	0	0.7.6.173826	0	0.2342758
202	0	0.7.6.174390	0	0.004607487
202	0	0.7.6.175626	0	0.004607487
202	0	0.7.6.176092	0	0.004607487
202	0	0.7.6.176306	0	0.004607487
202	0	0.7.6.176449	0	0.004607487
202	0	0.7.6.176987	0	0.004607487
202	0	0.7.6.17794	0	0.004607487
202	0	0.7.6.178035	0	0.004607487
202	0	0.7.6.178381	0	0.004607487
202	0	0.7.6.17908	0	0.2342758
202	0	0.7.6.179147	0	0.004607487
202	0	0.7.6.179206	0	0.004607487
202	0	0.7.6.179294	0	0.004607487
202	0	0.7.6.179412	0	0.004607487
202	0	0.7.6.179862	0	0.004607487
202	0	0.7.6.180136	0	0.004607487
202	0	0.7.6.180559	0	0.004607487
202	0	0.7.6.180712	0	0.004607487
202	0	0.7.6.182322	0	0.004607487
202	0	0.7.6.18297	0	0.004607487
202	0	0.7.6.183108	0	0.004607487
202	0	0.7.6.183452	0	0.004607487
202	0	0.7.6.183944	0	0.004607487
202	0	0.7.6.184537	0	0.004607487
202	0	0.7.6.185007	0	0.004607487
202	0	0.7.6.185138	0	0.004607487
202	0	0.7.6.185713	0	0.004607487
202	0	0.7.6.185746	1	0.2349112
202	0	0.7.6.186453	1	0.2342758
202	0	0.7.6.188167	0	0.004607487
202	0	0.7.6.188371	0	0.004607487
202	0	0.7.6.188762	0	0.004607487
202	0	0.7.6.188929	1	0.2416158
202	0	0.7.6.18947	0	0.2416158
202	0	0.7.6.18948	0	0.2416158
202	0	0.7.6.189683	0	0.004607487
202	0	0.7.6.189857	0	0.004607487
202	0	0.7.6.190250	0	0.004607487
202	0	0.7.6.193024	0	0.004607487
202	0	0.7.6.193206	0	0.004607487
202	0	0.7.6.193633	0	0.004607487
202	0	0.7.6.193642	0	0.004607487
202	0	0.7.6.194022	0	0.004607487
202	0	0.7.6.194638	0	0.004607487
202	0	0.7.6.194639	0	0.004607487
202	0	0.7.6.196049	0	0.004607487
202	0	0.7.6.196704	0	0.004607487
202	0	0.7.6.196849	0	0.004607487
202	0	0.7.6.197272	0	0.004607487
202	0	0.7.6.197464	0	0.004607487
202	0	0.7.6.197635	0	0.2342758
202	0	0.7.6.198023	0	0.004607487
202	0	0.7.6.20028	0	0.004607487
202	0	0.7.6.200953	0	0.2342758
202	0	0.7.6.204434	0	0.004607487
202	0	0.7.6.204485	0	0.004607487
202	0	0.7.6.204569	0	0.004607487
202	0	0.7.6.204914	0	0.004607487
202	0	0.7.6.205009	0	0.004607487
202	0	0.7.6.205012	0	0.004607487
202	0	0.7.6.205193	0	0.004607487
202	0	0.7.6.206199	0	0.004607487
202	0	0.7.6.206556	1	0.2349112
202	0	0.7.6.20657	0	0.004607487
202	0	0.7.6.206902	0	0.004607487
202	0	0.7.6.207109	0	0.004607487
202	0	0.7.6.207167	0	0.004607487
202	0	0.7.6.207753	0	0.004607487
202	0	0.7.6.208006	0	0.004607487
202	0	0.7.6.208635	0	0.004607487
202	0	0.7.6.208694	1	0.2349112
202	0	0.7.6.208921	0	0.004607487
202	0	0.7.6.209031	0	0.004607487
202	0	0.7.6.209151	0	0.004607487
202	0	0.7.6.209419	0	0.004607487
202	0	0.7.6.20976	0	0.004607487
202	0	0.7.6.209908	0	0.004607487
202	0	0.7.6.210062	0	0.004607487
202	0	0.7.6.210263	0	0.004607487
202	0	0.7.6.210663	0	0.004607487
202	0	0.7.6.211193	0	0.004607487
202	0	0.7.6.217875	1	0.2349112
202	0	0.7.6.217950	1	0.2342758
202	0	0.7.6.218037	0	0.004607487
202	0	0.7.6.218547	0	0.004607487
202	0	0.7.6.219009	0	0.004607487
202	0	0.7.6.220505	0	0.004607487
202	0	0.7.6.220684	0	0.004607487
202	0	0.7.6.220790	0	0.004607487
202	0	0.7.6.221731	1	0.2342758
202	0	0.7.6.221732	1	0.2342758
202	0	0.7.6.22519	0	0.004607487
202	0	0.7.6.228194	1	0.2349112
202	0	0.7.6.228217	1	0.2342758
202	0	0.7.6.228294	1	0.2416158
202	0	0.7.6.228667	0	0.004607487
202	0	0.7.6.229194	0	0.004607487
202	0	0.7.6.22978	0	0.004607487
202	0	0.7.6.230456	0	0.004607487
202	0	0.7.6.230809	0	0.004607487
202	0	0.7.6.230866	0	0.004607487
202	0	0.7.6.231650	0	0.004607487
202	0	0.7.6.232191	0	0.004607487
202	0	0.7.6.232232	0	0.004607487
202	0	0.7.6.2326	0	0.004607487
202	0	0.7.6.232913	0	0.004607487
202	0	0.7.6.233020	0	0.004607487
202	0	0.7.6.233132	0	0.004607487
202	0	0.7.6.233238	0	0.004607487
202	0	0.7.6.233353	0	0.004607487
202	0	0.7.6.23366	0	0.004607487
202	0	0.7.6.23382	0	0.2342758
202	0	0.7.6.233869	0	0.004607487
202	0	0.7.6.235440	0	0.004607487
202	0	0.7.6.23551	0	0.004607487
202	0	0.7.6.235736	0	0.004607487
202	0	0.7.6.235740	0	0.004607487
202	0	0.7.6.236279	0	0.004607487
202	0	0.7.6.236415	0	0.004607487
202	0	0.7.6.236581	0	0.004607487
202	0	0.7.6.236660	0	0.004607487
202	0	0.7.6.236688	0	0.004607487
202	0	0.7.6.236763	0	0.004607487
202	0	0.7.6.236912	0	0.004607487
202	0	0.7.6.236952	0	0.004607487
202	0	0.7.6.237016	0	0.004607487
202	0	0.7.6.237390	0	0.004607487
202	0	0.7.6.237523	0	0.004607487
202	0	0.7.6.237659	0	0.004607487
202	0	0.7.6.237698	0	0.004607487
202	0	0.7.6.238042	0	0.2342758
202	0	0.7.6.238495	0	0.004607487
202	0	0.7.6.238512	0	0.004607487
202	0	0.7.6.238565	0	0.004607487
202	0	0.7.6.238708	0	0.004607487
202	0	0.7.6.238709	0	0.004607487
202	0	0.7.6.238755	0	0.004607487
202	0	0.7.6.23888	0	0.004607487
202	0	0.7.6.239056	1	0.2342758
202	0	0.7.6.239061	0	0.004607487
202	0	0.7.6.239275	1	0.2342758
202	0	0.7.6.239460	1	0.2416158
202	0	0.7.6.239527	1	0.2349112
202	0	0.7.6.239812	0	0.004607487
202	0	0.7.6.239895	0	0.004607487
202	0	0.7.6.240157	0	0.004607487
202	0	0.7.6.240422	0	0.004607487
202	0	0.7.6.24062	0	0.004607487
202	0	0.7.6.240783	0	0.004607487
202	0	0.7.6.240819	0	0.2342758
202	0	0.7.6.24099	0	0.004607487
202	0	0.7.6.241231	0	0.004607487
202	0	0.7.6.241261	0	0.004607487
202	0	0.7.6.24178	0	0.004607487
202	0	0.7.6.24194	0	0.004607487
202	0	0.7.6.24208	0	0.004607487
202	0	0.7.6.24275	0	0.004607487
202	0	0.7.6.24279	1	0.2349112
202	0	0.7.6.24280	1	0.2416158
202	0	0.7.6.24456	0	0.2342758
202	0	0.7.6.24495	1	0.2416158
202	0	0.7.6.248191	0	0.004607487
202	0	0.7.6.248705	0	0.004607487
202	0	0.7.6.248879	0	0.004607487
202	0	0.7.6.248964	0	0.004607487
202	0	0.7.6.249084	0	0.004607487
202	0	0.7.6.249299	-1	0.004607487
202	0	0.7.6.249446	-1	0.004607487
202	0	0.7.6.249713	0	0.004607487
202	0	0.7.6.250023	0	0.004607487
202	0	0.7.6.250062	0	0.004607487
202	0	0.7.6.250320	0	0.2342758
202	0	0.7.6.250331	0	0.2342758
202	0	0.7.6.250483	0	0.004607487
202	0	0.7.6.250701	0	0.004607487
202	0	0.7.6.251013	0	0.004607487
202	0	0.7.6.251665	0	0.004607487
202	0	0.7.6.251920	0	0.004607487
202	0	0.7.6.252362	0	0.004607487
202	0	0.7.6.252473	0	0.004607487
202	0	0.7.6.252612	0	0.004607487
202	0	0.7.6.252650	0	0.004607487
202	0	0.7.6.253015	1	0.2416158
202	0	0.7.6.253021	1	0.2416158
202	0	0.7.6.253071	0	0.004607487
202	0	0.7.6.253104	1	0.2416158
202	0	0.7.6.253446	0	0.004607487
202	0	0.7.6.253577	0	0.004607487
202	0	0.7.6.253738	0	0.004607487
202	0	0.7.6.254007	0	0.004607487
202	0	0.7.6.255159	0	0.004607487
202	0	0.7.6.256178	0	0.004607487
202	0	0.7.6.256704	0	0.004607487
202	0	0.7.6.256761	0	0.004607487
202	0	0.7.6.256892	0	0.004607487
202	0	0.7.6.256963	0	0.004607487
202	0	0.7.6.257804	0	0.004607487
202	0	0.7.6.257907	0	0.004607487
202	0	0.7.6.258590	0	0.004607487
202	0	0.7.6.258766	0	0.004607487
202	0	0.7.6.258951	0	0.004607487
202	0	0.7.6.259507	0	0.004607487
202	0	0.7.6.259750	0	0.004607487
202	0	0.7.6.259820	0	0.004607487
202	0	0.7.6.260204	0	0.004607487
202	0	0.7.6.260268	0	0.004607487
202	0	0.7.6.260378	0	0.004607487
202	0	0.7.6.261338	0	0.004607487
202	0	0.7.6.261509	0	0.004607487
202	0	0.7.6.261859	0	0.004607487
202	0	0.7.6.262099	-1	0.004607487
202	0	0.7.6.262144	0	0.004607487
202	0	0.7.6.262329	1	0.2349112
202	0	0.7.6.262331	1	0.2349112
202	0	0.7.6.262405	0	0.004607487
202	0	0.7.6.262745	0	0.004607487
202	0	0.7.6.262777	0	0.004607487
202	0	0.7.6.263099	0	0.004607487
202	0	0.7.6.263343	0	0.004607487
202	0	0.7.6.263656	0	0.004607487
202	0	0.7.6.263862	0	0.004607487
202	0	0.7.6.266055	0	0.004607487
202	0	0.7.6.266641	0	0.004607487
202	0	0.7.6.266799	0	0.004607487
202	0	0.7.6.267022	0	0.004607487
202	0	0.7.6.268633	0	0.004607487
202	0	0.7.6.268883	0	0.004607487
202	0	0.7.6.269318	0	0.004607487
202	0	0.7.6.269579	0	0.004607487
202	0	0.7.6.269691	0	0.004607487
202	0	0.7.6.269746	0	0.004607487
202	0	0.7.6.270363	0	0.004607487
202	0	0.7.6.271124	0	0.004607487
202	0	0.7.6.271645	0	0.004607487
202	0	0.7.6.272632	0	0.004607487
202	0	0.7.6.272892	0	0.004607487
202	0	0.7.6.273084	0	0.004607487
202	0	0.7.6.273529	0	0.004607487
202	0	0.7.6.273661	0	0.004607487
202	0	0.7.6.275067	0	0.2342758
202	0	0.7.6.275244	0	0.004607487
202	0	0.7.6.275276	0	0.2342758
202	0	0.7.6.275317	0	0.004607487
202	0	0.7.6.275349	0	0.2342758
202	0	0.7.6.276009	0	0.004607487
202	0	0.7.6.276267	0	0.004607487
202	0	0.7.6.276787	0	0.004607487
202	0	0.7.6.276801	0	0.2342758
202	0	0.7.6.277287	0	0.004607487
202	0	0.7.6.277913	0	0.004607487
202	0	0.7.6.278198	0	0.004607487
202	0	0.7.6.279121	1	0.2342758
202	0	0.7.6.279147	1	0.2342758
202	0	0.7.6.279414	0	0.004607487
202	0	0.7.6.279618	0	0.004607487
202	0	0.7.6.279788	0	0.2416158
202	0	0.7.6.280244	0	0.004607487
202	0	0.7.6.280405	0	0.2342758
202	0	0.7.6.282192	0	0.004607487
202	0	0.7.6.2830	0	0.004607487
202	0	0.7.6.283127	0	0.004607487
202	0	0.7.6.283308	0	0.2342758
202	0	0.7.6.283358	0	0.2342758
202	0	0.7.6.283531	0	0.2349112
202	0	0.7.6.283563	1	0.2342758
202	0	0.7.6.283905	1	0.2416158
202	0	0.7.6.283932	0	0.2416158
202	0	0.7.6.284014	1	0.2349112
202	0	0.7.6.284066	0	0.2416158
202	0	0.7.6.284099	1	0.2349112
202	0	0.7.6.284378	0	0.2342758
202	0	0.7.6.284504	1	0.2342758
202	0	0.7.6.284666	1	0.2342758
202	0	0.7.6.285533	1	0.2342758
202	0	0.7.6.285577	0	0.004607487
202	0	0.7.6.285915	0	0.2416158
202	0	0.7.6.286422	0	0.2416158
202	0	0.7.6.286497	1	0.2416158
202	0	0.7.6.28662	0	0.004607487
202	0	0.7.6.28691	0	0.004607487
202	0	0.7.6.287660	0	0.004607487
202	0	0.7.6.288261	0	0.004607487
202	0	0.7.6.288859	0	0.004607487
202	0	0.7.6.288945	0	0.2342758
202	0	0.7.6.289845	0	0.004607487
202	0	0.7.6.290051	0	0.004607487
202	0	0.7.6.290661	0	0.004607487
202	0	0.7.6.290718	0	0.004607487
202	0	0.7.6.291029	0	0.2416158
202	0	0.7.6.291040	0	0.004607487
202	0	0.7.6.291714	0	0.004607487
202	0	0.7.6.291933	0	0.2342758
202	0	0.7.6.292526	0	0.004607487
202	0	0.7.6.292864	0	0.2416158
202	0	0.7.6.292876	0	0.2416158
202	0	0.7.6.292949	0	0.004607487
202	0	0.7.6.293034	1	0.2349112
202	0	0.7.6.293203	0	0.004607487
202	0	0.7.6.293544	0	0.004607487
202	0	0.7.6.293680	0	0.2349112
202	0	0.7.6.293711	0	0.2349112
202	0	0.7.6.293715	1	0.2349112
202	0	0.7.6.294243	0	0.004607487
202	0	0.7.6.294384	0	0.004607487
202	0	0.7.6.294484	1	0.2349112
202	0	0.7.6.29466	0	0.004607487
202	0	0.7.6.295507	0	0.2416158
202	0	0.7.6.2959	0	0.2342758
202	0	0.7.6.296030	0	0.004607487
202	0	0.7.6.296385	0	0.004607487
202	0	0.7.6.29641	0	0.004607487
202	0	0.7.6.296980	0	0.004607487
202	0	0.7.6.299497	0	0.004607487
202	0	0.7.6.300305	0	0.004607487
202	0	0.7.6.300498	1	0.2349112
202	0	0.7.6.300600	0	0.004607487
202	0	0.7.6.300847	0	0.004607487
202	0	0.7.6.301132	0	0.2416158
202	0	0.7.6.30197	0	0.004607487
202	0	0.7.6.30303	0	0.004607487
202	0	0.7.6.303076	0	0.004607487
202	0	0.7.6.303143	0	0.004607487
202	0	0.7.6.303340	0	0.004607487
202	0	0.7.6.303446	0	0.004607487
202	0	0.7.6.303449	0	0.004607487
202	0	0.7.6.303586	0	0.004607487
202	0	0.7.6.303823	0	0.004607487
202	0	0.7.6.303859	0	0.004607487
202	0	0.7.6.304007	0	0.004607487
202	0	0.7.6.304091	0	0.004607487
202	0	0.7.6.304096	0	0.004607487
202	0	0.7.6.30429	0	0.004607487
202	0	0.7.6.304565	0	0.004607487
202	0	0.7.6.304912	0	0.004607487
202	0	0.7.6.305213	0	0.004607487
202	0	0.7.6.305999	0	0.004607487
202	0	0.7.6.306771	0	0.004607487
202	0	0.7.6.307013	0	0.004607487
202	0	0.7.6.307364	0	0.004607487
202	0	0.7.6.30752	0	0.004607487
202	0	0.7.6.30765	0	0.004607487
202	0	0.7.6.307703	0	0.004607487
202	0	0.7.6.307729	0	0.004607487
202	0	0.7.6.308423	0	0.004607487
202	0	0.7.6.308543	0	0.004607487
202	0	0.7.6.308676	1	0.2342758
202	0	0.7.6.309103	1	0.2342758
202	0	0.7.6.309160	0	0.004607487
202	0	0.7.6.309270	0	0.004607487
202	0	0.7.6.309326	0	0.004607487
202	0	0.7.6.309523	0	0.004607487
202	0	0.7.6.309530	1	0.2416158
202	0	0.7.6.309579	0	0.004607487
202	0	0.7.6.309772	1	0.2349112
202	0	0.7.6.309779	0	0.004607487
202	0	0.7.6.309816	1	0.2349112
202	0	0.7.6.310300	0	0.004607487
202	0	0.7.6.310648	0	0.004607487
202	0	0.7.6.310909	0	0.004607487
202	0	0.7.6.310913	0	0.004607487
202	0	0.7.6.311056	0	0.004607487
202	0	0.7.6.311105	0	0.004607487
202	0	0.7.6.313902	0	0.004607487
202	0	0.7.6.313931	0	0.004607487
202	0	0.7.6.313997	0	0.004607487
202	0	0.7.6.314663	0	0.004607487
202	0	0.7.6.314971	0	0.004607487
202	0	0.7.6.314978	0	0.004607487
202	0	0.7.6.314996	0	0.004607487
202	0	0.7.6.315193	0	0.004607487
202	0	0.7.6.31543	0	0.004607487
202	0	0.7.6.31586	0	0.004607487
202	0	0.7.6.316282	0	0.004607487
202	0	0.7.6.317607	0	0.004607487
202	0	0.7.6.317866	0	0.2342758
202	0	0.7.6.319888	0	0.004607487
202	0	0.7.6.320414	0	0.004607487
202	0	0.7.6.320921	0	0.004607487
202	0	0.7.6.320954	0	0.004607487
202	0	0.7.6.320979	0	0.004607487
202	0	0.7.6.322053	0	0.004607487
202	0	0.7.6.322225	0	0.004607487
202	0	0.7.6.322667	0	0.004607487
202	0	0.7.6.322696	0	0.004607487
202	0	0.7.6.323528	0	0.004607487
202	0	0.7.6.323983	0	0.004607487
202	0	0.7.6.326275	0	0.004607487
202	0	0.7.6.326312	0	0.004607487
202	0	0.7.6.326865	0	0.004607487
202	0	0.7.6.327038	0	0.004607487
202	0	0.7.6.328070	0	0.004607487
202	0	0.7.6.32850	0	0.004607487
202	0	0.7.6.328656	0	0.004607487
202	0	0.7.6.328800	0	0.004607487
202	0	0.7.6.328951	0	0.004607487
202	0	0.7.6.329121	0	0.004607487
202	0	0.7.6.330905	0	0.004607487
202	0	0.7.6.330930	0	0.004607487
202	0	0.7.6.331993	0	0.004607487
202	0	0.7.6.332313	0	0.004607487
202	0	0.7.6.332420	0	0.004607487
202	0	0.7.6.332696	0	0.2342758
202	0	0.7.6.332749	1	0.2349112
202	0	0.7.6.332762	0	0.2416158
202	0	0.7.6.332768	0	0.2342758
202	0	0.7.6.332771	1	0.2349112
202	0	0.7.6.332791	0	0.2342758
202	0	0.7.6.332794	1	0.2416158
202	0	0.7.6.332819	1	0.2349112
202	0	0.7.6.332966	1	0.2342758
202	0	0.7.6.332972	0	0.2342758
202	0	0.7.6.333102	1	0.2349112
202	0	0.7.6.333165	1	0.2342758
202	0	0.7.6.333216	1	0.2349112
202	0	0.7.6.333246	0	0.004607487
202	0	0.7.6.333250	1	0.2342758
202	0	0.7.6.333276	1	0.2342758
202	0	0.7.6.333292	0	0.004607487
202	0	0.7.6.333360	1	0.2342758
202	0	0.7.6.333448	1	0.2416158
202	0	0.7.6.333487	0	0.2342758
202	0	0.7.6.333590	1	0.2416158
202	0	0.7.6.333597	0	0.2342758
202	0	0.7.6.333677	1	0.2416158
202	0	0.7.6.333801	0	0.004607487
202	0	0.7.6.333935	0	0.004607487
202	0	0.7.6.334065	0	0.004607487
202	0	0.7.6.334342	0	0.004607487
202	0	0.7.6.335423	0	0.004607487
202	0	0.7.6.335443	0	0.004607487
202	0	0.7.6.335476	0	0.004607487
202	0	0.7.6.335513	0	0.004607487
202	0	0.7.6.335921	0	0.004607487
202	0	0.7.6.336216	0	0.2342758
202	0	0.7.6.336379	0	0.2342758
202	0	0.7.6.336468	0	0.2342758
202	0	0.7.6.336476	0	0.004607487
202	0	0.7.6.337268	0	0.004607487
202	0	0.7.6.337286	0	0.004607487
202	0	0.7.6.337313	1	0.2349112
202	0	0.7.6.337343	0	0.2342758
202	0	0.7.6.337808	0	0.004607487
202	0	0.7.6.338081	-1	0.2416158
202	0	0.7.6.338237	0	0.004607487
202	0	0.7.6.338731	0	0.004607487
202	0	0.7.6.338734	0	0.004607487
202	0	0.7.6.338758	1	0.2349112
202	0	0.7.6.338798	0	0.2342758
202	0	0.7.6.338808	1	0.2342758
202	0	0.7.6.339066	0	0.2342758
202	0	0.7.6.339176	0	0.004607487
202	0	0.7.6.339485	0	0.2342758
202	0	0.7.6.339490	1	0.2342758
202	0	0.7.6.339555	0	0.2342758
202	0	0.7.6.339568	0	0.2342758
202	0	0.7.6.339769	0	0.004607487
202	0	0.7.6.339787	0	0.004607487
202	0	0.7.6.339816	0	0.2342758
202	0	0.7.6.339947	0	0.2349112
202	0	0.7.6.340096	0	0.004607487
202	0	0.7.6.340245	0	0.004607487
202	0	0.7.6.340578	0	0.004607487
202	0	0.7.6.340612	0	0.004607487
202	0	0.7.6.340720	0	0.004607487
202	0	0.7.6.340740	0	0.004607487
202	0	0.7.6.340748	0	0.004607487
202	0	0.7.6.34095	0	0.004607487
202	0	0.7.6.341817	1	0.2342758
202	0	0.7.6.342044	0	0.004607487
202	0	0.7.6.342188	0	0.004607487
202	0	0.7.6.342355	0	0.004607487
202	0	0.7.6.342365	0	0.004607487
202	0	0.7.6.342454	0	0.004607487
202	0	0.7.6.342479	0	0.004607487
202	0	0.7.6.342687	0	0.004607487
202	0	0.7.6.342727	0	0.004607487
202	0	0.7.6.342865	0	0.004607487
202	0	0.7.6.342867	0	0.004607487
202	0	0.7.6.343707	0	0.004607487
202	0	0.7.6.343938	0	0.004607487
202	0	0.7.6.344055	0	0.004607487
202	0	0.7.6.344235	0	0.004607487
202	0	0.7.6.344362	0	0.004607487
202	0	0.7.6.344471	0	0.004607487
202	0	0.7.6.344618	0	0.004607487
202	0	0.7.6.344788	0	0.004607487
202	0	0.7.6.344888	0	0.004607487
202	0	0.7.6.344890	0	0.004607487
202	0	0.7.6.345395	0	0.004607487
202	0	0.7.6.345420	0	0.004607487
202	0	0.7.6.345906	0	0.004607487
202	0	0.7.6.345927	0	0.004607487
202	0	0.7.6.34614	0	0.004607487
202	0	0.7.6.346238	0	0.004607487
202	0	0.7.6.346318	0	0.004607487
202	0	0.7.6.346877	0	0.004607487
202	0	0.7.6.347013	0	0.2342758
202	0	0.7.6.347880	0	0.004607487
202	0	0.7.6.348440	0	0.004607487
202	0	0.7.6.348549	0	0.004607487
202	0	0.7.6.348955	0	0.004607487
202	0	0.7.6.349017	0	0.004607487
202	0	0.7.6.349032	0	0.004607487
202	0	0.7.6.349150	0	0.004607487
202	0	0.7.6.349228	0	0.004607487
202	0	0.7.6.349573	0	0.004607487
202	0	0.7.6.350668	0	0.004607487
202	0	0.7.6.350695	0	0.004607487
202	0	0.7.6.351487	0	0.004607487
202	0	0.7.6.351547	0	0.2342758
202	0	0.7.6.3518	0	0.004607487
202	0	0.7.6.351894	0	0.004607487
202	0	0.7.6.352982	0	0.004607487
202	0	0.7.6.353052	1	0.2342758
202	0	0.7.6.353059	0	0.2342758
202	0	0.7.6.353070	0	0.004607487
202	0	0.7.6.353183	0	0.2342758
202	0	0.7.6.353199	1	0.2342758
202	0	0.7.6.353386	1	0.2342758
202	0	0.7.6.353495	0	0.2342758
202	0	0.7.6.353556	0	0.004607487
202	0	0.7.6.354021	0	0.004607487
202	0	0.7.6.354206	1	0.2342758
202	0	0.7.6.354751	1	0.2349112
202	0	0.7.6.354870	0	0.004607487
202	0	0.7.6.355093	0	0.004607487
202	0	0.7.6.355665	0	0.004607487
202	0	0.7.6.356001	0	0.004607487
202	0	0.7.6.356005	0	0.004607487
202	0	0.7.6.356542	1	0.2416158
202	0	0.7.6.356754	0	0.004607487
202	0	0.7.6.356762	0	0.004607487
202	0	0.7.6.357252	0	0.004607487
202	0	0.7.6.357273	0	0.2416158
202	0	0.7.6.357447	0	0.004607487
202	0	0.7.6.357811	0	0.004607487
202	0	0.7.6.359019	0	0.004607487
202	0	0.7.6.359366	0	0.004607487
202	0	0.7.6.360372	0	0.004607487
202	0	0.7.6.360590	0	0.004607487
202	0	0.7.6.360591	0	0.004607487
202	0	0.7.6.361370	0	0.004607487
202	0	0.7.6.361564	0	0.004607487
202	0	0.7.6.361725	0	0.004607487
202	0	0.7.6.361781	0	0.004607487
202	0	0.7.6.362139	0	0.004607487
202	0	0.7.6.362158	0	0.004607487
202	0	0.7.6.362556	0	0.004607487
202	0	0.7.6.363286	0	0.004607487
202	0	0.7.6.36355	0	0.004607487
202	0	0.7.6.363627	0	0.004607487
202	0	0.7.6.3637	0	0.004607487
202	0	0.7.6.363801	0	0.004607487
202	0	0.7.6.363932	0	0.004607487
202	0	0.7.6.363988	0	0.004607487
202	0	0.7.6.364107	0	0.004607487
202	0	0.7.6.364124	0	0.004607487
202	0	0.7.6.364977	-1	0.004607487
202	0	0.7.6.365148	0	0.004607487
202	0	0.7.6.365379	-1	0.004607487
202	0	0.7.6.365797	0	0.004607487
202	0	0.7.6.366298	0	0.004607487
202	0	0.7.6.367089	0	0.2342758
202	0	0.7.6.367610	0	0.004607487
202	0	0.7.6.367681	0	0.004607487
202	0	0.7.6.368098	0	0.004607487
202	0	0.7.6.368153	0	0.004607487
202	0	0.7.6.368849	0	0.004607487
202	0	0.7.6.369833	0	0.004607487
202	0	0.7.6.370143	-1	0.2416158
202	0	0.7.6.3702	0	0.2342758
202	0	0.7.6.370375	0	0.004607487
202	0	0.7.6.370727	1	0.2416158
202	0	0.7.6.370842	1	0.2416158
202	0	0.7.6.370855	0	0.004607487
202	0	0.7.6.371062	0	0.004607487
202	0	0.7.6.371167	0	0.004607487
202	0	0.7.6.37131	0	0.004607487
202	0	0.7.6.371577	0	0.004607487
202	0	0.7.6.371775	1	0.2349112
202	0	0.7.6.371829	1	0.2342758
202	0	0.7.6.371997	0	0.004607487
202	0	0.7.6.372131	1	0.2349112
202	0	0.7.6.372776	1	0.2416158
202	0	0.7.6.373694	1	0.2416158
202	0	0.7.6.374023	0	0.004607487
202	0	0.7.6.375103	0	0.004607487
202	0	0.7.6.375331	0	0.004607487
202	0	0.7.6.376310	0	0.2342758
202	0	0.7.6.376509	1	0.2342758
202	0	0.7.6.376521	0	0.004607487
202	0	0.7.6.37723	0	0.004607487
202	0	0.7.6.37777	0	0.004607487
202	0	0.7.6.37881	0	0.004607487
202	0	0.7.6.37993	0	0.004607487
202	0	0.7.6.38009	0	0.004607487
202	0	0.7.6.38420	0	0.004607487
202	0	0.7.6.38708	0	0.004607487
202	0	0.7.6.387611	1	0.2416158
202	0	0.7.6.387708	0	0.004607487
202	0	0.7.6.387753	0	0.2416158
202	0	0.7.6.387754	0	0.004607487
202	0	0.7.6.387981	0	0.004607487
202	0	0.7.6.388454	0	0.004607487
202	0	0.7.6.388484	0	0.004607487
202	0	0.7.6.388485	0	0.004607487
202	0	0.7.6.38987	0	0.004607487
202	0	0.7.6.390039	0	0.004607487
202	0	0.7.6.390086	0	0.004607487
202	0	0.7.6.390765	0	0.004607487
202	0	0.7.6.391223	0	0.004607487
202	0	0.7.6.391800	0	0.004607487
202	0	0.7.6.391938	0	0.004607487
202	0	0.7.6.392727	0	0.004607487
202	0	0.7.6.393300	0	0.004607487
202	0	0.7.6.393717	0	0.004607487
202	0	0.7.6.393739	0	0.004607487
202	0	0.7.6.394469	0	0.004607487
202	0	0.7.6.394812	0	0.004607487
202	0	0.7.6.397964	0	0.004607487
202	0	0.7.6.398012	0	0.004607487
202	0	0.7.6.398050	1	0.2342758
202	0	0.7.6.398067	0	0.004607487
202	0	0.7.6.398081	1	0.2416158
202	0	0.7.6.398151	1	0.2349112
202	0	0.7.6.398383	0	0.004607487
202	0	0.7.6.398691	0	0.004607487
202	0	0.7.6.399357	0	0.004607487
202	0	0.7.6.399482	1	0.2416158
202	0	0.7.6.399800	1	0.2416158
202	0	0.7.6.400579	0	0.004607487
202	0	0.7.6.400691	0	0.004607487
202	0	0.7.6.401253	1	0.2349112
202	0	0.7.6.402388	0	0.004607487
202	0	0.7.6.403328	-2	0.004607487
202	0	0.7.6.403347	-2	0.004607487
202	0	0.7.6.403424	-2	0.2349112
202	0	0.7.6.403653	0	0.004607487
202	0	0.7.6.405093	0	0.004607487
202	0	0.7.6.405246	0	0.004607487
202	0	0.7.6.406060	0	0.004607487
202	0	0.7.6.406807	0	0.004607487
202	0	0.7.6.406929	0	0.004607487
202	0	0.7.6.407104	0	0.004607487
202	0	0.7.6.407188	0	0.2342758
202	0	0.7.6.407731	-2	0.004607487
202	0	0.7.6.407803	0	0.004607487
202	0	0.7.6.407870	0	0.004607487
202	0	0.7.6.408238	0	0.2342758
202	0	0.7.6.408546	0	0.004607487
202	0	0.7.6.408983	0	0.004607487
202	0	0.7.6.409004	0	0.004607487
202	0	0.7.6.409556	1	0.2342758
202	0	0.7.6.409660	0	0.004607487
202	0	0.7.6.410134	0	0.2342758
202	0	0.7.6.410498	0	0.004607487
202	0	0.7.6.411958	1	0.2349112
202	0	0.7.6.413365	1	0.2342758
202	0	0.7.6.413776	0	0.004607487
202	0	0.7.6.413912	0	0.004607487
202	0	0.7.6.414139	1	0.2342758
202	0	0.7.6.414295	0	0.004607487
202	0	0.7.6.414314	0	0.004607487
202	0	0.7.6.415447	1	0.2416158
202	0	0.7.6.415838	1	0.2349112
202	0	0.7.6.416438	1	0.2342758
202	0	0.7.6.417245	0	0.004607487
202	0	0.7.6.417426	0	0.004607487
202	0	0.7.6.418044	0	0.004607487
202	0	0.7.6.419407	1	0.2342758
202	0	0.7.6.420098	0	0.004607487
202	0	0.7.6.420621	0	0.004607487
202	0	0.7.6.420834	0	0.004607487
202	0	0.7.6.429575	-2	0.004607487
202	0	0.7.6.429612	0	0.004607487
202	0	0.7.6.430100	0	0.004607487
202	0	0.7.6.430679	0	0.2342758
202	0	0.7.6.430681	0	0.2342758
202	0	0.7.6.430723	0	0.004607487
202	0	0.7.6.431854	0	0.004607487
202	0	0.7.6.432930	0	0.004607487
202	0	0.7.6.433011	0	0.004607487
202	0	0.7.6.433017	0	0.004607487
202	0	0.7.6.433051	0	0.004607487
202	0	0.7.6.434092	0	0.004607487
202	0	0.7.6.434112	1	0.2349112
202	0	0.7.6.434440	0	0.004607487
202	0	0.7.6.434482	0	0.004607487
202	0	0.7.6.435720	0	0.004607487
202	0	0.7.6.435791	0	0.004607487
202	0	0.7.6.437923	0	0.004607487
202	0	0.7.6.437966	0	0.004607487
202	0	0.7.6.438420	0	0.004607487
202	0	0.7.6.438539	0	0.004607487
202	0	0.7.6.438741	0	0.004607487
202	0	0.7.6.438849	0	0.004607487
202	0	0.7.6.438862	0	0.004607487
202	0	0.7.6.440750	0	0.004607487
202	0	0.7.6.441813	0	0.004607487
202	0	0.7.6.442644	0	0.004607487
202	0	0.7.6.443210	0	0.004607487
202	0	0.7.6.443602	0	0.004607487
202	0	0.7.6.444338	0	0.004607487
202	0	0.7.6.445272	0	0.004607487
202	0	0.7.6.447642	0	0.004607487
202	0	0.7.6.450231	0	0.004607487
202	0	0.7.6.450300	1	0.2342758
202	0	0.7.6.450341	0	0.004607487
202	0	0.7.6.450610	0	0.004607487
202	0	0.7.6.450639	0	0.004607487
202	0	0.7.6.450878	0	0.004607487
202	0	0.7.6.4513	0	0.004607487
202	0	0.7.6.452449	0	0.004607487
202	0	0.7.6.452567	0	0.004607487
202	0	0.7.6.452600	1	0.2342758
202	0	0.7.6.452617	0	0.004607487
202	0	0.7.6.4528	0	0.004607487
202	0	0.7.6.453063	0	0.004607487
202	0	0.7.6.453066	0	0.004607487
202	0	0.7.6.453535	0	0.004607487
202	0	0.7.6.453596	-2	0.004607487
202	0	0.7.6.453605	-2	0.004607487
202	0	0.7.6.453708	0	0.004607487
202	0	0.7.6.453769	0	0.004607487
202	0	0.7.6.454440	0	0.004607487
202	0	0.7.6.455229	0	0.004607487
202	0	0.7.6.455379	0	0.004607487
202	0	0.7.6.456206	1	0.2342758
202	0	0.7.6.456236	0	0.004607487
202	0	0.7.6.458044	0	0.004607487
202	0	0.7.6.459982	0	0.004607487
202	0	0.7.6.460878	0	0.004607487
202	0	0.7.6.462798	0	0.004607487
202	0	0.7.6.463665	0	0.004607487
202	0	0.7.6.464135	0	0.004607487
202	0	0.7.6.464906	0	0.004607487
202	0	0.7.6.465085	0	0.004607487
202	0	0.7.6.4652	0	0.004607487
202	0	0.7.6.465211	1	0.2416158
202	0	0.7.6.465247	0	0.004607487
202	0	0.7.6.465339	0	0.2342758
202	0	0.7.6.465817	0	0.004607487
202	0	0.7.6.466132	0	0.004607487
202	0	0.7.6.466663	1	0.2416158
202	0	0.7.6.467723	0	0.004607487
202	0	0.7.6.468418	0	0.004607487
202	0	0.7.6.468477	0	0.004607487
202	0	0.7.6.468497	1	0.2416158
202	0	0.7.6.468749	0	0.004607487
202	0	0.7.6.469091	0	0.004607487
202	0	0.7.6.469103	0	0.004607487
202	0	0.7.6.469501	1	0.2349112
202	0	0.7.6.469554	1	0.2349112
202	0	0.7.6.469618	0	0.004607487
202	0	0.7.6.4702	0	0.004607487
202	0	0.7.6.480089	0	0.004607487
202	0	0.7.6.481119	0	0.004607487
202	0	0.7.6.481482	0	0.004607487
202	0	0.7.6.481491	0	0.004607487
202	0	0.7.6.482229	0	0.004607487
202	0	0.7.6.482651	0	0.004607487
202	0	0.7.6.482695	0	0.004607487
202	0	0.7.6.4827	0	0.004607487
202	0	0.7.6.483225	0	0.004607487
202	0	0.7.6.483299	0	0.004607487
202	0	0.7.6.484368	0	0.2416158
202	0	0.7.6.484635	0	0.2342758
202	0	0.7.6.484671	0	0.2342758
202	0	0.7.6.485305	0	0.004607487
202	0	0.7.6.485395	0	0.004607487
202	0	0.7.6.485641	0	0.2342758
202	0	0.7.6.485699	0	0.004607487
202	0	0.7.6.485707	1	0.2349112
202	0	0.7.6.485742	0	0.2416158
202	0	0.7.6.485814	1	0.2349112
202	0	0.7.6.486534	0	0.2342758
202	0	0.7.6.486598	1	0.2416158
202	0	0.7.6.486718	0	0.004607487
202	0	0.7.6.486773	0	0.004607487
202	0	0.7.6.486870	0	0.004607487
202	0	0.7.6.486991	0	0.004607487
202	0	0.7.6.487387	0	0.2342758
202	0	0.7.6.487653	0	0.2342758
202	0	0.7.6.4879	0	0.004607487
202	0	0.7.6.487944	0	0.2342758
202	0	0.7.6.488131	1	0.2416158
202	0	0.7.6.488152	1	0.2416158
202	0	0.7.6.488174	1	0.2416158
202	0	0.7.6.491543	0	0.004607487
202	0	0.7.6.492235	0	0.004607487
202	0	0.7.6.492310	0	0.004607487
202	0	0.7.6.492684	0	0.004607487
202	0	0.7.6.493053	1	0.2342758
202	0	0.7.6.493227	0	0.004607487
202	0	0.7.6.493713	0	0.004607487
202	0	0.7.6.493804	0	0.004607487
202	0	0.7.6.493880	0	0.004607487
202	0	0.7.6.494278	0	0.2342758
202	0	0.7.6.494400	0	0.004607487
202	0	0.7.6.494840	0	0.004607487
202	0	0.7.6.494934	0	0.004607487
202	0	0.7.6.495194	0	0.004607487
202	0	0.7.6.495305	1	0.2349112
202	0	0.7.6.495356	0	0.004607487
202	0	0.7.6.495559	0	0.004607487
202	0	0.7.6.4958	0	0.004607487
202	0	0.7.6.496094	0	0.004607487
202	0	0.7.6.496681	0	0.004607487
202	0	0.7.6.497655	0	0.004607487
202	0	0.7.6.497685	1	0.2342758
202	0	0.7.6.498049	0	0.004607487
202	0	0.7.6.498457	0	0.2342758
202	0	0.7.6.499176	1	0.2349112
202	0	0.7.6.499763	0	0.004607487
202	0	0.7.6.500125	0	0.004607487
202	0	0.7.6.500138	1	0.2349112
202	0	0.7.6.500164	1	0.2342758
202	0	0.7.6.500405	1	0.2349112
202	0	0.7.6.500536	1	0.2342758
202	0	0.7.6.501094	0	0.004607487
202	0	0.7.6.501212	0	0.004607487
202	0	0.7.6.501345	0	0.004607487
202	0	0.7.6.501549	0	0.004607487
202	0	0.7.6.502757	0	0.004607487
202	0	0.7.6.502810	0	0.004607487
202	0	0.7.6.502826	1	0.2349112
202	0	0.7.6.503113	0	0.004607487
202	0	0.7.6.503349	0	0.004607487
202	0	0.7.6.503473	0	0.004607487
202	0	0.7.6.503566	0	0.004607487
202	0	0.7.6.503630	0	0.004607487
202	0	0.7.6.504095	0	0.004607487
202	0	0.7.6.504364	0	0.004607487
202	0	0.7.6.504987	0	0.004607487
202	0	0.7.6.505041	0	0.004607487
202	0	0.7.6.505177	0	0.004607487
202	0	0.7.6.505400	0	0.004607487
202	0	0.7.6.505644	0	0.004607487
202	0	0.7.6.505740	0	0.004607487
202	0	0.7.6.506115	0	0.004607487
202	0	0.7.6.506297	0	0.004607487
202	0	0.7.6.506516	0	0.004607487
202	0	0.7.6.506788	0	0.004607487
202	0	0.7.6.506846	0	0.004607487
202	0	0.7.6.506981	0	0.004607487
202	0	0.7.6.507001	0	0.004607487
202	0	0.7.6.507588	0	0.004607487
202	0	0.7.6.507616	0	0.004607487
202	0	0.7.6.507648	0	0.004607487
202	0	0.7.6.507806	0	0.004607487
202	0	0.7.6.507947	0	0.004607487
202	0	0.7.6.507985	0	0.004607487
202	0	0.7.6.508009	0	0.2342758
202	0	0.7.6.508050	0	0.004607487
202	0	0.7.6.508104	1	0.2342758
202	0	0.7.6.508245	0	0.2342758
202	0	0.7.6.508475	1	0.2342758
202	0	0.7.6.508718	0	0.004607487
202	0	0.7.6.509076	0	0.004607487
202	0	0.7.6.514303	0	0.004607487
202	0	0.7.6.514656	0	0.004607487
202	0	0.7.6.514774	1	0.2349112
202	0	0.7.6.515666	0	0.004607487
202	0	0.7.6.517233	1	0.2416158
202	0	0.7.6.517276	0	0.004607487
202	0	0.7.6.517300	1	0.2416158
202	0	0.7.6.517709	1	0.2416158
202	0	0.7.6.517727	1	0.2416158
202	0	0.7.6.517741	1	0.2416158
202	0	0.7.6.517745	1	0.2416158
202	0	0.7.6.517799	1	0.2416158
202	0	0.7.6.518009	1	0.2416158
202	0	0.7.6.518256	0	0.004607487
202	0	0.7.6.518764	0	0.004607487
202	0	0.7.6.518973	1	0.2416158
202	0	0.7.6.519139	1	0.2416158
202	0	0.7.6.519149	1	0.2416158
202	0	0.7.6.519181	-1	0.2416158
202	0	0.7.6.519298	1	0.2416158
202	0	0.7.6.519347	-1	0.2416158
202	0	0.7.6.519358	-1	0.004607487
202	0	0.7.6.519486	0	0.004607487
202	0	0.7.6.519682	-1	0.2416158
202	0	0.7.6.519751	-1	0.2416158
202	0	0.7.6.520186	0	0.004607487
202	0	0.7.6.520335	1	0.2349112
202	0	0.7.6.520338	0	0.004607487
202	0	0.7.6.520817	0	0.004607487
202	0	0.7.6.520979	0	0.004607487
202	0	0.7.6.521281	1	0.2349112
202	0	0.7.6.521566	1	0.2349112
202	0	0.7.6.521667	0	0.004607487
202	0	0.7.6.521967	1	0.2416158
202	0	0.7.6.522354	0	0.004607487
202	0	0.7.6.522560	0	0.004607487
202	0	0.7.6.523060	1	0.2349112
202	0	0.7.6.523357	0	0.2416158
202	0	0.7.6.523467	1	0.2416158
202	0	0.7.6.523475	1	0.2342758
202	0	0.7.6.523544	1	0.2342758
202	0	0.7.6.523674	1	0.2342758
202	0	0.7.6.523699	0	0.2342758
202	0	0.7.6.523717	0	0.2342758
202	0	0.7.6.523989	1	0.2416158
202	0	0.7.6.524065	1	0.2416158
202	0	0.7.6.524271	0	0.004607487
202	0	0.7.6.524513	1	0.2416158
202	0	0.7.6.524720	1	0.2416158
202	0	0.7.6.524850	0	0.004607487
202	0	0.7.6.524852	1	0.2416158
202	0	0.7.6.524888	1	0.2416158
202	0	0.7.6.525043	1	0.2349112
202	0	0.7.6.525065	1	0.2349112
202	0	0.7.6.525220	1	0.2349112
202	0	0.7.6.525231	1	0.2349112
202	0	0.7.6.525233	1	0.2349112
202	0	0.7.6.525304	1	0.2349112
202	0	0.7.6.525305	1	0.2349112
202	0	0.7.6.525309	1	0.2349112
202	0	0.7.6.525311	1	0.2349112
202	0	0.7.6.525499	1	0.2349112
202	0	0.7.6.525620	1	0.2349112
202	0	0.7.6.525724	1	0.2416158
202	0	0.7.6.525730	1	0.2349112
202	0	0.7.6.525739	1	0.2349112
202	0	0.7.6.525795	1	0.2349112
202	0	0.7.6.525826	1	0.2416158
202	0	0.7.6.525866	1	0.2349112
202	0	0.7.6.525892	1	0.2349112
202	0	0.7.6.525931	0	0.2416158
202	0	0.7.6.525959	1	0.2416158
202	0	0.7.6.525961	1	0.2416158
202	0	0.7.6.526036	1	0.2349112
202	0	0.7.6.526039	1	0.2349112
202	0	0.7.6.526051	1	0.2416158
202	0	0.7.6.526229	0	0.004607487
202	0	0.7.6.526283	1	0.2349112
202	0	0.7.6.526431	0	0.004607487
202	0	0.7.6.526542	1	0.2349112
202	0	0.7.6.526585	1	0.2349112
202	0	0.7.6.526595	1	0.2349112
202	0	0.7.6.526719	0	0.004607487
202	0	0.7.6.526739	1	0.2416158
202	0	0.7.6.526751	1	0.2416158
202	0	0.7.6.526763	1	0.2349112
202	0	0.7.6.526771	0	0.004607487
202	0	0.7.6.526801	1	0.2349112
202	0	0.7.6.526900	1	0.2349112
202	0	0.7.6.526929	1	0.2349112
202	0	0.7.6.526971	1	0.2416158
202	0	0.7.6.527029	1	0.2349112
202	0	0.7.6.527031	1	0.2349112
202	0	0.7.6.527037	1	0.2349112
202	0	0.7.6.527058	1	0.2349112
202	0	0.7.6.527066	1	0.2349112
202	0	0.7.6.527076	1	0.2349112
202	0	0.7.6.527096	1	0.2349112
202	0	0.7.6.527119	1	0.2416158
202	0	0.7.6.527143	1	0.2349112
202	0	0.7.6.527238	1	0.2349112
202	0	0.7.6.527308	1	0.2349112
202	0	0.7.6.527309	1	0.2416158
202	0	0.7.6.527311	1	0.2349112
202	0	0.7.6.527432	1	0.2349112
202	0	0.7.6.527441	1	0.2349112
202	0	0.7.6.527478	1	0.2349112
202	0	0.7.6.527536	1	0.2342758
202	0	0.7.6.527540	1	0.2349112
202	0	0.7.6.527548	0	0.2342758
202	0	0.7.6.527575	0	0.2342758
202	0	0.7.6.527578	0	0.004607487
202	0	0.7.6.527603	0	0.2342758
202	0	0.7.6.527748	0	0.2342758
202	0	0.7.6.527753	1	0.2349112
202	0	0.7.6.527794	1	0.2416158
202	0	0.7.6.527891	1	0.2349112
202	0	0.7.6.527903	1	0.2349112
202	0	0.7.6.527915	0	0.004607487
202	0	0.7.6.528205	1	0.2349112
202	0	0.7.6.528221	1	0.2349112
202	0	0.7.6.528250	1	0.2349112
202	0	0.7.6.528264	1	0.2349112
202	0	0.7.6.528390	1	0.2416158
202	0	0.7.6.528982	1	0.2349112
202	0	0.7.6.528989	1	0.2416158
202	0	0.7.6.529068	0	0.004607487
202	0	0.7.6.529080	0	0.004607487
202	0	0.7.6.529236	0	0.004607487
202	0	0.7.6.529359	1	0.2349112
202	0	0.7.6.529364	1	0.2416158
202	0	0.7.6.529373	1	0.2416158
202	0	0.7.6.529374	1	0.2416158
202	0	0.7.6.529492	1	0.2349112
202	0	0.7.6.529502	1	0.2349112
202	0	0.7.6.529570	1	0.2349112
202	0	0.7.6.529612	1	0.2416158
202	0	0.7.6.529683	1	0.2349112
202	0	0.7.6.529695	1	0.2349112
202	0	0.7.6.529879	1	0.2349112
202	0	0.7.6.529960	1	0.2349112
202	0	0.7.6.530001	0	0.2416158
202	0	0.7.6.530083	0	0.004607487
202	0	0.7.6.530109	1	0.2349112
202	0	0.7.6.530212	1	0.2349112
202	0	0.7.6.530265	0	0.004607487
202	0	0.7.6.530729	0	0.004607487
202	0	0.7.6.531186	0	0.004607487
202	0	0.7.6.531280	1	0.2342758
202	0	0.7.6.531404	1	0.2342758
202	0	0.7.6.531463	0	0.004607487
202	0	0.7.6.531477	0	0.004607487
202	0	0.7.6.531489	0	0.004607487
202	0	0.7.6.531524	0	0.004607487
202	0	0.7.6.531584	0	0.004607487
202	0	0.7.6.5317	0	0.004607487
202	0	0.7.6.531962	0	0.004607487
202	0	0.7.6.531967	0	0.004607487
202	0	0.7.6.532108	0	0.004607487
202	0	0.7.6.532249	0	0.004607487
202	0	0.7.6.532283	0	0.2342758
202	0	0.7.6.532334	0	0.004607487
202	0	0.7.6.5328	0	0.2342758
202	0	0.7.6.533187	0	0.004607487
202	0	0.7.6.533213	0	0.004607487
202	0	0.7.6.533330	0	0.004607487
202	0	0.7.6.533412	0	0.004607487
202	0	0.7.6.533416	1	0.2349112
202	0	0.7.6.534095	0	0.004607487
202	0	0.7.6.534598	1	0.2349112
202	0	0.7.6.534731	0	0.004607487
202	0	0.7.6.534852	1	0.2342758
202	0	0.7.6.535026	0	0.2342758
202	0	0.7.6.535137	0	0.004607487
202	0	0.7.6.536230	0	0.004607487
202	0	0.7.6.536334	0	0.004607487
202	0	0.7.6.536397	0	0.004607487
202	0	0.7.6.536540	0	0.2342758
202	0	0.7.6.536547	1	0.2416158
202	0	0.7.6.537507	0	0.004607487
202	0	0.7.6.537524	0	0.004607487
202	0	0.7.6.537711	0	0.004607487
202	0	0.7.6.537800	1	0.2416158
202	0	0.7.6.538944	0	0.2416158
202	0	0.7.6.539357	0	0.004607487
202	0	0.7.6.539970	0	0.2342758
202	0	0.7.6.540361	1	0.2342758
202	0	0.7.6.540824	0	0.004607487
202	0	0.7.6.540866	1	0.2342758
202	0	0.7.6.541161	1	0.2342758
202	0	0.7.6.541341	0	0.004607487
202	0	0.7.6.541496	0	0.004607487
202	0	0.7.6.542147	0	0.2416158
202	0	0.7.6.547184	0	0.004607487
202	0	0.7.6.547468	0	0.004607487
202	0	0.7.6.547976	0	0.004607487
202	0	0.7.6.548955	0	0.004607487
202	0	0.7.6.550303	0	0.004607487
202	0	0.7.6.550485	0	0.004607487
202	0	0.7.6.550576	0	0.004607487
202	0	0.7.6.550612	0	0.004607487
202	0	0.7.6.550697	0	0.004607487
202	0	0.7.6.550902	0	0.004607487
202	0	0.7.6.550943	0	0.004607487
202	0	0.7.6.551069	0	0.004607487
202	0	0.7.6.551927	0	0.004607487
202	0	0.7.6.552811	0	0.004607487
202	0	0.7.6.552861	0	0.004607487
202	0	0.7.6.552933	0	0.004607487
202	0	0.7.6.553052	0	0.004607487
202	0	0.7.6.553163	0	0.004607487
202	0	0.7.6.553208	0	0.004607487
202	0	0.7.6.553754	0	0.004607487
202	0	0.7.6.553868	0	0.004607487
202	0	0.7.6.553981	0	0.004607487
202	0	0.7.6.554086	0	0.004607487
202	0	0.7.6.554313	0	0.004607487
202	0	0.7.6.554513	0	0.004607487
202	0	0.7.6.554598	0	0.004607487
202	0	0.7.6.554782	0	0.004607487
202	0	0.7.6.554831	0	0.004607487
202	0	0.7.6.555046	0	0.004607487
202	0	0.7.6.557228	0	0.004607487
202	0	0.7.6.557550	1	0.2416158
202	0	0.7.6.558421	0	0.004607487
202	0	0.7.6.558910	0	0.2342758
202	0	0.7.6.559060	0	0.2342758
202	0	0.7.6.559136	0	0.004607487
202	0	0.7.6.561355	-2	0.2342758
202	0	0.7.6.563031	-1	0.004607487
202	0	0.7.6.563355	-2	0.004607487
202	0	0.7.6.563368	0	0.004607487
202	0	0.7.6.564472	0	0.2416158
202	0	0.7.6.564639	0	0.2342758
202	0	0.7.6.567275	0	0.004607487
202	0	0.7.6.567383	0	0.004607487
202	0	0.7.6.567928	0	0.004607487
202	0	0.7.6.572688	0	0.2416158
202	0	0.7.6.573174	-1	0.2342758
202	0	0.7.6.574099	1	0.2342758
202	0	0.7.6.5745	0	0.004607487
202	0	0.7.6.582147	0	0.004607487
202	0	0.7.6.586707	0	0.004607487
202	0	0.7.6.587348	0	0.004607487
202	0	0.7.6.589905	0	0.004607487
202	0	0.7.6.592845	0	0.004607487
202	0	0.7.6.600008	-1	0.004607487
202	0	0.7.6.600126	0	0.004607487
202	0	0.7.6.600783	0	0.004607487
202	0	0.7.6.601965	0	0.004607487
202	0	0.7.6.606168	-1	0.2416158
202	0	0.7.6.60700	0	0.004607487
202	0	0.7.6.608840	0	0.004607487
202	0	0.7.6.609642	0	0.004607487
202	0	0.7.6.613213	-1	0.004607487
202	0	0.7.6.61495	0	0.004607487
202	0	0.7.6.61506	0	0.004607487
202	0	0.7.6.61738	0	0.004607487
202	0	0.7.6.617767	0	0.004607487
202	0	0.7.6.61784	0	0.004607487
202	0	0.7.6.61959	0	0.004607487
202	0	0.7.6.625528	0	0.004607487
202	0	0.7.6.62689	0	0.004607487
202	0	0.7.6.62740	0	0.004607487
202	0	0.7.6.628980	0	0.004607487
202	0	0.7.6.629843	1	0.2342758
202	0	0.7.6.629852	1	0.2342758
202	0	0.7.6.629872	1	0.2342758
202	0	0.7.6.62999	0	0.004607487
202	0	0.7.6.630052	1	0.2349112
202	0	0.7.6.630172	1	0.2416158
202	0	0.7.6.63019	0	0.004607487
202	0	0.7.6.630273	0	0.2342758
202	0	0.7.6.630343	1	0.2416158
202	0	0.7.6.630457	0	0.2342758
202	0	0.7.6.630458	0	0.2342758
202	0	0.7.6.630485	1	0.2349112
202	0	0.7.6.630653	0	0.004607487
202	0	0.7.6.630722	0	0.004607487
202	0	0.7.6.630904	0	0.004607487
202	0	0.7.6.63796	0	0.004607487
202	0	0.7.6.64107	0	0.004607487
202	0	0.7.6.64340	0	0.004607487
202	0	0.7.6.64460	-1	0.004607487
202	0	0.7.6.64500	0	0.004607487
202	0	0.7.6.64807	0	0.004607487
202	0	0.7.6.65094	-1	0.004607487
202	0	0.7.6.65239	0	0.004607487
202	0	0.7.6.66169	0	0.004607487
202	0	0.7.6.66181	0	0.004607487
202	0	0.7.6.66217	0	0.004607487
202	0	0.7.6.663829	0	0.004607487
202	0	0.7.6.663840	0	0.004607487
202	0	0.7.6.664126	-1	0.004607487
202	0	0.7.6.664189	0	0.004607487
202	0	0.7.6.664249	0	0.004607487
202	0	0.7.6.664293	0	0.004607487
202	0	0.7.6.664327	0	0.004607487
202	0	0.7.6.664342	0	0.004607487
202	0	0.7.6.664449	0	0.004607487
202	0	0.7.6.664853	0	0.004607487
202	0	0.7.6.665488	0	0.004607487
202	0	0.7.6.665889	1	0.2349112
202	0	0.7.6.666025	-1	0.004607487
202	0	0.7.6.666083	0	0.004607487
202	0	0.7.6.666362	0	0.004607487
202	0	0.7.6.666971	0	0.004607487
202	0	0.7.6.667374	0	0.004607487
202	0	0.7.6.667504	0	0.004607487
202	0	0.7.6.66859	0	0.004607487
202	0	0.7.6.668862	0	0.004607487
202	0	0.7.6.668924	-1	0.004607487
202	0	0.7.6.669266	0	0.004607487
202	0	0.7.6.669353	0	0.2342758
202	0	0.7.6.669382	0	0.2342758
202	0	0.7.6.670578	1	0.2349112
202	0	0.7.6.670612	0	0.2342758
202	0	0.7.6.670666	0	0.2342758
202	0	0.7.6.671730	0	0.004607487
202	0	0.7.6.672698	0	0.004607487
202	0	0.7.6.673209	-1	0.004607487
202	0	0.7.6.673247	-2	0.004607487
202	0	0.7.6.673590	0	0.004607487
202	0	0.7.6.673731	-1	0.004607487
202	0	0.7.6.67400	0	0.004607487
202	0	0.7.6.674045	0	0.004607487
202	0	0.7.6.674052	-1	0.004607487
202	0	0.7.6.67432	0	0.004607487
202	0	0.7.6.675292	-1	0.004607487
202	0	0.7.6.676037	0	0.004607487
202	0	0.7.6.676207	0	0.004607487
202	0	0.7.6.676240	0	0.004607487
202	0	0.7.6.676638	0	0.004607487
202	0	0.7.6.67755	0	0.004607487
202	0	0.7.6.678824	0	0.004607487
202	0	0.7.6.679095	0	0.004607487
202	0	0.7.6.679219	0	0.004607487
202	0	0.7.6.679676	0	0.004607487
202	0	0.7.6.680624	0	0.004607487
202	0	0.7.6.680714	0	0.004607487
202	0	0.7.6.68130	0	0.004607487
202	0	0.7.6.681878	0	0.2342758
202	0	0.7.6.682147	0	0.004607487
202	0	0.7.6.682340	0	0.2342758
202	0	0.7.6.682387	0	0.004607487
202	0	0.7.6.682492	0	0.004607487
202	0	0.7.6.683229	0	0.004607487
202	0	0.7.6.683299	0	0.004607487
202	0	0.7.6.68464	1	0.2416158
202	0	0.7.6.684719	0	0.004607487
202	0	0.7.6.68738	0	0.004607487
202	0	0.7.6.68779	1	0.2416158
202	0	0.7.6.689381	0	0.004607487
202	0	0.7.6.689576	0	0.004607487
202	0	0.7.6.691262	1	0.2416158
202	0	0.7.6.691589	0	0.004607487
202	0	0.7.6.691604	0	0.004607487
202	0	0.7.6.69170	0	0.004607487
202	0	0.7.6.693564	0	0.2342758
202	0	0.7.6.693840	0	0.2342758
202	0	0.7.6.693866	1	0.2416158
202	0	0.7.6.693871	1	0.2349112
202	0	0.7.6.693930	0	0.004607487
202	0	0.7.6.694120	1	0.2349112
202	0	0.7.6.694311	0	0.2342758
202	0	0.7.6.694770	-1	0.2349112
202	0	0.7.6.694920	0	0.2342758
202	0	0.7.6.694960	0	0.004607487
202	0	0.7.6.69520	0	0.004607487
202	0	0.7.6.69549	0	0.004607487
202	0	0.7.6.69572	0	0.004607487
202	0	0.7.6.696176	0	0.004607487
202	0	0.7.6.696679	1	0.2349112
202	0	0.7.6.696713	1	0.2349112
202	0	0.7.6.696815	1	0.2349112
202	0	0.7.6.69721	0	0.004607487
202	0	0.7.6.697933	0	0.004607487
202	0	0.7.6.698084	0	0.004607487
202	0	0.7.6.698220	1	0.2349112
202	0	0.7.6.698300	1	0.2416158
202	0	0.7.6.6990	-1	0.004607487
202	0	0.7.6.699399	1	0.2416158
202	0	0.7.6.699929	1	0.2349112
202	0	0.7.6.700473	0	0.004607487
202	0	0.7.6.700551	0	0.004607487
202	0	0.7.6.700891	0	0.2342758
202	0	0.7.6.701324	0	0.004607487
202	0	0.7.6.701330	0	0.004607487
202	0	0.7.6.701392	0	0.2342758
202	0	0.7.6.701586	0	0.004607487
202	0	0.7.6.702962	0	0.004607487
202	0	0.7.6.703078	0	0.004607487
202	0	0.7.6.703550	0	0.004607487
202	0	0.7.6.704154	0	0.004607487
202	0	0.7.6.704171	-1	0.004607487
202	0	0.7.6.704197	0	0.004607487
202	0	0.7.6.704432	0	0.004607487
202	0	0.7.6.704622	0	0.004607487
202	0	0.7.6.704722	0	0.004607487
202	0	0.7.6.704876	0	0.004607487
202	0	0.7.6.705030	0	0.004607487
202	0	0.7.6.705246	1	0.2416158
202	0	0.7.6.705316	0	0.004607487
202	0	0.7.6.705389	1	0.2349112
202	0	0.7.6.705587	1	0.2416158
202	0	0.7.6.705721	0	0.004607487
202	0	0.7.6.706010	1	0.2349112
202	0	0.7.6.706964	0	0.004607487
202	0	0.7.6.707155	0	0.004607487
202	0	0.7.6.707278	0	0.004607487
202	0	0.7.6.707555	0	0.004607487
202	0	0.7.6.707588	0	0.004607487
202	0	0.7.6.707666	0	0.004607487
202	0	0.7.6.707933	-1	0.2416158
202	0	0.7.6.708039	-1	0.2416158
202	0	0.7.6.708462	-1	0.2349112
202	0	0.7.6.70855	0	0.004607487
202	0	0.7.6.70909	0	0.004607487
202	0	0.7.6.709212	0	0.004607487
202	0	0.7.6.709376	0	0.004607487
202	0	0.7.6.709894	1	0.2416158
202	0	0.7.6.709895	1	0.2342758
202	0	0.7.6.710056	0	0.004607487
202	0	0.7.6.710208	0	0.004607487
202	0	0.7.6.711324	0	0.2342758
202	0	0.7.6.711342	0	0.004607487
202	0	0.7.6.711374	0	0.004607487
202	0	0.7.6.711393	1	0.2342758
202	0	0.7.6.712098	0	0.2342758
202	0	0.7.6.712365	-1	0.004607487
202	0	0.7.6.712366	0	0.004607487
202	0	0.7.6.712515	-1	0.004607487
202	0	0.7.6.716657	0	0.2342758
202	0	0.7.6.71709	0	0.004607487
202	0	0.7.6.718089	0	0.004607487
202	0	0.7.6.71925	0	0.004607487
202	0	0.7.6.720493	0	0.004607487
202	0	0.7.6.720549	-1	0.004607487
202	0	0.7.6.720730	0	0.004607487
202	0	0.7.6.720904	0	0.004607487
202	0	0.7.6.72221	0	0.004607487
202	0	0.7.6.722830	0	0.004607487
202	0	0.7.6.723147	0	0.004607487
202	0	0.7.6.723196	0	0.004607487
202	0	0.7.6.723349	0	0.004607487
202	0	0.7.6.72390	0	0.004607487
202	0	0.7.6.724052	0	0.004607487
202	0	0.7.6.724330	1	0.2342758
202	0	0.7.6.724825	-1	0.004607487
202	0	0.7.6.726780	0	0.004607487
202	0	0.7.6.727499	0	0.004607487
202	0	0.7.6.727793	0	0.004607487
202	0	0.7.6.728599	0	0.004607487
202	0	0.7.6.728717	0	0.004607487
202	0	0.7.6.72920	0	0.004607487
202	0	0.7.6.729668	0	0.004607487
202	0	0.7.6.731074	0	0.004607487
202	0	0.7.6.733031	1	0.2416158
202	0	0.7.6.733032	1	0.2416158
202	0	0.7.6.733862	1	0.2416158
202	0	0.7.6.734495	0	0.004607487
202	0	0.7.6.735085	0	0.004607487
202	0	0.7.6.735408	0	0.004607487
202	0	0.7.6.735495	0	0.004607487
202	0	0.7.6.736244	0	0.004607487
202	0	0.7.6.736833	0	0.004607487
202	0	0.7.6.737024	0	0.2342758
202	0	0.7.6.738592	0	0.004607487
202	0	0.7.6.738713	0	0.004607487
202	0	0.7.6.738828	0	0.004607487
202	0	0.7.6.741496	0	0.004607487
202	0	0.7.6.741554	0	0.004607487
202	0	0.7.6.741800	-1	0.004607487
202	0	0.7.6.742231	0	0.004607487
202	0	0.7.6.742570	0	0.004607487
202	0	0.7.6.742665	-1	0.004607487
202	0	0.7.6.743336	0	0.004607487
202	0	0.7.6.743590	0	0.004607487
202	0	0.7.6.744030	0	0.004607487
202	0	0.7.6.744470	0	0.004607487
202	0	0.7.6.744676	0	0.004607487
202	0	0.7.6.745189	1	0.2349112
202	0	0.7.6.745522	0	0.004607487
202	0	0.7.6.746678	0	0.004607487
202	0	0.7.6.747068	0	0.004607487
202	0	0.7.6.747177	0	0.004607487
202	0	0.7.6.747364	0	0.004607487
202	0	0.7.6.747489	0	0.004607487
202	0	0.7.6.747509	0	0.004607487
202	0	0.7.6.747547	0	0.004607487
202	0	0.7.6.748516	0	0.004607487
202	0	0.7.6.750827	0	0.004607487
202	0	0.7.6.750908	0	0.004607487
202	0	0.7.6.751025	0	0.004607487
202	0	0.7.6.751705	0	0.004607487
202	0	0.7.6.751950	0	0.004607487
202	0	0.7.6.752255	-1	0.004607487
202	0	0.7.6.752494	0	0.004607487
202	0	0.7.6.752698	0	0.004607487
202	0	0.7.6.752878	1	0.2342758
202	0	0.7.6.753021	0	0.004607487
202	0	0.7.6.7531	0	0.004607487
202	0	0.7.6.753280	0	0.004607487
202	0	0.7.6.753445	0	0.004607487
202	0	0.7.6.755825	0	0.004607487
202	0	0.7.6.756063	0	0.004607487
202	0	0.7.6.758332	0	0.004607487
202	0	0.7.6.758679	0	0.004607487
202	0	0.7.6.758856	0	0.004607487
202	0	0.7.6.759064	0	0.004607487
202	0	0.7.6.759491	0	0.004607487
202	0	0.7.6.76109	0	0.004607487
202	0	0.7.6.76124	0	0.004607487
202	0	0.7.6.761789	0	0.004607487
202	0	0.7.6.761836	1	0.2349112
202	0	0.7.6.761947	0	0.004607487
202	0	0.7.6.76215	0	0.004607487
202	0	0.7.6.762530	-1	0.004607487
202	0	0.7.6.762793	-1	0.004607487
202	0	0.7.6.762815	0	0.004607487
202	0	0.7.6.762951	0	0.004607487
202	0	0.7.6.763682	0	0.004607487
202	0	0.7.6.763723	1	0.2342758
202	0	0.7.6.76402	0	0.004607487
202	0	0.7.6.764926	0	0.004607487
202	0	0.7.6.765246	-1	0.004607487
202	0	0.7.6.765580	0	0.004607487
202	0	0.7.6.76597	0	0.004607487
202	0	0.7.6.766647	0	0.004607487
202	0	0.7.6.766947	0	0.004607487
202	0	0.7.6.767001	-1	0.004607487
202	0	0.7.6.767668	0	0.004607487
202	0	0.7.6.767742	-1	0.2342758
202	0	0.7.6.76787	0	0.004607487
202	0	0.7.6.768044	0	0.2342758
202	0	0.7.6.76810	-1	0.2342758
202	0	0.7.6.770227	0	0.004607487
202	0	0.7.6.770272	0	0.004607487
202	0	0.7.6.770301	0	0.004607487
202	0	0.7.6.770544	0	0.004607487
202	0	0.7.6.770575	-1	0.004607487
202	0	0.7.6.770705	0	0.004607487
202	0	0.7.6.770797	0	0.004607487
202	0	0.7.6.771034	0	0.004607487
202	0	0.7.6.771537	0	0.004607487
202	0	0.7.6.77172	-1	0.004607487
202	0	0.7.6.771935	0	0.004607487
202	0	0.7.6.77202	0	0.004607487
202	0	0.7.6.772558	0	0.004607487
202	0	0.7.6.772718	0	0.2342758
202	0	0.7.6.772807	0	0.2342758
202	0	0.7.6.772817	-1	0.2342758
202	0	0.7.6.772890	0	0.2342758
202	0	0.7.6.773006	0	0.2342758
202	0	0.7.6.773114	-1	0.2342758
202	0	0.7.6.773241	0	0.2342758
202	0	0.7.6.773291	0	0.004607487
202	0	0.7.6.77370	1	0.2349112
202	0	0.7.6.77957	1	0.2342758
202	0	0.7.6.78118	1	0.2349112
202	0	0.7.6.78606	0	0.004607487
202	0	0.7.6.79312	0	0.004607487
202	0	0.7.6.79328	0	0.004607487
202	0	0.7.6.79370	0	0.004607487
202	0	0.7.6.79916	0	0.004607487
202	0	0.7.6.80292	0	0.004607487
202	0	0.7.6.80781	0	0.004607487
202	0	0.7.6.80811	0	0.004607487
202	0	0.7.6.80892	0	0.2342758
202	0	0.7.6.80893	1	0.2342758
202	0	0.7.6.80909	1	0.2342758
202	0	0.7.6.80950	0	0.004607487
202	0	0.7.6.80952	0	0.004607487
202	0	0.7.6.81008	0	0.004607487
202	0	0.7.6.81043	1	0.2342758
202	0	0.7.6.81166	0	0.004607487
202	0	0.7.6.81766	0	0.004607487
202	0	0.7.6.81813	0	0.004607487
202	0	0.7.6.81949	0	0.004607487
202	0	0.7.6.82187	0	0.004607487
202	0	0.7.6.82493	0	0.004607487
202	0	0.7.6.82654	0	0.004607487
202	0	0.7.6.82656	0	0.004607487
202	0	0.7.6.82696	0	0.004607487
202	0	0.7.6.83013	0	0.004607487
202	0	0.7.6.83526	0	0.004607487
202	0	0.7.6.83823	0	0.004607487
202	0	0.7.6.83918	0	0.004607487
202	0	0.7.6.83993	1	0.2349112
202	0	0.7.6.84273	1	0.2349112
202	0	0.7.6.84433	0	0.004607487
202	0	0.7.6.84557	1	0.2342758
202	0	0.7.6.84904	1	0.2416158
202	0	0.7.6.85113	0	0.004607487
202	0	0.7.6.85121	0	0.2416158
202	0	0.7.6.85213	0	0.004607487
202	0	0.7.6.85908	0	0.004607487
202	0	0.7.6.85913	0	0.004607487
202	0	0.7.6.86032	0	0.004607487
202	0	0.7.6.86183	0	0.004607487
202	0	0.7.6.86198	0	0.004607487
202	0	0.7.6.86340	0	0.004607487
202	0	0.7.6.86444	0	0.004607487
202	0	0.7.6.86460	0	0.004607487
202	0	0.7.6.86993	0	0.004607487
202	0	0.7.6.87010	0	0.004607487
202	0	0.7.6.87516	0	0.004607487
202	0	0.7.6.87532	0	0.004607487
202	0	0.7.6.87633	0	0.004607487
202	0	0.7.6.87895	-2	0.004607487
202	0	0.7.6.88173	0	0.004607487
202	0	0.7.6.88362	0	0.004607487
202	0	0.7.6.8837	0	0.004607487
202	0	0.7.6.88453	0	0.004607487
202	0	0.7.6.88541	0	0.004607487
202	0	0.7.6.88967	1	0.2416158
202	0	0.7.6.89024	0	0.004607487
202	0	0.7.6.89305	0	0.004607487
202	0	0.7.6.90001	0	0.004607487
202	0	0.7.6.90416	0	0.004607487
202	0	0.7.6.91235	0	0.004607487
202	0	0.7.6.91425	0	0.004607487
202	0	0.7.6.91426	0	0.004607487
202	0	0.7.6.91507	0	0.004607487
202	0	0.7.6.91615	0	0.004607487
202	0	0.7.6.92122	0	0.004607487
202	0	0.7.6.92210	0	0.004607487
202	0	0.7.6.92342	0	0.004607487
202	0	0.7.6.92431	0	0.004607487
202	0	0.7.6.92734	0	0.004607487
202	0	0.7.6.93402	0	0.004607487
202	0	0.7.6.93865	0	0.004607487
202	0	0.7.6.94037	0	0.004607487
202	0	0.7.6.94408	0	0.004607487
202	0	0.7.6.94828	0	0.004607487
202	0	0.7.6.94952	-1	0.004607487
202	0	0.7.6.95014	0	0.004607487
202	0	0.7.6.95049	0	0.004607487
202	0	0.7.6.95972	0	0.004607487
202	0	0.7.6.96276	0	0.004607487
202	0	0.7.6.9716	0	0.004607487
202	0	0.7.6.97318	0	0.004607487
202	0	0.7.6.97574	0	0.004607487
202	0	0.7.6.97846	0	0.004607487
202	0	0.7.6.98306	1	0.2416158
202	0	0.7.6.98308	1	0.2416158
202	0	0.7.6.98311	1	0.2416158
202	0	0.7.6.98316	1	0.2416158
202	0	0.7.6.98410	0	0.004607487
202	0	0.7.6.98746	0	0.004607487
202	0	0.7.6.98803	0	0.004607487
202	0	0.7.6.99001	0	0.004607487
202	0	0.7.6.99200	0	0.004607487
202	0	0.7.6.99446	0	0.004607487
202	0	0.7.6.99566	0	0.2342758
202	0	0.7.6.99917	0	0.004607487
203	0	0.7.47.1000020	0	0.003940011
203	0	0.7.47.100150	0	0.003940011
203	0	0.7.47.1001621	0	0.003940011
203	0	0.7.47.1002066	0	0.09699321
203	0	0.7.47.1002917	0	0.09699321
203	0	0.7.47.1003844	1	0.1121764
203	0	0.7.47.100390	0	0.003940011
203	0	0.7.47.1004857	0	0.09699321
203	0	0.7.47.1005218	0	0.003940011
203	0	0.7.47.1005554	0	0.09699321
203	0	0.7.47.1005642	0	0.09699321
203	0	0.7.47.1005931	0	0.003940011
203	0	0.7.47.1006451	1	0.1122661
203	0	0.7.47.1007717	0	0.09699321
203	0	0.7.47.1008068	0	0.09699321
203	0	0.7.47.1009072	1	0.1121764
203	0	0.7.47.1009502	1	0.1122661
203	0	0.7.47.1011336	0	0.003940011
203	0	0.7.47.101405	0	0.003940011
203	0	0.7.47.1017500	0	0.003940011
203	0	0.7.47.1017604	0	0.003940011
203	0	0.7.47.1017906	-1	0.003940011
203	0	0.7.47.1019557	0	0.003940011
203	0	0.7.47.1019836	0	0.003940011
203	0	0.7.47.1020184	0	0.003940011
203	0	0.7.47.1020266	0	0.003940011
203	0	0.7.47.1020806	0	0.003940011
203	0	0.7.47.1021301	0	0.003940011
203	0	0.7.47.1021402	0	0.003940011
203	0	0.7.47.102317	0	0.09699321
203	0	0.7.47.1023533	0	0.003940011
203	0	0.7.47.102474	0	0.003940011
203	0	0.7.47.1025235	0	0.003940011
203	0	0.7.47.1025589	0	0.003940011
203	0	0.7.47.1026071	0	0.003940011
203	0	0.7.47.1026482	0	0.003940011
203	0	0.7.47.1026683	0	0.003940011
203	0	0.7.47.1026703	0	0.09699321
203	0	0.7.47.1026747	0	0.09699321
203	0	0.7.47.1026869	0	0.003940011
203	0	0.7.47.1027426	0	0.09699321
203	0	0.7.47.1027511	0	0.003940011
203	0	0.7.47.1027605	0	0.003940011
203	0	0.7.47.1027818	0	0.09699321
203	0	0.7.47.1027964	0	0.09699321
203	0	0.7.47.1028049	0	0.003940011
203	0	0.7.47.1028126	0	0.003940011
203	0	0.7.47.1028375	1	0.1122661
203	0	0.7.47.1028924	0	0.003940011
203	0	0.7.47.1029648	0	0.003940011
203	0	0.7.47.1029788	0	0.003940011
203	0	0.7.47.1030106	0	0.09699321
203	0	0.7.47.103238	0	0.09699321
203	0	0.7.47.10334	0	0.09699321
203	0	0.7.47.103354	0	0.003940011
203	0	0.7.47.103538	0	0.003940011
203	0	0.7.47.104242	0	0.003940011
203	0	0.7.47.1042609	-1	0.09699321
203	0	0.7.47.1043647	1	0.1122661
203	0	0.7.47.104460	0	0.003940011
203	0	0.7.47.1044969	1	0.1122661
203	0	0.7.47.1045574	0	0.1122661
203	0	0.7.47.1046649	1	0.1122661
203	0	0.7.47.1047372	0	0.003940011
203	0	0.7.47.1049277	0	0.003940011
203	0	0.7.47.1052647	0	0.003940011
203	0	0.7.47.1053056	0	0.003940011
203	0	0.7.47.1054159	-1	0.09699321
203	0	0.7.47.1054184	-1	0.1935484
203	0	0.7.47.1054379	-1	0.1935484
203	0	0.7.47.1054615	-1	0.1935484
203	0	0.7.47.1054931	1	0.1122661
203	0	0.7.47.1055555	0	0.003940011
203	0	0.7.47.1057839	0	0.09699321
203	0	0.7.47.1057905	0	0.09699321
203	0	0.7.47.1058208	0	0.09699321
203	0	0.7.47.105825	0	0.003940011
203	0	0.7.47.1059000	0	0.003940011
203	0	0.7.47.1059338	0	0.1121764
203	0	0.7.47.1059402	0	0.003940011
203	0	0.7.47.1061077	0	0.003940011
203	0	0.7.47.106167	0	0.003940011
203	0	0.7.47.1061792	0	0.003940011
203	0	0.7.47.1062065	0	0.003940011
203	0	0.7.47.1062488	1	0.1935484
203	0	0.7.47.1064784	0	0.003940011
203	0	0.7.47.1066835	1	0.1935484
203	0	0.7.47.1067049	0	0.003940011
203	0	0.7.47.1067778	1	0.1935484
203	0	0.7.47.1070293	1	0.1122661
203	0	0.7.47.1072175	1	0.1122661
203	0	0.7.47.1073158	0	0.003940011
203	0	0.7.47.1073493	0	0.003940011
203	0	0.7.47.1073635	0	0.003940011
203	0	0.7.47.1073965	0	0.09699321
203	0	0.7.47.1074293	0	0.003940011
203	0	0.7.47.1075554	0	0.003940011
203	0	0.7.47.1076400	0	0.003940011
203	0	0.7.47.1076727	0	0.003940011
203	0	0.7.47.1078851	0	0.003940011
203	0	0.7.47.1078866	0	0.003940011
203	0	0.7.47.1078999	0	0.003940011
203	0	0.7.47.1080651	0	0.003940011
203	0	0.7.47.1081803	0	0.003940011
203	0	0.7.47.1081905	1	0.1122661
203	0	0.7.47.1084308	0	0.1121764
203	0	0.7.47.1085481	0	0.09699321
203	0	0.7.47.1085807	0	0.003940011
203	0	0.7.47.1086886	0	0.1121764
203	0	0.7.47.108922	0	0.003940011
203	0	0.7.47.1097134	0	0.003940011
203	0	0.7.47.1098307	0	0.003940011
203	0	0.7.47.109842	1	0.1122661
203	0	0.7.47.1098451	0	0.003940011
203	0	0.7.47.1099022	0	0.003940011
203	0	0.7.47.1099260	0	0.003940011
203	0	0.7.47.1100092	0	0.003940011
203	0	0.7.47.1100160	0	0.003940011
203	0	0.7.47.1100936	0	0.003940011
203	0	0.7.47.1101870	0	0.003940011
203	0	0.7.47.1101907	0	0.003940011
203	0	0.7.47.1102291	0	0.09699321
203	0	0.7.47.110259	0	0.003940011
203	0	0.7.47.110283	0	0.003940011
203	0	0.7.47.1103073	0	0.09699321
203	0	0.7.47.1103679	0	0.003940011
203	0	0.7.47.1104825	0	0.003940011
203	0	0.7.47.1105122	1	0.2197802
203	0	0.7.47.1105354	0	0.09699321
203	0	0.7.47.110607	0	0.003940011
203	0	0.7.47.1106182	0	0.003940011
203	0	0.7.47.1106333	0	0.003940011
203	0	0.7.47.1106433	0	0.003940011
203	0	0.7.47.1106769	0	0.003940011
203	0	0.7.47.1107068	1	0.2307692
203	0	0.7.47.1107086	0	0.003940011
203	0	0.7.47.1107597	1	0.1122661
203	0	0.7.47.110784	0	0.09699321
203	0	0.7.47.1108174	0	0.003940011
203	0	0.7.47.1108449	0	0.003940011
203	0	0.7.47.1108657	0	0.09699321
203	0	0.7.47.111023	0	0.09699321
203	0	0.7.47.1111087	1	0.25
203	0	0.7.47.111262	0	0.09699321
203	0	0.7.47.1114686	0	0.003940011
203	0	0.7.47.1114792	0	0.09699321
203	0	0.7.47.1115230	0	0.09699321
203	0	0.7.47.1115339	0	0.003940011
203	0	0.7.47.1119607	0	0.003940011
203	0	0.7.47.1121270	0	0.003940011
203	0	0.7.47.1121274	0	0.003940011
203	0	0.7.47.112181	0	0.003940011
203	0	0.7.47.1121842	0	0.09699321
203	0	0.7.47.1121960	0	0.003940011
203	0	0.7.47.1122569	0	0.003940011
203	0	0.7.47.1122653	0	0.003940011
203	0	0.7.47.11229	0	0.09699321
203	0	0.7.47.1123241	0	0.003940011
203	0	0.7.47.1123954	0	0.003940011
203	0	0.7.47.1125339	0	0.003940011
203	0	0.7.47.1125571	0	0.003940011
203	0	0.7.47.1126391	0	0.003940011
203	0	0.7.47.1127121	-1	0.09699321
203	0	0.7.47.1127397	-1	0.09699321
203	0	0.7.47.1127516	-1	0.09699321
203	0	0.7.47.112857	0	0.003940011
203	0	0.7.47.1128752	-1	0.003940011
203	0	0.7.47.1129255	0	0.003940011
203	0	0.7.47.1129291	0	0.003940011
203	0	0.7.47.1129776	0	0.003940011
203	0	0.7.47.1131435	0	0.003940011
203	0	0.7.47.1132318	0	0.003940011
203	0	0.7.47.1134103	0	0.09699321
203	0	0.7.47.1134168	0	0.003940011
203	0	0.7.47.1134833	0	0.003940011
203	0	0.7.47.1135826	0	0.09699321
203	0	0.7.47.1135827	0	0.09699321
203	0	0.7.47.1135877	0	0.09699321
203	0	0.7.47.1135878	0	0.09699321
203	0	0.7.47.113623	0	0.003940011
203	0	0.7.47.1137161	0	0.003940011
203	0	0.7.47.113869	0	0.09699321
203	0	0.7.47.1139402	0	0.003940011
203	0	0.7.47.114019	0	0.003940011
203	0	0.7.47.1140584	0	0.003940011
203	0	0.7.47.1141564	0	0.003940011
203	0	0.7.47.114181	0	0.09699321
203	0	0.7.47.114201	1	0.1122661
203	0	0.7.47.114252	0	0.003940011
203	0	0.7.47.114276	1	0.1122661
203	0	0.7.47.114277	0	0.003940011
203	0	0.7.47.1143478	0	0.003940011
203	0	0.7.47.11435	0	0.09699321
203	0	0.7.47.1143602	0	0.003940011
203	0	0.7.47.1143654	0	0.09699321
203	0	0.7.47.114388	0	0.003940011
203	0	0.7.47.1144022	0	0.003940011
203	0	0.7.47.114411	0	0.1122661
203	0	0.7.47.11450	0	0.003940011
203	0	0.7.47.1145100	0	0.003940011
203	0	0.7.47.1145417	0	0.003940011
203	0	0.7.47.1145836	0	0.09699321
203	0	0.7.47.1146287	0	0.003940011
203	0	0.7.47.1146612	0	0.003940011
203	0	0.7.47.114675	1	0.2631579
203	0	0.7.47.114726	1	0.1121764
203	0	0.7.47.1148774	0	0.003940011
203	0	0.7.47.1148828	0	0.003940011
203	0	0.7.47.1148925	0	0.003940011
203	0	0.7.47.114941	1	0.1935484
203	0	0.7.47.1150164	0	0.003940011
203	0	0.7.47.1150273	0	0.003940011
203	0	0.7.47.1150481	0	0.003940011
203	0	0.7.47.1150948	0	0.003940011
203	0	0.7.47.1151091	0	0.003940011
203	0	0.7.47.115113	0	0.003940011
203	0	0.7.47.1152358	0	0.003940011
203	0	0.7.47.1152744	0	0.003940011
203	0	0.7.47.1153030	0	0.003940011
203	0	0.7.47.1153144	0	0.003940011
203	0	0.7.47.1154226	0	0.003940011
203	0	0.7.47.115559	0	0.003940011
203	0	0.7.47.1156209	0	0.003940011
203	0	0.7.47.1156324	0	0.003940011
203	0	0.7.47.1157166	0	0.003940011
203	0	0.7.47.1157218	0	0.003940011
203	0	0.7.47.1157454	0	0.003940011
203	0	0.7.47.1157479	0	0.003940011
203	0	0.7.47.1157831	0	0.003940011
203	0	0.7.47.1158116	0	0.003940011
203	0	0.7.47.1158930	0	0.003940011
203	0	0.7.47.115940	0	0.003940011
203	0	0.7.47.1159612	0	0.003940011
203	0	0.7.47.1159689	0	0.003940011
203	0	0.7.47.1160168	0	0.003940011
203	0	0.7.47.1160389	0	0.003940011
203	0	0.7.47.1161246	0	0.003940011
203	0	0.7.47.116151	0	0.003940011
203	0	0.7.47.1161968	0	0.003940011
203	0	0.7.47.1162475	0	0.003940011
203	0	0.7.47.116357	0	0.1121764
203	0	0.7.47.1164492	0	0.003940011
203	0	0.7.47.1166119	0	0.003940011
203	0	0.7.47.1166284	0	0.003940011
203	0	0.7.47.1166328	0	0.003940011
203	0	0.7.47.1166832	0	0.09699321
203	0	0.7.47.1166979	0	0.003940011
203	0	0.7.47.1168189	0	0.003940011
203	0	0.7.47.1168381	0	0.003940011
203	0	0.7.47.1168670	0	0.003940011
203	0	0.7.47.1169123	0	0.09699321
203	0	0.7.47.1175370	0	0.003940011
203	0	0.7.47.1176044	0	0.003940011
203	0	0.7.47.1176162	0	0.003940011
203	0	0.7.47.118077	0	0.003940011
203	0	0.7.47.1181932	0	0.09699321
203	0	0.7.47.1183937	0	0.09699321
203	0	0.7.47.1185853	-1	0.003940011
203	0	0.7.47.1186106	-1	0.003940011
203	0	0.7.47.1187815	-1	0.1121764
203	0	0.7.47.1188040	-1	0.09699321
203	0	0.7.47.118950	-1	0.003940011
203	0	0.7.47.119260	-1	0.003940011
203	0	0.7.47.1193010	1	0.2608696
203	0	0.7.47.1195520	0	0.09699321
203	0	0.7.47.1195932	0	0.003940011
203	0	0.7.47.119698	-1	0.003940011
203	0	0.7.47.1197723	0	0.003940011
203	0	0.7.47.1197726	0	0.003940011
203	0	0.7.47.1198246	0	0.09699321
203	0	0.7.47.1199205	0	0.003940011
203	0	0.7.47.1199429	0	0.09699321
203	0	0.7.47.119991	-1	0.1121764
203	0	0.7.47.1200052	0	0.003940011
203	0	0.7.47.1201094	0	0.09699321
203	0	0.7.47.120286	0	0.003940011
203	0	0.7.47.1203537	0	0.003940011
203	0	0.7.47.1204789	0	0.09699321
203	0	0.7.47.1206809	0	0.09699321
203	0	0.7.47.1208141	0	0.09699321
203	0	0.7.47.1208568	0	0.09699321
203	0	0.7.47.1209655	0	0.09699321
203	0	0.7.47.1209765	0	0.09699321
203	0	0.7.47.1210262	1	0.1122661
203	0	0.7.47.121234	0	0.003940011
203	0	0.7.47.1214381	0	0.003940011
203	0	0.7.47.1214484	0	0.003940011
203	0	0.7.47.1215223	0	0.003940011
203	0	0.7.47.1216257	0	0.003940011
203	0	0.7.47.1218243	0	0.003940011
203	0	0.7.47.121844	0	0.003940011
203	0	0.7.47.121912	0	0.003940011
203	0	0.7.47.1219555	0	0.09699321
203	0	0.7.47.1222936	0	0.09699321
203	0	0.7.47.122334	0	0.09699321
203	0	0.7.47.12246	0	0.003940011
203	0	0.7.47.1225744	0	0.09699321
203	0	0.7.47.122665	0	0.003940011
203	0	0.7.47.1227212	0	0.09699321
203	0	0.7.47.1227506	0	0.09699321
203	0	0.7.47.12277	0	0.09699321
203	0	0.7.47.1227734	0	0.09699321
203	0	0.7.47.1229480	0	0.1122661
203	0	0.7.47.1230462	0	0.003940011
203	0	0.7.47.123079	0	0.003940011
203	0	0.7.47.1231044	0	0.003940011
203	0	0.7.47.1231586	0	0.003940011
203	0	0.7.47.123168	1	0.1122661
203	0	0.7.47.1231829	0	0.003940011
203	0	0.7.47.1232013	0	0.3
203	0	0.7.47.1232103	0	0.09699321
203	0	0.7.47.1233226	0	0.09699321
203	0	0.7.47.1233853	0	0.09699321
203	0	0.7.47.12344	0	0.09699321
203	0	0.7.47.1235282	0	0.09699321
203	0	0.7.47.1236573	1	0.1121764
203	0	0.7.47.1237339	0	0.1121764
203	0	0.7.47.1237732	0	0.003940011
203	0	0.7.47.1238025	0	0.003940011
203	0	0.7.47.1238513	0	0.003940011
203	0	0.7.47.1238543	0	0.09699321
203	0	0.7.47.1239185	1	0.1122661
203	0	0.7.47.1239190	1	0.1122661
203	0	0.7.47.1239311	0	0.09699321
203	0	0.7.47.1239413	0	0.1121764
203	0	0.7.47.1239681	0	0.1121764
203	0	0.7.47.1239698	1	0.1121764
203	0	0.7.47.1240049	0	0.1121764
203	0	0.7.47.1240426	0	0.1121764
203	0	0.7.47.1240435	0	0.1121764
203	0	0.7.47.1240473	0	0.003940011
203	0	0.7.47.1240538	0	0.1121764
203	0	0.7.47.12416	0	0.09699321
203	0	0.7.47.124650	0	0.003940011
203	0	0.7.47.125141	0	0.003940011
203	0	0.7.47.125152	0	0.003940011
203	0	0.7.47.12559	0	0.003940011
203	0	0.7.47.12574	0	0.09699321
203	0	0.7.47.125880	0	0.003940011
203	0	0.7.47.127069	0	0.003940011
203	0	0.7.47.12781	0	0.09699321
203	0	0.7.47.128127	0	0.003940011
203	0	0.7.47.128473	0	0.003940011
203	0	0.7.47.129219	0	0.003940011
203	0	0.7.47.1293316	0	0.003940011
203	0	0.7.47.129357	0	0.003940011
203	0	0.7.47.1294365	0	0.09699321
203	0	0.7.47.1297219	0	0.003940011
203	0	0.7.47.1297709	0	0.003940011
203	0	0.7.47.129810	0	0.003940011
203	0	0.7.47.129963	0	0.003940011
203	0	0.7.47.1301781	0	0.003940011
203	0	0.7.47.1301875	0	0.003940011
203	0	0.7.47.1302050	0	0.003940011
203	0	0.7.47.13026	0	0.09699321
203	0	0.7.47.1303387	0	0.003940011
203	0	0.7.47.1303797	0	0.003940011
203	0	0.7.47.1304514	0	0.003940011
203	0	0.7.47.1304575	0	0.003940011
203	0	0.7.47.1305435	0	0.003940011
203	0	0.7.47.1305646	0	0.003940011
203	0	0.7.47.1305779	0	0.003940011
203	0	0.7.47.1310342	0	0.09699321
203	0	0.7.47.1312417	0	0.003940011
203	0	0.7.47.1312989	0	0.003940011
203	0	0.7.47.1313686	0	0.003940011
203	0	0.7.47.131586	0	0.003940011
203	0	0.7.47.1315984	0	0.003940011
203	0	0.7.47.1316514	0	0.003940011
203	0	0.7.47.1317217	0	0.003940011
203	0	0.7.47.13203	0	0.09699321
203	0	0.7.47.13224	0	0.09699321
203	0	0.7.47.1322580	0	0.003940011
203	0	0.7.47.1324767	0	0.003940011
203	0	0.7.47.1324926	0	0.003940011
203	0	0.7.47.1326631	0	0.003940011
203	0	0.7.47.13284	1	0.1121764
203	0	0.7.47.1328968	0	0.003940011
203	0	0.7.47.1328983	0	0.003940011
203	0	0.7.47.1329322	0	0.003940011
203	0	0.7.47.1329344	0	0.003940011
203	0	0.7.47.1331433	0	0.003940011
203	0	0.7.47.1331685	0	0.003940011
203	0	0.7.47.1331861	0	0.003940011
203	0	0.7.47.133235	0	0.09699321
203	0	0.7.47.133540	0	0.003940011
203	0	0.7.47.1335818	0	0.003940011
203	0	0.7.47.1335952	0	0.003940011
203	0	0.7.47.1337006	0	0.003940011
203	0	0.7.47.1338088	0	0.003940011
203	0	0.7.47.1338316	0	0.003940011
203	0	0.7.47.134052	0	0.003940011
203	0	0.7.47.1340664	0	0.003940011
203	0	0.7.47.1340730	0	0.003940011
203	0	0.7.47.1341873	0	0.003940011
203	0	0.7.47.1342795	0	0.003940011
203	0	0.7.47.1343290	0	0.003940011
203	0	0.7.47.1343727	0	0.003940011
203	0	0.7.47.1345510	0	0.003940011
203	0	0.7.47.1346362	0	0.003940011
203	0	0.7.47.1347173	0	0.003940011
203	0	0.7.47.134930	0	0.003940011
203	0	0.7.47.1351896	0	0.003940011
203	0	0.7.47.1351914	0	0.003940011
203	0	0.7.47.1352310	0	0.003940011
203	0	0.7.47.1352362	0	0.003940011
203	0	0.7.47.1352952	0	0.003940011
203	0	0.7.47.135381	0	0.003940011
203	0	0.7.47.1354316	0	0.09699321
203	0	0.7.47.1356302	0	0.003940011
203	0	0.7.47.1357275	0	0.003940011
203	0	0.7.47.13577	0	0.09699321
203	0	0.7.47.135898	0	0.003940011
203	0	0.7.47.1359123	0	0.003940011
203	0	0.7.47.1359346	0	0.09699321
203	0	0.7.47.1359388	0	0.003940011
203	0	0.7.47.135939	0	0.003940011
203	0	0.7.47.1359492	0	0.003940011
203	0	0.7.47.1359547	0	0.003940011
203	0	0.7.47.1360403	0	0.003940011
203	0	0.7.47.1361044	0	0.09699321
203	0	0.7.47.1361165	0	0.003940011
203	0	0.7.47.1361846	0	0.09699321
203	0	0.7.47.1362190	0	0.09699321
203	0	0.7.47.1362362	0	0.003940011
203	0	0.7.47.1362461	0	0.003940011
203	0	0.7.47.1363086	0	0.09699321
203	0	0.7.47.1363204	0	0.09699321
203	0	0.7.47.1363357	-1	0.09699321
203	0	0.7.47.1363666	-1	0.09699321
203	0	0.7.47.1364106	-1	0.09699321
203	0	0.7.47.1365329	-1	0.09699321
203	0	0.7.47.1365538	-1	0.09699321
203	0	0.7.47.1365606	-1	0.09699321
203	0	0.7.47.1365893	-1	0.09699321
203	0	0.7.47.1365952	-1	0.09699321
203	0	0.7.47.1366443	-1	0.003940011
203	0	0.7.47.136669	0	0.003940011
203	0	0.7.47.1366940	-1	0.003940011
203	0	0.7.47.1367041	-1	0.09699321
203	0	0.7.47.1367133	-1	0.003940011
203	0	0.7.47.1367223	0	0.09699321
203	0	0.7.47.1367576	0	0.003940011
203	0	0.7.47.1367779	0	0.09699321
203	0	0.7.47.1368051	0	0.09699321
203	0	0.7.47.1368094	0	0.09699321
203	0	0.7.47.1368136	0	0.09699321
203	0	0.7.47.1368541	0	0.09699321
203	0	0.7.47.1368563	0	0.003940011
203	0	0.7.47.1369824	0	0.003940011
203	0	0.7.47.1370387	0	0.003940011
203	0	0.7.47.1370701	0	0.09699321
203	0	0.7.47.1372557	0	0.09699321
203	0	0.7.47.1372559	0	0.09699321
203	0	0.7.47.1373622	0	0.003940011
203	0	0.7.47.1374072	0	0.09699321
203	0	0.7.47.1374250	0	0.09699321
203	0	0.7.47.1375293	0	0.003940011
203	0	0.7.47.1375507	0	0.003940011
203	0	0.7.47.137555	0	0.003940011
203	0	0.7.47.1376915	0	0.09699321
203	0	0.7.47.1377035	0	0.003940011
203	0	0.7.47.1377113	0	0.003940011
203	0	0.7.47.1377180	0	0.09699321
203	0	0.7.47.1377225	0	0.09699321
203	0	0.7.47.1377344	0	0.003940011
203	0	0.7.47.137790	0	0.003940011
203	0	0.7.47.1377984	0	0.003940011
203	0	0.7.47.1378833	0	0.09699321
203	0	0.7.47.1378841	0	0.003940011
203	0	0.7.47.1379525	0	0.09699321
203	0	0.7.47.1379759	0	0.003940011
203	0	0.7.47.1380354	0	0.003940011
203	0	0.7.47.1381102	0	0.09699321
203	0	0.7.47.1381787	0	0.003940011
203	0	0.7.47.1382673	0	0.003940011
203	0	0.7.47.138360	0	0.003940011
203	0	0.7.47.1384414	0	0.003940011
203	0	0.7.47.1384565	0	0.003940011
203	0	0.7.47.138510	0	0.003940011
203	0	0.7.47.13859	0	0.09699321
203	0	0.7.47.1386902	0	0.003940011
203	0	0.7.47.1387803	0	0.2197802
203	0	0.7.47.1387939	0	0.003940011
203	0	0.7.47.1388290	0	0.09699321
203	0	0.7.47.1388397	0	0.09699321
203	0	0.7.47.1389008	0	0.09699321
203	0	0.7.47.139002	0	0.003940011
203	0	0.7.47.1390311	0	0.09699321
203	0	0.7.47.1390565	0	0.003940011
203	0	0.7.47.1390730	0	0.09699321
203	0	0.7.47.1391315	0	0.003940011
203	0	0.7.47.1391803	0	0.003940011
203	0	0.7.47.1391825	0	0.09699321
203	0	0.7.47.1391861	1	0.2197802
203	0	0.7.47.1393077	0	0.09699321
203	0	0.7.47.1393572	0	0.09699321
203	0	0.7.47.1393991	0	0.09699321
203	0	0.7.47.1394033	0	0.09699321
203	0	0.7.47.1394588	0	0.09699321
203	0	0.7.47.1395280	0	0.09699321
203	0	0.7.47.1395394	0	0.09699321
203	0	0.7.47.1395470	0	0.09699321
203	0	0.7.47.1395775	0	0.09699321
203	0	0.7.47.13964	0	0.09699321
203	0	0.7.47.1397056	0	0.09699321
203	0	0.7.47.1397252	0	0.003940011
203	0	0.7.47.1397393	0	0.09699321
203	0	0.7.47.1397830	0	0.09699321
203	0	0.7.47.1397996	0	0.09699321
203	0	0.7.47.1398241	0	0.09699321
203	0	0.7.47.139846	0	0.003940011
203	0	0.7.47.1398765	1	0.2197802
203	0	0.7.47.1398916	0	0.003940011
203	0	0.7.47.1398969	0	0.003940011
203	0	0.7.47.1399179	0	0.003940011
203	0	0.7.47.1399979	0	0.09699321
203	0	0.7.47.1401074	1	0.1935484
203	0	0.7.47.1401202	0	0.09699321
203	0	0.7.47.1401203	0	0.09699321
203	0	0.7.47.1401718	0	0.09699321
203	0	0.7.47.1401862	0	0.09699321
203	0	0.7.47.1401869	0	0.09699321
203	0	0.7.47.1402057	0	0.1122661
203	0	0.7.47.1402442	0	0.09699321
203	0	0.7.47.1402602	0	0.09699321
203	0	0.7.47.1403280	0	0.003940011
203	0	0.7.47.1403584	0	0.003940011
203	0	0.7.47.1403859	0	0.003940011
203	0	0.7.47.1404009	0	0.09699321
203	0	0.7.47.1404211	0	0.003940011
203	0	0.7.47.1404553	0	0.09699321
203	0	0.7.47.1404819	0	0.003940011
203	0	0.7.47.1405720	0	0.09699321
203	0	0.7.47.1406182	0	0.003940011
203	0	0.7.47.1406526	0	0.09699321
203	0	0.7.47.1407153	1	0.2197802
203	0	0.7.47.1407573	0	0.09699321
203	0	0.7.47.1407814	0	0.09699321
203	0	0.7.47.1408035	0	0.003940011
203	0	0.7.47.140906	0	0.09699321
203	0	0.7.47.1409269	0	0.09699321
203	0	0.7.47.1409341	0	0.003940011
203	0	0.7.47.1409933	0	0.003940011
203	0	0.7.47.1410621	0	0.09699321
203	0	0.7.47.1410731	0	0.09699321
203	0	0.7.47.1410771	0	0.003940011
203	0	0.7.47.1411476	0	0.003940011
203	0	0.7.47.141148	0	0.003940011
203	0	0.7.47.1411838	0	0.003940011
203	0	0.7.47.1412289	0	0.003940011
203	0	0.7.47.1412595	0	0.003940011
203	0	0.7.47.1413286	0	0.003940011
203	0	0.7.47.1413967	0	0.003940011
203	0	0.7.47.1414094	0	0.003940011
203	0	0.7.47.14142	0	0.09699321
203	0	0.7.47.1414848	0	0.003940011
203	0	0.7.47.1415064	0	0.003940011
203	0	0.7.47.1415111	0	0.003940011
203	0	0.7.47.141545	0	0.003940011
203	0	0.7.47.1415492	0	0.003940011
203	0	0.7.47.1415707	0	0.09699321
203	0	0.7.47.1416351	0	0.09699321
203	0	0.7.47.1416679	0	0.003940011
203	0	0.7.47.1418171	0	0.09699321
203	0	0.7.47.1418285	0	0.003940011
203	0	0.7.47.1418712	0	0.09699321
203	0	0.7.47.1418844	0	0.09699321
203	0	0.7.47.1419134	0	0.003940011
203	0	0.7.47.1419167	0	0.09699321
203	0	0.7.47.1419470	0	0.003940011
203	0	0.7.47.141967	0	0.003940011
203	0	0.7.47.141977	0	0.003940011
203	0	0.7.47.1419829	0	0.003940011
203	0	0.7.47.1420165	0	0.003940011
203	0	0.7.47.1420314	0	0.09699321
203	0	0.7.47.1420364	0	0.09699321
203	0	0.7.47.1420610	0	0.09699321
203	0	0.7.47.1421770	0	0.003940011
203	0	0.7.47.1421827	0	0.003940011
203	0	0.7.47.1422000	0	0.09699321
203	0	0.7.47.1422013	0	0.09699321
203	0	0.7.47.1422069	0	0.09699321
203	0	0.7.47.1423850	0	0.09699321
203	0	0.7.47.14242	0	0.09699321
203	0	0.7.47.1424754	0	0.003940011
203	0	0.7.47.1424839	0	0.09699321
203	0	0.7.47.1424921	0	0.09699321
203	0	0.7.47.1425897	0	0.09699321
203	0	0.7.47.1425992	0	0.003940011
203	0	0.7.47.1426146	0	0.003940011
203	0	0.7.47.1426825	0	0.09699321
203	0	0.7.47.1426845	0	0.09699321
203	0	0.7.47.1427262	0	0.003940011
203	0	0.7.47.1435305	0	0.003940011
203	0	0.7.47.1435686	0	0.003940011
203	0	0.7.47.1435946	0	0.09699321
203	0	0.7.47.1435948	0	0.09699321
203	0	0.7.47.1436218	0	0.003940011
203	0	0.7.47.1438024	0	0.003940011
203	0	0.7.47.1439870	0	0.003940011
203	0	0.7.47.1440698	0	0.003940011
203	0	0.7.47.1441853	0	0.003940011
203	0	0.7.47.1441874	1	0.1122661
203	0	0.7.47.1441955	0	0.003940011
203	0	0.7.47.1442056	0	0.003940011
203	0	0.7.47.1442350	0	0.003940011
203	0	0.7.47.1442434	0	0.003940011
203	0	0.7.47.1443183	0	0.003940011
203	0	0.7.47.1443316	0	0.003940011
203	0	0.7.47.1443871	0	0.09699321
203	0	0.7.47.1445763	0	0.003940011
203	0	0.7.47.1445994	0	0.003940011
203	0	0.7.47.1446328	0	0.003940011
203	0	0.7.47.1446801	0	0.003940011
203	0	0.7.47.1447241	0	0.003940011
203	0	0.7.47.1448395	0	0.003940011
203	0	0.7.47.1448465	0	0.003940011
203	0	0.7.47.1448998	0	0.003940011
203	0	0.7.47.1449009	0	0.003940011
203	0	0.7.47.1451520	0	0.003940011
203	0	0.7.47.1451676	0	0.003940011
203	0	0.7.47.1452098	0	0.003940011
203	0	0.7.47.1452273	0	0.09699321
203	0	0.7.47.1453171	0	0.003940011
203	0	0.7.47.1453381	0	0.09699321
203	0	0.7.47.1453714	0	0.003940011
203	0	0.7.47.1453953	0	0.003940011
203	0	0.7.47.1453978	0	0.003940011
203	0	0.7.47.1454502	0	0.09699321
203	0	0.7.47.14548	0	0.09699321
203	0	0.7.47.1454893	0	0.003940011
203	0	0.7.47.145497	0	0.003940011
203	0	0.7.47.1455091	0	0.09699321
203	0	0.7.47.14552	1	0.1122661
203	0	0.7.47.145674	0	0.003940011
203	0	0.7.47.145705	0	0.003940011
203	0	0.7.47.14642	1	0.2197802
203	0	0.7.47.147579	0	0.003940011
203	0	0.7.47.149424	0	0.003940011
203	0	0.7.47.149570	0	0.003940011
203	0	0.7.47.150040	0	0.003940011
203	0	0.7.47.150499	0	0.003940011
203	0	0.7.47.150833	0	0.003940011
203	0	0.7.47.150985	0	0.1122661
203	0	0.7.47.151062	0	0.003940011
203	0	0.7.47.151633	0	0.003940011
203	0	0.7.47.15172	0	0.003940011
203	0	0.7.47.151774	0	0.003940011
203	0	0.7.47.152311	0	0.003940011
203	0	0.7.47.152672	0	0.003940011
203	0	0.7.47.1539	0	0.003940011
203	0	0.7.47.153916	0	0.003940011
203	0	0.7.47.153927	0	0.003940011
203	0	0.7.47.15457	-1	0.09699321
203	0	0.7.47.154767	0	0.003940011
203	0	0.7.47.155095	0	0.003940011
203	0	0.7.47.155582	0	0.09699321
203	0	0.7.47.156535	0	0.09699321
203	0	0.7.47.15789	0	0.003940011
203	0	0.7.47.15803	1	0.09699321
203	0	0.7.47.158589	-1	0.09699321
203	0	0.7.47.159832	0	0.003940011
203	0	0.7.47.159992	0	0.09699321
203	0	0.7.47.1601	0	0.003940011
203	0	0.7.47.160300	0	0.003940011
203	0	0.7.47.160771	0	0.003940011
203	0	0.7.47.161781	0	0.09699321
203	0	0.7.47.162262	0	0.003940011
203	0	0.7.47.162288	0	0.09699321
203	0	0.7.47.163227	0	0.003940011
203	0	0.7.47.163855	0	0.003940011
203	0	0.7.47.164225	0	0.003940011
203	0	0.7.47.164561	0	0.09699321
203	0	0.7.47.164991	0	0.09699321
203	0	0.7.47.165171	0	0.09699321
203	0	0.7.47.165667	0	0.003940011
203	0	0.7.47.166010	0	0.003940011
203	0	0.7.47.166193	0	0.09699321
203	0	0.7.47.166254	0	0.09699321
203	0	0.7.47.166533	0	0.003940011
203	0	0.7.47.168209	0	0.003940011
203	0	0.7.47.168880	0	0.003940011
203	0	0.7.47.169054	0	0.003940011
203	0	0.7.47.169488	0	0.09699321
203	0	0.7.47.170207	0	0.003940011
203	0	0.7.47.170826	0	0.09699321
203	0	0.7.47.170833	0	0.09699321
203	0	0.7.47.170946	0	0.003940011
203	0	0.7.47.171477	0	0.003940011
203	0	0.7.47.171639	0	0.09699321
203	0	0.7.47.171750	0	0.003940011
203	0	0.7.47.173067	0	0.003940011
203	0	0.7.47.173151	0	0.09699321
203	0	0.7.47.173446	0	0.003940011
203	0	0.7.47.173586	0	0.003940011
203	0	0.7.47.174341	0	0.003940011
203	0	0.7.47.174596	0	0.003940011
203	0	0.7.47.175904	0	0.09699321
203	0	0.7.47.176205	0	0.003940011
203	0	0.7.47.177125	0	0.09699321
203	0	0.7.47.17822	0	0.003940011
203	0	0.7.47.179033	0	0.09699321
203	0	0.7.47.179062	0	0.09699321
203	0	0.7.47.179079	0	0.003940011
203	0	0.7.47.179383	0	0.003940011
203	0	0.7.47.179713	1	0.1122661
203	0	0.7.47.180753	0	0.003940011
203	0	0.7.47.181257	0	0.09699321
203	0	0.7.47.181309	0	0.003940011
203	0	0.7.47.182025	0	0.003940011
203	0	0.7.47.182146	0	0.09699321
203	0	0.7.47.182391	0	0.003940011
203	0	0.7.47.182709	0	0.003940011
203	0	0.7.47.183507	0	0.09699321
203	0	0.7.47.184226	0	0.003940011
203	0	0.7.47.184480	0	0.003940011
203	0	0.7.47.185407	0	0.09699321
203	0	0.7.47.185862	0	0.003940011
203	0	0.7.47.18604	0	0.003940011
203	0	0.7.47.186580	0	0.003940011
203	0	0.7.47.186649	0	0.003940011
203	0	0.7.47.187023	0	0.003940011
203	0	0.7.47.187201	0	0.003940011
203	0	0.7.47.187679	0	0.09699321
203	0	0.7.47.188565	0	0.09699321
203	0	0.7.47.188948	0	0.003940011
203	0	0.7.47.188969	0	0.09699321
203	0	0.7.47.189321	0	0.003940011
203	0	0.7.47.190023	0	0.003940011
203	0	0.7.47.190979	0	0.09699321
203	0	0.7.47.191061	0	0.09699321
203	0	0.7.47.191253	0	0.09699321
203	0	0.7.47.191508	0	0.09699321
203	0	0.7.47.192387	0	0.09699321
203	0	0.7.47.192545	0	0.09699321
203	0	0.7.47.192546	0	0.09699321
203	0	0.7.47.192547	0	0.09699321
203	0	0.7.47.192601	0	0.003940011
203	0	0.7.47.192636	0	0.09699321
203	0	0.7.47.192720	0	0.09699321
203	0	0.7.47.193515	0	0.003940011
203	0	0.7.47.193928	0	0.09699321
203	0	0.7.47.194226	0	0.09699321
203	0	0.7.47.194690	0	0.09699321
203	0	0.7.47.194756	0	0.09699321
203	0	0.7.47.195107	0	0.09699321
203	0	0.7.47.195159	0	0.003940011
203	0	0.7.47.195235	0	0.003940011
203	0	0.7.47.195786	0	0.003940011
203	0	0.7.47.196779	0	0.003940011
203	0	0.7.47.197376	0	0.003940011
203	0	0.7.47.197823	1	0.2197802
203	0	0.7.47.198484	0	0.003940011
203	0	0.7.47.199214	0	0.09699321
203	0	0.7.47.199294	0	0.003940011
203	0	0.7.47.20000	0	0.09699321
203	0	0.7.47.200132	0	0.09699321
203	0	0.7.47.200138	0	0.09699321
203	0	0.7.47.200245	0	0.09699321
203	0	0.7.47.200595	0	0.003940011
203	0	0.7.47.20082	0	0.003940011
203	0	0.7.47.200911	1	0.1935484
203	0	0.7.47.201495	0	0.09699321
203	0	0.7.47.202054	1	0.1935484
203	0	0.7.47.203576	0	0.09699321
203	0	0.7.47.2039	0	0.003940011
203	0	0.7.47.203926	0	0.003940011
203	0	0.7.47.204022	0	0.09699321
203	0	0.7.47.204291	0	0.09699321
203	0	0.7.47.204566	0	0.09699321
203	0	0.7.47.20512	0	0.09699321
203	0	0.7.47.205449	0	0.09699321
203	0	0.7.47.206414	0	0.09699321
203	0	0.7.47.206710	0	0.003940011
203	0	0.7.47.206773	0	0.09699321
203	0	0.7.47.207373	0	0.09699321
203	0	0.7.47.207812	0	0.09699321
203	0	0.7.47.208782	0	0.2586207
203	0	0.7.47.212467	0	0.09699321
203	0	0.7.47.212858	0	0.09699321
203	0	0.7.47.21334	0	0.003940011
203	0	0.7.47.213967	0	0.09699321
203	0	0.7.47.214428	0	0.09699321
203	0	0.7.47.214469	0	0.09699321
203	0	0.7.47.214684	0	0.003940011
203	0	0.7.47.215098	0	0.003940011
203	0	0.7.47.215663	0	0.09699321
203	0	0.7.47.216610	0	0.003940011
203	0	0.7.47.2170	0	0.003940011
203	0	0.7.47.217575	0	0.09699321
203	0	0.7.47.217930	0	0.003940011
203	0	0.7.47.217992	0	0.09699321
203	0	0.7.47.219129	0	0.003940011
203	0	0.7.47.220124	0	0.09699321
203	0	0.7.47.220317	0	0.003940011
203	0	0.7.47.221472	0	0.09699321
203	0	0.7.47.221971	0	0.09699321
203	0	0.7.47.222883	0	0.003940011
203	0	0.7.47.224014	0	0.09699321
203	0	0.7.47.224561	0	0.09699321
203	0	0.7.47.224889	0	0.003940011
203	0	0.7.47.225400	0	0.003940011
203	0	0.7.47.225467	0	0.2586207
203	0	0.7.47.226319	0	0.003940011
203	0	0.7.47.226509	0	0.003940011
203	0	0.7.47.227269	0	0.09699321
203	0	0.7.47.227403	0	0.003940011
203	0	0.7.47.227847	0	0.003940011
203	0	0.7.47.228460	0	0.09699321
203	0	0.7.47.228523	0	0.003940011
203	0	0.7.47.228594	1	0.1122661
203	0	0.7.47.228781	0	0.003940011
203	0	0.7.47.229430	0	0.09699321
203	0	0.7.47.229584	0	0.003940011
203	0	0.7.47.229612	0	0.003940011
203	0	0.7.47.229698	0	0.003940011
203	0	0.7.47.229881	0	0.1122661
203	0	0.7.47.229882	0	0.1122661
203	0	0.7.47.231230	1	0.2631579
203	0	0.7.47.231261	0	0.003940011
203	0	0.7.47.231497	0	0.003940011
203	0	0.7.47.2318	0	0.003940011
203	0	0.7.47.232188	0	0.003940011
203	0	0.7.47.232702	0	0.003940011
203	0	0.7.47.232712	0	0.09699321
203	0	0.7.47.232912	0	0.003940011
203	0	0.7.47.233080	0	0.09699321
203	0	0.7.47.233103	0	0.003940011
203	0	0.7.47.234259	0	0.003940011
203	0	0.7.47.234304	0	0.003940011
203	0	0.7.47.234994	0	0.003940011
203	0	0.7.47.235231	0	0.003940011
203	0	0.7.47.235436	0	0.003940011
203	0	0.7.47.235463	0	0.003940011
203	0	0.7.47.235607	0	0.003940011
203	0	0.7.47.2368	0	0.003940011
203	0	0.7.47.23802	0	0.003940011
203	0	0.7.47.23922	0	0.003940011
203	0	0.7.47.2394	0	0.003940011
203	0	0.7.47.24015	0	0.09699321
203	0	0.7.47.24244	0	0.003940011
203	0	0.7.47.245425	0	0.003940011
203	0	0.7.47.246093	1	0.1122661
203	0	0.7.47.24619	0	0.09699321
203	0	0.7.47.246321	0	0.003940011
203	0	0.7.47.246540	0	0.003940011
203	0	0.7.47.247072	0	0.003940011
203	0	0.7.47.24806	0	0.003940011
203	0	0.7.47.249126	0	0.09699321
203	0	0.7.47.249147	0	0.003940011
203	0	0.7.47.249263	0	0.003940011
203	0	0.7.47.250341	0	0.003940011
203	0	0.7.47.250349	0	0.09699321
203	0	0.7.47.250482	1	0.1121764
203	0	0.7.47.25074	0	0.003940011
203	0	0.7.47.250883	0	0.003940011
203	0	0.7.47.250909	0	0.09699321
203	0	0.7.47.250942	0	0.09699321
203	0	0.7.47.250949	0	0.003940011
203	0	0.7.47.251232	0	0.09699321
203	0	0.7.47.25142	0	0.003940011
203	0	0.7.47.251827	0	0.003940011
203	0	0.7.47.25204	1	0.1121764
203	0	0.7.47.252292	0	0.09699321
203	0	0.7.47.252997	0	0.003940011
203	0	0.7.47.25310	0	0.09699321
203	0	0.7.47.253103	0	0.003940011
203	0	0.7.47.25376	0	0.003940011
203	0	0.7.47.25439	0	0.003940011
203	0	0.7.47.2576	0	0.003940011
203	0	0.7.47.258663	0	0.003940011
203	0	0.7.47.259103	0	0.003940011
203	0	0.7.47.260067	0	0.003940011
203	0	0.7.47.260171	0	0.003940011
203	0	0.7.47.260538	0	0.003940011
203	0	0.7.47.261033	0	0.003940011
203	0	0.7.47.262315	0	0.003940011
203	0	0.7.47.264483	0	0.003940011
203	0	0.7.47.264710	0	0.003940011
203	0	0.7.47.265613	0	0.003940011
203	0	0.7.47.267063	0	0.003940011
203	0	0.7.47.267119	0	0.003940011
203	0	0.7.47.268326	-1	0.003940011
203	0	0.7.47.269122	0	0.09699321
203	0	0.7.47.269917	0	0.09699321
203	0	0.7.47.270124	1	0.1122661
203	0	0.7.47.270992	0	0.09699321
203	0	0.7.47.270997	0	0.09699321
203	0	0.7.47.271624	0	0.09699321
203	0	0.7.47.271848	0	0.003940011
203	0	0.7.47.272116	1	0.1121764
203	0	0.7.47.273186	0	0.003940011
203	0	0.7.47.274232	0	0.003940011
203	0	0.7.47.274581	0	0.003940011
203	0	0.7.47.274799	1	0.1122661
203	0	0.7.47.274866	0	0.09699321
203	0	0.7.47.275752	0	0.003940011
203	0	0.7.47.276988	0	0.09699321
203	0	0.7.47.27781	0	0.003940011
203	0	0.7.47.2790	0	0.003940011
203	0	0.7.47.281721	0	0.003940011
203	0	0.7.47.281757	0	0.003940011
203	0	0.7.47.282885	0	0.003940011
203	0	0.7.47.28316	0	0.003940011
203	0	0.7.47.283239	0	0.003940011
203	0	0.7.47.28485	0	0.003940011
203	0	0.7.47.286036	0	0.003940011
203	0	0.7.47.286745	0	0.003940011
203	0	0.7.47.28766	0	0.003940011
203	0	0.7.47.296074	0	0.09699321
203	0	0.7.47.299871	0	0.003940011
203	0	0.7.47.300951	0	0.003940011
203	0	0.7.47.3011	0	0.09699321
203	0	0.7.47.30129	1	0.1122661
203	0	0.7.47.301342	0	0.003940011
203	0	0.7.47.30168	1	0.1122661
203	0	0.7.47.303080	0	0.003940011
203	0	0.7.47.304476	0	0.003940011
203	0	0.7.47.305016	0	0.003940011
203	0	0.7.47.305221	1	0.1122661
203	0	0.7.47.3059	0	0.003940011
203	0	0.7.47.3100	0	0.09699321
203	0	0.7.47.310446	1	0.1121764
203	0	0.7.47.311063	-1	0.1122661
203	0	0.7.47.311795	0	0.003940011
203	0	0.7.47.312211	0	0.003940011
203	0	0.7.47.312511	0	0.09699321
203	0	0.7.47.312932	0	0.003940011
203	0	0.7.47.3134	0	0.003940011
203	0	0.7.47.31369	-1	0.09699321
203	0	0.7.47.314292	0	0.003940011
203	0	0.7.47.31481	0	0.09699321
203	0	0.7.47.315090	0	0.003940011
203	0	0.7.47.31680	-1	0.1122661
203	0	0.7.47.316852	0	0.003940011
203	0	0.7.47.31836	-1	0.09699321
203	0	0.7.47.318796	0	0.003940011
203	0	0.7.47.318904	0	0.003940011
203	0	0.7.47.319661	0	0.003940011
203	0	0.7.47.319967	0	0.003940011
203	0	0.7.47.32019	-1	0.09699321
203	0	0.7.47.320564	0	0.09699321
203	0	0.7.47.321079	0	0.09699321
203	0	0.7.47.321247	0	0.003940011
203	0	0.7.47.321866	0	0.003940011
203	0	0.7.47.322570	0	0.003940011
203	0	0.7.47.32318	-1	0.003940011
203	0	0.7.47.323203	0	0.003940011
203	0	0.7.47.323382	0	0.003940011
203	0	0.7.47.323409	0	0.003940011
203	0	0.7.47.3244	0	0.003940011
203	0	0.7.47.32449	-1	0.003940011
203	0	0.7.47.327462	0	0.003940011
203	0	0.7.47.32773	0	0.003940011
203	0	0.7.47.327835	0	0.003940011
203	0	0.7.47.328326	0	0.003940011
203	0	0.7.47.328985	0	0.003940011
203	0	0.7.47.329345	0	0.003940011
203	0	0.7.47.329599	0	0.003940011
203	0	0.7.47.330002	0	0.003940011
203	0	0.7.47.330405	0	0.09699321
203	0	0.7.47.330662	0	0.09699321
203	0	0.7.47.3310	0	0.003940011
203	0	0.7.47.332003	1	0.1121764
203	0	0.7.47.33201	1	0.1121764
203	0	0.7.47.332612	0	0.09699321
203	0	0.7.47.332622	0	0.09699321
203	0	0.7.47.334073	0	0.003940011
203	0	0.7.47.334074	0	0.003940011
203	0	0.7.47.338539	0	0.003940011
203	0	0.7.47.338792	0	0.09699321
203	0	0.7.47.338798	0	0.003940011
203	0	0.7.47.339096	0	0.003940011
203	0	0.7.47.339307	0	0.003940011
203	0	0.7.47.339335	0	0.003940011
203	0	0.7.47.33982	0	0.003940011
203	0	0.7.47.34079	0	0.003940011
203	0	0.7.47.340816	0	0.003940011
203	0	0.7.47.341564	0	0.003940011
203	0	0.7.47.341668	0	0.003940011
203	0	0.7.47.343220	0	0.003940011
203	0	0.7.47.343399	0	0.003940011
203	0	0.7.47.343835	0	0.003940011
203	0	0.7.47.343861	0	0.003940011
203	0	0.7.47.34420	0	0.003940011
203	0	0.7.47.34469	0	0.003940011
203	0	0.7.47.34573	0	0.003940011
203	0	0.7.47.346490	0	0.003940011
203	0	0.7.47.346749	0	0.003940011
203	0	0.7.47.34714	0	0.09699321
203	0	0.7.47.347392	0	0.003940011
203	0	0.7.47.350081	1	0.1935484
203	0	0.7.47.351340	0	0.003940011
203	0	0.7.47.352313	0	0.09699321
203	0	0.7.47.352679	0	0.003940011
203	0	0.7.47.352760	0	0.003940011
203	0	0.7.47.353	0	0.003940011
203	0	0.7.47.353446	0	0.003940011
203	0	0.7.47.35354	0	0.09699321
203	0	0.7.47.353651	0	0.003940011
203	0	0.7.47.354142	0	0.003940011
203	0	0.7.47.354270	0	0.09699321
203	0	0.7.47.354286	0	0.003940011
203	0	0.7.47.354465	0	0.09699321
203	0	0.7.47.354769	0	0.003940011
203	0	0.7.47.355293	0	0.003940011
203	0	0.7.47.355501	0	0.09699321
203	0	0.7.47.356024	0	0.09699321
203	0	0.7.47.356091	0	0.003940011
203	0	0.7.47.356961	0	0.003940011
203	0	0.7.47.357308	0	0.003940011
203	0	0.7.47.357657	0	0.003940011
203	0	0.7.47.358263	0	0.003940011
203	0	0.7.47.3588	0	0.09699321
203	0	0.7.47.360387	0	0.09699321
203	0	0.7.47.360947	0	0.003940011
203	0	0.7.47.362629	0	0.003940011
203	0	0.7.47.363039	0	0.003940011
203	0	0.7.47.363607	0	0.003940011
203	0	0.7.47.363689	0	0.003940011
203	0	0.7.47.365132	1	0.1121764
203	0	0.7.47.36543	0	0.003940011
203	0	0.7.47.366408	0	0.003940011
203	0	0.7.47.368214	1	0.1121764
203	0	0.7.47.368685	0	0.003940011
203	0	0.7.47.369048	0	0.09699321
203	0	0.7.47.371436	0	0.003940011
203	0	0.7.47.372101	-1	0.003940011
203	0	0.7.47.372295	-1	0.09699321
203	0	0.7.47.372377	-1	0.09699321
203	0	0.7.47.372424	0	0.003940011
203	0	0.7.47.37467	0	0.09699321
203	0	0.7.47.37567	0	0.09699321
203	0	0.7.47.375948	0	0.09699321
203	0	0.7.47.37752	0	0.09699321
203	0	0.7.47.377725	0	0.003940011
203	0	0.7.47.377800	0	0.003940011
203	0	0.7.47.378421	1	0.1121764
203	0	0.7.47.37862	0	0.09699321
203	0	0.7.47.378712	1	0.1121764
203	0	0.7.47.379058	0	0.1121764
203	0	0.7.47.379105	0	0.09699321
203	0	0.7.47.37982	0	0.09699321
203	0	0.7.47.38366	0	0.003940011
203	0	0.7.47.385705	0	0.003940011
203	0	0.7.47.38722	0	0.003940011
203	0	0.7.47.3883	0	0.09699321
203	0	0.7.47.388301	0	0.003940011
203	0	0.7.47.38867	0	0.09699321
203	0	0.7.47.388942	0	0.003940011
203	0	0.7.47.391213	0	0.09699321
203	0	0.7.47.391455	0	0.003940011
203	0	0.7.47.391584	0	0.1121764
203	0	0.7.47.391886	1	0.1121764
203	0	0.7.47.39509	0	0.003940011
203	0	0.7.47.40235	0	0.09699321
203	0	0.7.47.403	0	0.003940011
203	0	0.7.47.40325	0	0.003940011
203	0	0.7.47.40461	0	0.09699321
203	0	0.7.47.40555	0	0.09699321
203	0	0.7.47.40600	0	0.09699321
203	0	0.7.47.406224	0	0.003940011
203	0	0.7.47.406374	0	0.09699321
203	0	0.7.47.406876	0	0.003940011
203	0	0.7.47.407030	0	0.003940011
203	0	0.7.47.407202	0	0.09699321
203	0	0.7.47.407224	0	0.003940011
203	0	0.7.47.407257	0	0.003940011
203	0	0.7.47.407276	0	0.09699321
203	0	0.7.47.407995	0	0.003940011
203	0	0.7.47.40824	0	0.003940011
203	0	0.7.47.409186	0	0.003940011
203	0	0.7.47.40924	0	0.09699321
203	0	0.7.47.409324	0	0.003940011
203	0	0.7.47.410862	0	0.003940011
203	0	0.7.47.41202	0	0.09699321
203	0	0.7.47.41296	1	0.2586207
203	0	0.7.47.413195	0	0.003940011
203	0	0.7.47.413196	0	0.003940011
203	0	0.7.47.413508	0	0.09699321
203	0	0.7.47.413580	0	0.003940011
203	0	0.7.47.41400	0	0.003940011
203	0	0.7.47.414257	0	0.003940011
203	0	0.7.47.414896	0	0.003940011
203	0	0.7.47.415002	0	0.09699321
203	0	0.7.47.415211	0	0.003940011
203	0	0.7.47.41524	0	0.09699321
203	0	0.7.47.415435	0	0.003940011
203	0	0.7.47.415572	0	0.003940011
203	0	0.7.47.415645	0	0.003940011
203	0	0.7.47.415746	0	0.003940011
203	0	0.7.47.41620	1	0.1121764
203	0	0.7.47.416527	0	0.003940011
203	0	0.7.47.41670	1	0.2197802
203	0	0.7.47.416770	0	0.003940011
203	0	0.7.47.41689	0	0.09699321
203	0	0.7.47.417053	0	0.09699321
203	0	0.7.47.417169	0	0.003940011
203	0	0.7.47.417316	0	0.003940011
203	0	0.7.47.417336	0	0.003940011
203	0	0.7.47.417666	0	0.003940011
203	0	0.7.47.419899	0	0.003940011
203	0	0.7.47.419963	0	0.003940011
203	0	0.7.47.420014	0	0.003940011
203	0	0.7.47.420288	0	0.003940011
203	0	0.7.47.420381	0	0.003940011
203	0	0.7.47.420482	0	0.1122661
203	0	0.7.47.421787	0	0.003940011
203	0	0.7.47.422163	0	0.003940011
203	0	0.7.47.423391	0	0.003940011
203	0	0.7.47.423645	0	0.003940011
203	0	0.7.47.423699	0	0.003940011
203	0	0.7.47.423707	0	0.003940011
203	0	0.7.47.423985	0	0.09699321
203	0	0.7.47.42429	0	0.003940011
203	0	0.7.47.42496	0	0.003940011
203	0	0.7.47.425384	0	0.09699321
203	0	0.7.47.426063	0	0.09699321
203	0	0.7.47.426265	0	0.003940011
203	0	0.7.47.426293	0	0.003940011
203	0	0.7.47.42752	0	0.003940011
203	0	0.7.47.428182	0	0.003940011
203	0	0.7.47.433108	0	0.003940011
203	0	0.7.47.433356	0	0.003940011
203	0	0.7.47.433812	0	0.003940011
203	0	0.7.47.434117	0	0.003940011
203	0	0.7.47.434556	0	0.003940011
203	0	0.7.47.43500	-1	0.003940011
203	0	0.7.47.435136	0	0.003940011
203	0	0.7.47.435553	0	0.003940011
203	0	0.7.47.435566	0	0.1121764
203	0	0.7.47.435671	0	0.003940011
203	0	0.7.47.437481	0	0.003940011
203	0	0.7.47.437498	0	0.1122661
203	0	0.7.47.437519	0	0.003940011
203	0	0.7.47.438005	0	0.003940011
203	0	0.7.47.438047	0	0.003940011
203	0	0.7.47.438523	0	0.003940011
203	0	0.7.47.440543	0	0.003940011
203	0	0.7.47.44096	0	0.003940011
203	0	0.7.47.443631	0	0.003940011
203	0	0.7.47.448711	0	0.003940011
203	0	0.7.47.448921	0	0.003940011
203	0	0.7.47.449088	0	0.003940011
203	0	0.7.47.449646	0	0.003940011
203	0	0.7.47.449820	0	0.003940011
203	0	0.7.47.45001	0	0.003940011
203	0	0.7.47.45029	0	0.003940011
203	0	0.7.47.450737	0	0.003940011
203	0	0.7.47.451285	0	0.003940011
203	0	0.7.47.452133	0	0.003940011
203	0	0.7.47.452583	0	0.09699321
203	0	0.7.47.452707	0	0.003940011
203	0	0.7.47.453824	1	0.1122661
203	0	0.7.47.454160	0	0.09699321
203	0	0.7.47.456542	0	0.003940011
203	0	0.7.47.456735	0	0.003940011
203	0	0.7.47.457139	0	0.003940011
203	0	0.7.47.457308	0	0.09699321
203	0	0.7.47.458262	0	0.003940011
203	0	0.7.47.459162	0	0.09699321
203	0	0.7.47.459232	0	0.003940011
203	0	0.7.47.459319	0	0.003940011
203	0	0.7.47.459326	0	0.09699321
203	0	0.7.47.459750	0	0.003940011
203	0	0.7.47.460353	0	0.003940011
203	0	0.7.47.46194	0	0.003940011
203	0	0.7.47.465473	-1	0.09699321
203	0	0.7.47.47076	0	0.003940011
203	0	0.7.47.470854	0	0.003940011
203	0	0.7.47.472668	0	0.003940011
203	0	0.7.47.473195	0	0.003940011
203	0	0.7.47.47511	0	0.003940011
203	0	0.7.47.475163	0	0.09699321
203	0	0.7.47.475220	0	0.003940011
203	0	0.7.47.475643	0	0.003940011
203	0	0.7.47.475770	0	0.003940011
203	0	0.7.47.476771	0	0.003940011
203	0	0.7.47.476779	0	0.003940011
203	0	0.7.47.476840	0	0.003940011
203	0	0.7.47.477164	0	0.003940011
203	0	0.7.47.477593	0	0.09699321
203	0	0.7.47.478823	0	0.003940011
203	0	0.7.47.479197	0	0.003940011
203	0	0.7.47.480365	0	0.003940011
203	0	0.7.47.481731	0	0.09699321
203	0	0.7.47.481860	0	0.003940011
203	0	0.7.47.481914	0	0.003940011
203	0	0.7.47.483570	0	0.003940011
203	0	0.7.47.484155	0	0.003940011
203	0	0.7.47.484357	0	0.09699321
203	0	0.7.47.484622	0	0.4285714
203	0	0.7.47.484624	0	0.4285714
203	0	0.7.47.485004	0	0.003940011
203	0	0.7.47.485188	0	0.003940011
203	0	0.7.47.485313	0	0.003940011
203	0	0.7.47.485504	0	0.003940011
203	0	0.7.47.485725	0	0.003940011
203	0	0.7.47.486596	0	0.003940011
203	0	0.7.47.486956	0	0.2608696
203	0	0.7.47.486960	0	0.09699321
203	0	0.7.47.487377	0	0.003940011
203	0	0.7.47.488763	0	0.09699321
203	0	0.7.47.488764	0	0.09699321
203	0	0.7.47.489254	0	0.003940011
203	0	0.7.47.490372	1	0.25
203	0	0.7.47.501179	0	0.09699321
203	0	0.7.47.501841	0	0.003940011
203	0	0.7.47.502601	0	0.003940011
203	0	0.7.47.502868	1	0.1121764
203	0	0.7.47.502990	0	0.1122661
203	0	0.7.47.503004	1	0.1122661
203	0	0.7.47.505139	0	0.003940011
203	0	0.7.47.505936	0	0.003940011
203	0	0.7.47.506754	0	0.003940011
203	0	0.7.47.506778	0	0.003940011
203	0	0.7.47.507209	0	0.003940011
203	0	0.7.47.507613	0	0.003940011
203	0	0.7.47.509774	0	0.003940011
203	0	0.7.47.510002	0	0.003940011
203	0	0.7.47.510602	0	0.003940011
203	0	0.7.47.511505	0	0.003940011
203	0	0.7.47.511550	0	0.09699321
203	0	0.7.47.511750	0	0.003940011
203	0	0.7.47.512257	0	0.003940011
203	0	0.7.47.513514	0	0.003940011
203	0	0.7.47.513530	0	0.09699321
203	0	0.7.47.5145	0	0.003940011
203	0	0.7.47.515004	0	0.003940011
203	0	0.7.47.515655	0	0.003940011
203	0	0.7.47.517273	0	0.003940011
203	0	0.7.47.517660	0	0.003940011
203	0	0.7.47.519291	1	0.09699321
203	0	0.7.47.520130	0	0.003940011
203	0	0.7.47.520173	0	0.003940011
203	0	0.7.47.521859	0	0.003940011
203	0	0.7.47.522026	0	0.003940011
203	0	0.7.47.522359	0	0.09699321
203	0	0.7.47.523348	0	0.003940011
203	0	0.7.47.523855	0	0.003940011
203	0	0.7.47.524452	0	0.003940011
203	0	0.7.47.528142	0	0.003940011
203	0	0.7.47.529470	0	0.09699321
203	0	0.7.47.529663	0	0.09699321
203	0	0.7.47.530317	0	0.003940011
203	0	0.7.47.531782	1	0.1122661
203	0	0.7.47.531926	0	0.003940011
203	0	0.7.47.532069	0	0.003940011
203	0	0.7.47.532363	0	0.003940011
203	0	0.7.47.532951	0	0.003940011
203	0	0.7.47.533664	0	0.003940011
203	0	0.7.47.535276	0	0.003940011
203	0	0.7.47.536	0	0.003940011
203	0	0.7.47.537138	0	0.003940011
203	0	0.7.47.537516	0	0.09699321
203	0	0.7.47.538145	0	0.003940011
203	0	0.7.47.539226	0	0.003940011
203	0	0.7.47.539859	0	0.09699321
203	0	0.7.47.540692	0	0.09699321
203	0	0.7.47.540693	0	0.09699321
203	0	0.7.47.540994	0	0.003940011
203	0	0.7.47.542245	0	0.003940011
203	0	0.7.47.542831	0	0.003940011
203	0	0.7.47.545290	0	0.09699321
203	0	0.7.47.545322	0	0.003940011
203	0	0.7.47.546106	0	0.003940011
203	0	0.7.47.547274	0	0.003940011
203	0	0.7.47.548050	0	0.09699321
203	0	0.7.47.548153	0	0.003940011
203	0	0.7.47.548284	1	0.1122661
203	0	0.7.47.548332	1	0.1122661
203	0	0.7.47.548350	0	0.1121764
203	0	0.7.47.548580	0	0.003940011
203	0	0.7.47.5486	0	0.003940011
203	0	0.7.47.549143	0	0.003940011
203	0	0.7.47.549287	0	0.003940011
203	0	0.7.47.549382	1	0.1121764
203	0	0.7.47.549920	1	0.1121764
203	0	0.7.47.55712	0	0.09699321
203	0	0.7.47.56005	0	0.09699321
203	0	0.7.47.56008	0	0.09699321
203	0	0.7.47.56451	0	0.003940011
203	0	0.7.47.565799	0	0.09699321
203	0	0.7.47.56589	0	0.09699321
203	0	0.7.47.566162	0	0.003940011
203	0	0.7.47.566947	0	0.003940011
203	0	0.7.47.567133	0	0.003940011
203	0	0.7.47.56800	1	0.2586207
203	0	0.7.47.56903	0	0.003940011
203	0	0.7.47.56966	0	0.003940011
203	0	0.7.47.570707	0	0.003940011
203	0	0.7.47.570976	0	0.003940011
203	0	0.7.47.571273	0	0.003940011
203	0	0.7.47.5716	0	0.09699321
203	0	0.7.47.571795	0	0.003940011
203	0	0.7.47.571884	0	0.09699321
203	0	0.7.47.572098	0	0.003940011
203	0	0.7.47.57376	0	0.003940011
203	0	0.7.47.575285	0	0.09699321
203	0	0.7.47.575602	0	0.003940011
203	0	0.7.47.575635	0	0.09699321
203	0	0.7.47.575892	0	0.09699321
203	0	0.7.47.57610	0	0.003940011
203	0	0.7.47.576197	0	0.09699321
203	0	0.7.47.577551	0	0.003940011
203	0	0.7.47.577702	1	0.1935484
203	0	0.7.47.57801	0	0.09699321
203	0	0.7.47.578499	0	0.003940011
203	0	0.7.47.578505	0	0.003940011
203	0	0.7.47.578510	0	0.09699321
203	0	0.7.47.578524	0	0.09699321
203	0	0.7.47.578638	1	0.1122661
203	0	0.7.47.578669	0	0.003940011
203	0	0.7.47.578679	1	0.1121764
203	0	0.7.47.57880	1	0.1122661
203	0	0.7.47.579462	0	0.1121764
203	0	0.7.47.582542	0	0.003940011
203	0	0.7.47.582555	0	0.003940011
203	0	0.7.47.58294	0	0.003940011
203	0	0.7.47.583956	0	0.003940011
203	0	0.7.47.584483	0	0.003940011
203	0	0.7.47.584887	0	0.003940011
203	0	0.7.47.585581	0	0.003940011
203	0	0.7.47.586321	0	0.003940011
203	0	0.7.47.58702	0	0.003940011
203	0	0.7.47.590121	0	0.003940011
203	0	0.7.47.5909	0	0.09699321
203	0	0.7.47.59131	0	0.003940011
203	0	0.7.47.591834	0	0.09699321
203	0	0.7.47.591953	0	0.09699321
203	0	0.7.47.597548	0	0.003940011
203	0	0.7.47.597793	1	0.2586207
203	0	0.7.47.598688	0	0.003940011
203	0	0.7.47.599698	0	0.003940011
203	0	0.7.47.600395	0	0.2586207
203	0	0.7.47.603402	0	0.003940011
203	0	0.7.47.606045	0	0.003940011
203	0	0.7.47.607231	0	0.003940011
203	0	0.7.47.608562	0	0.003940011
203	0	0.7.47.610742	0	0.003940011
203	0	0.7.47.612512	0	0.003940011
203	0	0.7.47.6126	0	0.003940011
203	0	0.7.47.613700	0	0.003940011
203	0	0.7.47.6142	0	0.003940011
203	0	0.7.47.614302	0	0.003940011
203	0	0.7.47.614337	0	0.09699321
203	0	0.7.47.614355	0	0.003940011
203	0	0.7.47.614501	0	0.09699321
203	0	0.7.47.614535	0	0.003940011
203	0	0.7.47.616285	0	0.003940011
203	0	0.7.47.618268	0	0.003940011
203	0	0.7.47.618563	0	0.003940011
203	0	0.7.47.619662	0	0.09699321
203	0	0.7.47.620156	0	0.003940011
203	0	0.7.47.624475	0	0.003940011
203	0	0.7.47.6309	0	0.003940011
203	0	0.7.47.63386	0	0.003940011
203	0	0.7.47.633910	0	0.003940011
203	0	0.7.47.638125	0	0.003940011
203	0	0.7.47.639359	0	0.09699321
203	0	0.7.47.639672	0	0.003940011
203	0	0.7.47.6418	0	0.003940011
203	0	0.7.47.642687	0	0.003940011
203	0	0.7.47.643655	0	0.09699321
203	0	0.7.47.643703	0	0.003940011
203	0	0.7.47.6439	0	0.003940011
203	0	0.7.47.644202	0	0.003940011
203	0	0.7.47.646583	0	0.003940011
203	0	0.7.47.646766	0	0.003940011
203	0	0.7.47.647050	0	0.003940011
203	0	0.7.47.647498	0	0.003940011
203	0	0.7.47.64868	0	0.003940011
203	0	0.7.47.64909	0	0.003940011
203	0	0.7.47.652045	0	0.003940011
203	0	0.7.47.652818	0	0.09699321
203	0	0.7.47.652959	0	0.003940011
203	0	0.7.47.655423	0	0.003940011
203	0	0.7.47.6557	1	0.1122661
203	0	0.7.47.657587	0	0.003940011
203	0	0.7.47.658119	0	0.003940011
203	0	0.7.47.658446	0	0.003940011
203	0	0.7.47.658474	0	0.003940011
203	0	0.7.47.659410	0	0.003940011
203	0	0.7.47.659771	0	0.003940011
203	0	0.7.47.660330	0	0.003940011
203	0	0.7.47.665581	0	0.003940011
203	0	0.7.47.669201	0	0.003940011
203	0	0.7.47.671022	0	0.003940011
203	0	0.7.47.671183	0	0.09699321
203	0	0.7.47.671360	0	0.003940011
203	0	0.7.47.673516	0	0.003940011
203	0	0.7.47.673835	0	0.003940011
203	0	0.7.47.674089	-1	0.003940011
203	0	0.7.47.674816	0	0.003940011
203	0	0.7.47.67504	1	0.1122661
203	0	0.7.47.675085	0	0.003940011
203	0	0.7.47.675174	0	0.09699321
203	0	0.7.47.675226	0	0.003940011
203	0	0.7.47.675347	0	0.003940011
203	0	0.7.47.676104	0	0.003940011
203	0	0.7.47.677044	0	0.003940011
203	0	0.7.47.678017	0	0.003940011
203	0	0.7.47.678076	0	0.09699321
203	0	0.7.47.678660	1	0.1121764
203	0	0.7.47.678891	0	0.003940011
203	0	0.7.47.679215	0	0.003940011
203	0	0.7.47.679472	0	0.09699321
203	0	0.7.47.679563	0	0.003940011
203	0	0.7.47.680586	0	0.003940011
203	0	0.7.47.682090	0	0.09699321
203	0	0.7.47.682250	0	0.003940011
203	0	0.7.47.68254	0	0.09699321
203	0	0.7.47.682761	0	0.09699321
203	0	0.7.47.683446	0	0.1121764
203	0	0.7.47.683844	1	0.1122661
203	0	0.7.47.685071	0	0.003940011
203	0	0.7.47.685073	0	0.003940011
203	0	0.7.47.685244	0	0.003940011
203	0	0.7.47.685380	0	0.003940011
203	0	0.7.47.685594	0	0.003940011
203	0	0.7.47.686143	0	0.003940011
203	0	0.7.47.686232	0	0.003940011
203	0	0.7.47.686712	0	0.003940011
203	0	0.7.47.68683	0	0.09699321
203	0	0.7.47.68684	0	0.09699321
203	0	0.7.47.68698	0	0.003940011
203	0	0.7.47.68717	0	0.09699321
203	0	0.7.47.688578	0	0.003940011
203	0	0.7.47.69046	0	0.003940011
203	0	0.7.47.690788	0	0.003940011
203	0	0.7.47.691199	0	0.09699321
203	0	0.7.47.69164	0	0.09699321
203	0	0.7.47.691770	0	0.003940011
203	0	0.7.47.691893	0	0.003940011
203	0	0.7.47.691934	0	0.003940011
203	0	0.7.47.692561	0	0.003940011
203	0	0.7.47.693808	0	0.003940011
203	0	0.7.47.693841	0	0.003940011
203	0	0.7.47.694612	0	0.003940011
203	0	0.7.47.694645	0	0.003940011
203	0	0.7.47.69514	0	0.003940011
203	0	0.7.47.695486	0	0.003940011
203	0	0.7.47.697294	0	0.003940011
203	0	0.7.47.698781	0	0.003940011
203	0	0.7.47.698823	0	0.003940011
203	0	0.7.47.699368	0	0.09699321
203	0	0.7.47.699626	0	0.09699321
203	0	0.7.47.699698	0	0.1121764
203	0	0.7.47.699779	0	0.09699321
203	0	0.7.47.700022	0	0.1121764
203	0	0.7.47.700251	1	0.1121764
203	0	0.7.47.700797	0	0.09699321
203	0	0.7.47.700986	0	0.09699321
203	0	0.7.47.701222	0	0.003940011
203	0	0.7.47.701489	0	0.09699321
203	0	0.7.47.702767	0	0.003940011
203	0	0.7.47.702972	0	0.003940011
203	0	0.7.47.703115	0	0.003940011
203	0	0.7.47.703252	0	0.003940011
203	0	0.7.47.703912	0	0.003940011
203	0	0.7.47.704198	0	0.003940011
203	0	0.7.47.704274	0	0.003940011
203	0	0.7.47.704396	0	0.003940011
203	0	0.7.47.704508	0	0.003940011
203	0	0.7.47.704737	0	0.003940011
203	0	0.7.47.705304	0	0.003940011
203	0	0.7.47.705315	0	0.003940011
203	0	0.7.47.705534	0	0.003940011
203	0	0.7.47.705726	0	0.09699321
203	0	0.7.47.705728	0	0.09699321
203	0	0.7.47.705986	0	0.003940011
203	0	0.7.47.707542	0	0.1121764
203	0	0.7.47.709159	0	0.09699321
203	0	0.7.47.710112	1	0.1935484
203	0	0.7.47.710377	0	0.003940011
203	0	0.7.47.710642	0	0.1121764
203	0	0.7.47.710745	0	0.09699321
203	0	0.7.47.711325	0	0.003940011
203	0	0.7.47.711476	0	0.1121764
203	0	0.7.47.711618	0	0.003940011
203	0	0.7.47.711926	1	0.1935484
203	0	0.7.47.713427	0	0.1122661
203	0	0.7.47.713430	1	0.1122661
203	0	0.7.47.713667	1	0.2197802
203	0	0.7.47.713906	1	0.2586207
203	0	0.7.47.713949	0	0.003940011
203	0	0.7.47.714429	0	0.003940011
203	0	0.7.47.717363	0	0.1121764
203	0	0.7.47.718140	0	0.09699321
203	0	0.7.47.719159	0	0.003940011
203	0	0.7.47.720728	0	0.003940011
203	0	0.7.47.722856	0	0.003940011
203	0	0.7.47.722974	0	0.003940011
203	0	0.7.47.723032	0	0.003940011
203	0	0.7.47.723157	0	0.003940011
203	0	0.7.47.723286	0	0.003940011
203	0	0.7.47.724667	0	0.003940011
203	0	0.7.47.724954	0	0.003940011
203	0	0.7.47.725299	0	0.003940011
203	0	0.7.47.726172	0	0.003940011
203	0	0.7.47.726759	0	0.003940011
203	0	0.7.47.728818	1	0.2197802
203	0	0.7.47.728891	0	0.003940011
203	0	0.7.47.731837	0	0.003940011
203	0	0.7.47.735109	0	0.003940011
203	0	0.7.47.735333	0	0.003940011
203	0	0.7.47.736053	0	0.003940011
203	0	0.7.47.739793	0	0.003940011
203	0	0.7.47.739877	0	0.003940011
203	0	0.7.47.741835	0	0.003940011
203	0	0.7.47.742141	0	0.003940011
203	0	0.7.47.743525	0	0.003940011
203	0	0.7.47.745462	-1	0.003940011
203	0	0.7.47.748669	0	0.003940011
203	0	0.7.47.748851	0	0.003940011
203	0	0.7.47.749893	0	0.09699321
203	0	0.7.47.749945	0	0.09699321
203	0	0.7.47.749981	0	0.003940011
203	0	0.7.47.751151	0	0.003940011
203	0	0.7.47.752166	0	0.09699321
203	0	0.7.47.752346	0	0.09699321
203	0	0.7.47.753540	0	0.003940011
203	0	0.7.47.7538	0	0.003940011
203	0	0.7.47.75467	0	0.003940011
203	0	0.7.47.755559	0	0.003940011
203	0	0.7.47.755734	0	0.09699321
203	0	0.7.47.756227	0	0.003940011
203	0	0.7.47.758349	0	0.003940011
203	0	0.7.47.758488	0	0.003940011
203	0	0.7.47.759638	0	0.003940011
203	0	0.7.47.760246	0	0.003940011
203	0	0.7.47.760525	0	0.003940011
203	0	0.7.47.760576	0	0.003940011
203	0	0.7.47.760731	0	0.003940011
203	0	0.7.47.761393	0	0.003940011
203	0	0.7.47.761437	0	0.003940011
203	0	0.7.47.76149	0	0.003940011
203	0	0.7.47.762538	0	0.003940011
203	0	0.7.47.762576	0	0.003940011
203	0	0.7.47.763262	0	0.003940011
203	0	0.7.47.76398	0	0.003940011
203	0	0.7.47.764127	0	0.003940011
203	0	0.7.47.764344	0	0.003940011
203	0	0.7.47.764720	0	0.09699321
203	0	0.7.47.76477	0	0.003940011
203	0	0.7.47.765216	0	0.09699321
203	0	0.7.47.765344	0	0.1935484
203	0	0.7.47.76553	0	0.003940011
203	0	0.7.47.766316	0	0.003940011
203	0	0.7.47.77368	-1	0.003940011
203	0	0.7.47.78184	-1	0.003940011
203	0	0.7.47.78395	-1	0.003940011
203	0	0.7.47.78400	-1	0.003940011
203	0	0.7.47.78483	-1	0.09699321
203	0	0.7.47.788069	0	0.003940011
203	0	0.7.47.78845	-1	0.003940011
203	0	0.7.47.790679	0	0.003940011
203	0	0.7.47.792770	0	0.003940011
203	0	0.7.47.792859	1	0.1122661
203	0	0.7.47.792921	0	0.003940011
203	0	0.7.47.794608	0	0.003940011
203	0	0.7.47.795206	0	0.1122661
203	0	0.7.47.795459	0	0.09699321
203	0	0.7.47.796832	0	0.003940011
203	0	0.7.47.7978	1	0.1122661
203	0	0.7.47.80061	-1	0.003940011
203	0	0.7.47.808312	0	0.09699321
203	0	0.7.47.808358	0	0.09699321
203	0	0.7.47.808419	0	0.09699321
203	0	0.7.47.808420	0	0.09699321
203	0	0.7.47.808427	0	0.09699321
203	0	0.7.47.808433	0	0.09699321
203	0	0.7.47.808456	0	0.09699321
203	0	0.7.47.809552	0	0.003940011
203	0	0.7.47.809929	0	0.003940011
203	0	0.7.47.8110	1	0.09699321
203	0	0.7.47.812265	0	0.003940011
203	0	0.7.47.815625	0	0.003940011
203	0	0.7.47.815798	0	0.003940011
203	0	0.7.47.816	0	0.003940011
203	0	0.7.47.816463	-1	0.003940011
203	0	0.7.47.817048	-1	0.003940011
203	0	0.7.47.817544	-1	0.003940011
203	0	0.7.47.818039	-1	0.003940011
203	0	0.7.47.81825	0	0.003940011
203	0	0.7.47.820166	0	0.003940011
203	0	0.7.47.820524	0	0.003940011
203	0	0.7.47.822822	0	0.09699321
203	0	0.7.47.822861	0	0.003940011
203	0	0.7.47.82412	0	0.003940011
203	0	0.7.47.82422	0	0.003940011
203	0	0.7.47.825944	0	0.003940011
203	0	0.7.47.826902	0	0.003940011
203	0	0.7.47.827951	0	0.09699321
203	0	0.7.47.829550	0	0.003940011
203	0	0.7.47.830993	0	0.003940011
203	0	0.7.47.833960	0	0.003940011
203	0	0.7.47.834036	0	0.003940011
203	0	0.7.47.834913	0	0.09699321
203	0	0.7.47.835761	0	0.003940011
203	0	0.7.47.836209	0	0.003940011
203	0	0.7.47.836527	0	0.003940011
203	0	0.7.47.836542	0	0.003940011
203	0	0.7.47.837013	0	0.003940011
203	0	0.7.47.837572	0	0.003940011
203	0	0.7.47.837926	0	0.003940011
203	0	0.7.47.839782	0	0.003940011
203	0	0.7.47.840009	0	0.003940011
203	0	0.7.47.840209	0	0.003940011
203	0	0.7.47.840306	0	0.003940011
203	0	0.7.47.840674	0	0.003940011
203	0	0.7.47.84134	0	0.09699321
203	0	0.7.47.848855	0	0.003940011
203	0	0.7.47.849663	0	0.003940011
203	0	0.7.47.849742	0	0.003940011
203	0	0.7.47.849958	0	0.003940011
203	0	0.7.47.850001	0	0.003940011
203	0	0.7.47.850134	0	0.003940011
203	0	0.7.47.850280	0	0.003940011
203	0	0.7.47.850654	0	0.1121764
203	0	0.7.47.851022	0	0.003940011
203	0	0.7.47.851039	0	0.003940011
203	0	0.7.47.851239	0	0.003940011
203	0	0.7.47.851372	0	0.003940011
203	0	0.7.47.851713	0	0.003940011
203	0	0.7.47.853166	0	0.003940011
203	0	0.7.47.853637	0	0.09699321
203	0	0.7.47.853866	0	0.003940011
203	0	0.7.47.853962	0	0.003940011
203	0	0.7.47.854015	0	0.003940011
203	0	0.7.47.854398	0	0.003940011
203	0	0.7.47.855758	0	0.003940011
203	0	0.7.47.855773	0	0.003940011
203	0	0.7.47.856183	0	0.09699321
203	0	0.7.47.856457	0	0.003940011
203	0	0.7.47.8571	-1	0.003940011
203	0	0.7.47.857254	0	0.003940011
203	0	0.7.47.857569	0	0.003940011
203	0	0.7.47.857820	0	0.003940011
203	0	0.7.47.858478	0	0.003940011
203	0	0.7.47.860095	0	0.003940011
203	0	0.7.47.860576	0	0.003940011
203	0	0.7.47.86162	0	0.003940011
203	0	0.7.47.861798	0	0.003940011
203	0	0.7.47.862304	0	0.003940011
203	0	0.7.47.863738	0	0.003940011
203	0	0.7.47.863808	0	0.003940011
203	0	0.7.47.864052	0	0.003940011
203	0	0.7.47.864649	0	0.003940011
203	0	0.7.47.86519	0	0.003940011
203	0	0.7.47.86531	0	0.003940011
203	0	0.7.47.865383	0	0.003940011
203	0	0.7.47.86573	0	0.003940011
203	0	0.7.47.865821	0	0.003940011
203	0	0.7.47.865987	0	0.003940011
203	0	0.7.47.866255	0	0.003940011
203	0	0.7.47.867073	0	0.003940011
203	0	0.7.47.867724	0	0.003940011
203	0	0.7.47.869208	0	0.003940011
203	0	0.7.47.869388	0	0.003940011
203	0	0.7.47.869635	0	0.003940011
203	0	0.7.47.869641	0	0.003940011
203	0	0.7.47.86978	0	0.09699321
203	0	0.7.47.870517	0	0.003940011
203	0	0.7.47.871169	0	0.003940011
203	0	0.7.47.876812	0	0.003940011
203	0	0.7.47.87734	0	0.003940011
203	0	0.7.47.877374	0	0.1121764
203	0	0.7.47.877407	0	0.003940011
203	0	0.7.47.877798	0	0.003940011
203	0	0.7.47.879215	0	0.003940011
203	0	0.7.47.882670	0	0.003940011
203	0	0.7.47.884195	0	0.09699321
203	0	0.7.47.884376	0	0.09699321
203	0	0.7.47.884476	0	0.003940011
203	0	0.7.47.88533	0	0.003940011
203	0	0.7.47.886985	1	0.1122661
203	0	0.7.47.887	0	0.003940011
203	0	0.7.47.887962	0	0.003940011
203	0	0.7.47.888632	0	0.003940011
203	0	0.7.47.89142	0	0.003940011
203	0	0.7.47.892918	0	0.003940011
203	0	0.7.47.893455	1	0.1121764
203	0	0.7.47.893793	1	0.1935484
203	0	0.7.47.894020	0	0.003940011
203	0	0.7.47.895657	0	0.003940011
203	0	0.7.47.896081	1	0.1121764
203	0	0.7.47.89634	0	0.003940011
203	0	0.7.47.896856	1	0.1121764
203	0	0.7.47.896969	0	0.003940011
203	0	0.7.47.897576	0	0.003940011
203	0	0.7.47.897668	0	0.09699321
203	0	0.7.47.897669	0	0.09699321
203	0	0.7.47.898114	0	0.003940011
203	0	0.7.47.89837	0	0.003940011
203	0	0.7.47.898719	0	0.003940011
203	0	0.7.47.898757	0	0.003940011
203	0	0.7.47.898946	0	0.003940011
203	0	0.7.47.899795	0	0.003940011
203	0	0.7.47.899857	0	0.003940011
203	0	0.7.47.902751	0	0.003940011
203	0	0.7.47.907060	0	0.003940011
203	0	0.7.47.907082	0	0.003940011
203	0	0.7.47.9088	-1	0.09699321
203	0	0.7.47.910167	0	0.003940011
203	0	0.7.47.916611	0	0.003940011
203	0	0.7.47.919763	0	0.003940011
203	0	0.7.47.919960	0	0.003940011
203	0	0.7.47.920037	0	0.003940011
203	0	0.7.47.92072	1	0.1935484
203	0	0.7.47.920974	0	0.003940011
203	0	0.7.47.921239	0	0.003940011
203	0	0.7.47.92144	0	0.003940011
203	0	0.7.47.922051	0	0.003940011
203	0	0.7.47.922230	0	0.003940011
203	0	0.7.47.922934	0	0.09699321
203	0	0.7.47.923093	0	0.09699321
203	0	0.7.47.923644	0	0.003940011
203	0	0.7.47.924218	0	0.003940011
203	0	0.7.47.924765	0	0.003940011
203	0	0.7.47.924849	0	0.003940011
203	0	0.7.47.925332	-1	0.003940011
203	0	0.7.47.925635	0	0.09699321
203	0	0.7.47.925969	0	0.09699321
203	0	0.7.47.926121	0	0.09699321
203	0	0.7.47.926173	0	0.003940011
203	0	0.7.47.926638	0	0.09699321
203	0	0.7.47.926779	0	0.09699321
203	0	0.7.47.92697	1	0.1121764
203	0	0.7.47.92710	0	0.003940011
203	0	0.7.47.927646	0	0.1122661
203	0	0.7.47.928184	0	0.09699321
203	0	0.7.47.929636	0	0.003940011
203	0	0.7.47.931105	0	0.09699321
203	0	0.7.47.93171	0	0.003940011
203	0	0.7.47.931824	0	0.003940011
203	0	0.7.47.932060	0	0.003940011
203	0	0.7.47.933407	0	0.09699321
203	0	0.7.47.933519	0	0.09699321
203	0	0.7.47.933572	0	0.09699321
203	0	0.7.47.933807	0	0.003940011
203	0	0.7.47.93413	0	0.003940011
203	0	0.7.47.93507	0	0.003940011
203	0	0.7.47.93654	0	0.003940011
203	0	0.7.47.937212	0	0.003940011
203	0	0.7.47.93742	0	0.003940011
203	0	0.7.47.937590	0	0.003940011
203	0	0.7.47.940006	0	0.003940011
203	0	0.7.47.940440	0	0.09699321
203	0	0.7.47.940521	0	0.003940011
203	0	0.7.47.941390	0	0.09699321
203	0	0.7.47.941470	0	0.003940011
203	0	0.7.47.941798	0	0.003940011
203	0	0.7.47.943049	0	0.003940011
203	0	0.7.47.94308	0	0.003940011
203	0	0.7.47.944733	0	0.003940011
203	0	0.7.47.94593	0	0.003940011
203	0	0.7.47.94867	0	0.003940011
203	0	0.7.47.949484	0	0.09699321
203	0	0.7.47.949976	0	0.003940011
203	0	0.7.47.950136	0	0.003940011
203	0	0.7.47.950552	0	0.003940011
203	0	0.7.47.950574	0	0.003940011
203	0	0.7.47.953399	0	0.003940011
203	0	0.7.47.953624	1	0.1121764
203	0	0.7.47.954267	0	0.003940011
203	0	0.7.47.954346	0	0.003940011
203	0	0.7.47.954375	0	0.003940011
203	0	0.7.47.954695	-1	0.003940011
203	0	0.7.47.954728	-1	0.003940011
203	0	0.7.47.956144	0	0.003940011
203	0	0.7.47.956800	0	0.003940011
203	0	0.7.47.956908	0	0.003940011
203	0	0.7.47.960549	0	0.09699321
203	0	0.7.47.961951	1	0.1935484
203	0	0.7.47.963475	0	0.003940011
203	0	0.7.47.963827	0	0.003940011
203	0	0.7.47.96576	0	0.003940011
203	0	0.7.47.96605	0	0.003940011
203	0	0.7.47.966640	0	0.003940011
203	0	0.7.47.9670	0	0.003940011
203	0	0.7.47.968003	0	0.003940011
203	0	0.7.47.970418	0	0.003940011
203	0	0.7.47.971054	0	0.003940011
203	0	0.7.47.972037	0	0.09699321
203	0	0.7.47.972041	0	0.09699321
203	0	0.7.47.972195	0	0.09699321
203	0	0.7.47.973105	0	0.003940011
203	0	0.7.47.973740	0	0.003940011
203	0	0.7.47.975336	0	0.003940011
203	0	0.7.47.975605	0	0.003940011
203	0	0.7.47.975688	0	0.003940011
203	0	0.7.47.976573	0	0.09699321
203	0	0.7.47.977647	0	0.09699321
203	0	0.7.47.977649	0	0.09699321
203	0	0.7.47.977692	0	0.09699321
203	0	0.7.47.978599	0	0.003940011
203	0	0.7.47.9838	0	0.003940011
203	0	0.7.47.993206	0	0.003940011
203	0	0.7.47.993265	0	0.003940011
203	0	0.7.47.994438	0	0.09699321
203	0	0.7.47.995070	0	0.09699321
203	0	0.7.47.995450	0	0.003940011
203	0	0.7.47.996326	0	0.003940011
203	0	0.7.47.997104	0	0.09699321
203	0	0.7.47.998114	0	0.003940011
203	0	0.7.47.998468	0	0.003940011
203	0	0.7.47.998826	0	0.09699321
203	0	0.7.47.999435	0	0.09699321
203	0	0.7.47.999880	0	0.09699321
203	0	0.7.6.100555	0	0.003940011
203	0	0.7.6.10143	0	0.003940011
203	0	0.7.6.102555	0	0.003940011
203	0	0.7.6.103288	0	0.003940011
203	0	0.7.6.104519	0	0.003940011
203	0	0.7.6.104775	-1	0.003940011
203	0	0.7.6.104784	-1	0.09699321
203	0	0.7.6.105742	0	0.003940011
203	0	0.7.6.105855	1	0.2197802
203	0	0.7.6.105871	0	0.003940011
203	0	0.7.6.105956	0	0.09699321
203	0	0.7.6.106099	0	0.003940011
203	0	0.7.6.106161	0	0.003940011
203	0	0.7.6.106262	0	0.003940011
203	0	0.7.6.106577	0	0.003940011
203	0	0.7.6.106616	0	0.003940011
203	0	0.7.6.106887	0	0.003940011
203	0	0.7.6.107068	0	0.09699321
203	0	0.7.6.107210	0	0.003940011
203	0	0.7.6.107249	0	0.003940011
203	0	0.7.6.107371	0	0.09699321
203	0	0.7.6.107387	0	0.003940011
203	0	0.7.6.107410	0	0.003940011
203	0	0.7.6.107522	0	0.003940011
203	0	0.7.6.107551	0	0.09699321
203	0	0.7.6.107672	0	0.09699321
203	0	0.7.6.107673	0	0.09699321
203	0	0.7.6.108002	0	0.09699321
203	0	0.7.6.108164	0	0.003940011
203	0	0.7.6.108186	0	0.003940011
203	0	0.7.6.108946	0	0.003940011
203	0	0.7.6.109071	0	0.09699321
203	0	0.7.6.109099	0	0.003940011
203	0	0.7.6.109418	1	0.09699321
203	0	0.7.6.10954	0	0.09699321
203	0	0.7.6.10978	0	0.09699321
203	0	0.7.6.110134	0	0.003940011
203	0	0.7.6.110753	1	0.1121764
203	0	0.7.6.111243	0	0.003940011
203	0	0.7.6.111333	0	0.003940011
203	0	0.7.6.111456	0	0.1121764
203	0	0.7.6.111551	1	0.1121764
203	0	0.7.6.111713	0	0.09699321
203	0	0.7.6.111724	0	0.003940011
203	0	0.7.6.112204	0	0.09699321
203	0	0.7.6.112432	0	0.09699321
203	0	0.7.6.112469	0	0.09699321
203	0	0.7.6.112938	1	0.1122661
203	0	0.7.6.113436	0	0.003940011
203	0	0.7.6.114377	0	0.003940011
203	0	0.7.6.114394	0	0.003940011
203	0	0.7.6.114580	0	0.003940011
203	0	0.7.6.114898	0	0.003940011
203	0	0.7.6.114903	0	0.003940011
203	0	0.7.6.115302	0	0.003940011
203	0	0.7.6.115431	0	0.003940011
203	0	0.7.6.116010	0	0.003940011
203	0	0.7.6.116228	0	0.003940011
203	0	0.7.6.116439	0	0.003940011
203	0	0.7.6.116514	0	0.003940011
203	0	0.7.6.116648	0	0.003940011
203	0	0.7.6.116993	0	0.003940011
203	0	0.7.6.117013	0	0.003940011
203	0	0.7.6.117088	0	0.003940011
203	0	0.7.6.118000	0	0.09699321
203	0	0.7.6.118164	0	0.09699321
203	0	0.7.6.118204	0	0.003940011
203	0	0.7.6.118370	0	0.003940011
203	0	0.7.6.118396	0	0.003940011
203	0	0.7.6.118397	0	0.003940011
203	0	0.7.6.118741	0	0.09699321
203	0	0.7.6.119004	0	0.09699321
203	0	0.7.6.119217	0	0.09699321
203	0	0.7.6.119667	0	0.003940011
203	0	0.7.6.119917	0	0.09699321
203	0	0.7.6.120161	0	0.09699321
203	0	0.7.6.120455	0	0.09699321
203	0	0.7.6.120947	0	0.09699321
203	0	0.7.6.1223	0	0.003940011
203	0	0.7.6.123185	0	0.003940011
203	0	0.7.6.124299	0	0.1122661
203	0	0.7.6.124379	0	0.09699321
203	0	0.7.6.124402	1	0.1122661
203	0	0.7.6.124419	-1	0.1122661
203	0	0.7.6.124437	1	0.1122661
203	0	0.7.6.124450	0	0.1121764
203	0	0.7.6.124499	0	0.1121764
203	0	0.7.6.124503	0	0.1121764
203	0	0.7.6.124509	0	0.09699321
203	0	0.7.6.124562	1	0.1121764
203	0	0.7.6.124640	0	0.003940011
203	0	0.7.6.124643	1	0.1122661
203	0	0.7.6.124657	0	0.09699321
203	0	0.7.6.124684	0	0.1122661
203	0	0.7.6.124703	0	0.1122661
203	0	0.7.6.124707	0	0.09699321
203	0	0.7.6.124836	0	0.1122661
203	0	0.7.6.124910	0	0.09699321
203	0	0.7.6.124929	1	0.2631579
203	0	0.7.6.124938	1	0.1121764
203	0	0.7.6.125151	1	0.1122661
203	0	0.7.6.125158	0	0.1122661
203	0	0.7.6.125178	0	0.09699321
203	0	0.7.6.125239	0	0.09699321
203	0	0.7.6.125299	1	0.1121764
203	0	0.7.6.125300	1	0.1121764
203	0	0.7.6.125306	0	0.09699321
203	0	0.7.6.125314	0	0.1121764
203	0	0.7.6.125373	1	0.1121764
203	0	0.7.6.125424	0	0.09699321
203	0	0.7.6.125847	0	0.09699321
203	0	0.7.6.125953	0	0.1122661
203	0	0.7.6.125975	1	0.1121764
203	0	0.7.6.125995	0	0.1121764
203	0	0.7.6.126159	0	0.09699321
203	0	0.7.6.126345	0	0.003940011
203	0	0.7.6.126561	0	0.003940011
203	0	0.7.6.126587	1	0.1121764
203	0	0.7.6.126953	1	0.1121764
203	0	0.7.6.126954	1	0.1121764
203	0	0.7.6.127793	0	0.003940011
203	0	0.7.6.127916	0	0.09699321
203	0	0.7.6.128076	0	0.003940011
203	0	0.7.6.128490	1	0.1121764
203	0	0.7.6.128781	0	0.09699321
203	0	0.7.6.129956	0	0.003940011
203	0	0.7.6.129972	0	0.003940011
203	0	0.7.6.130048	0	0.003940011
203	0	0.7.6.130345	0	0.003940011
203	0	0.7.6.13094	0	0.003940011
203	0	0.7.6.131326	-1	0.003940011
203	0	0.7.6.13148	0	0.003940011
203	0	0.7.6.132311	0	0.003940011
203	0	0.7.6.13271	0	0.003940011
203	0	0.7.6.132938	0	0.003940011
203	0	0.7.6.133377	0	0.003940011
203	0	0.7.6.134146	0	0.003940011
203	0	0.7.6.134350	0	0.003940011
203	0	0.7.6.134636	0	0.003940011
203	0	0.7.6.13470	0	0.003940011
203	0	0.7.6.135018	0	0.09699321
203	0	0.7.6.135447	0	0.003940011
203	0	0.7.6.135847	0	0.003940011
203	0	0.7.6.136049	0	0.003940011
203	0	0.7.6.136757	0	0.003940011
203	0	0.7.6.137469	0	0.003940011
203	0	0.7.6.13808	0	0.003940011
203	0	0.7.6.138370	0	0.003940011
203	0	0.7.6.138591	0	0.09699321
203	0	0.7.6.138986	0	0.003940011
203	0	0.7.6.139379	0	0.003940011
203	0	0.7.6.139601	0	0.003940011
203	0	0.7.6.139785	1	0.1935484
203	0	0.7.6.139933	0	0.09699321
203	0	0.7.6.139983	0	0.09699321
203	0	0.7.6.141331	0	0.003940011
203	0	0.7.6.141332	0	0.003940011
203	0	0.7.6.141613	0	0.003940011
203	0	0.7.6.141896	0	0.003940011
203	0	0.7.6.142067	0	0.09699321
203	0	0.7.6.143270	0	0.003940011
203	0	0.7.6.143546	0	0.003940011
203	0	0.7.6.144003	0	0.003940011
203	0	0.7.6.144262	0	0.003940011
203	0	0.7.6.144311	1	0.1121764
203	0	0.7.6.144352	1	0.2586207
203	0	0.7.6.144651	0	0.003940011
203	0	0.7.6.14493	0	0.003940011
203	0	0.7.6.145087	0	0.003940011
203	0	0.7.6.146511	0	0.09699321
203	0	0.7.6.146751	0	0.09699321
203	0	0.7.6.148986	0	0.003940011
203	0	0.7.6.149528	0	0.003940011
203	0	0.7.6.149959	1	0.1122661
203	0	0.7.6.150026	0	0.003940011
203	0	0.7.6.150150	0	0.09699321
203	0	0.7.6.150463	0	0.003940011
203	0	0.7.6.150554	0	0.003940011
203	0	0.7.6.150773	0	0.003940011
203	0	0.7.6.151754	0	0.003940011
203	0	0.7.6.151904	0	0.09699321
203	0	0.7.6.152454	0	0.1121764
203	0	0.7.6.152521	0	0.003940011
203	0	0.7.6.152847	0	0.003940011
203	0	0.7.6.153866	0	0.003940011
203	0	0.7.6.154180	0	0.003940011
203	0	0.7.6.154492	0	0.003940011
203	0	0.7.6.155275	0	0.003940011
203	0	0.7.6.155774	0	0.003940011
203	0	0.7.6.155775	0	0.003940011
203	0	0.7.6.15608	0	0.09699321
203	0	0.7.6.156200	-1	0.1121764
203	0	0.7.6.156237	0	0.003940011
203	0	0.7.6.156401	0	0.003940011
203	0	0.7.6.156429	0	0.003940011
203	0	0.7.6.15716	0	0.09699321
203	0	0.7.6.15961	0	0.003940011
203	0	0.7.6.165121	0	0.003940011
203	0	0.7.6.166393	0	0.003940011
203	0	0.7.6.166595	0	0.003940011
203	0	0.7.6.166626	0	0.003940011
203	0	0.7.6.166919	0	0.003940011
203	0	0.7.6.167118	0	0.003940011
203	0	0.7.6.167298	0	0.09699321
203	0	0.7.6.167694	0	0.003940011
203	0	0.7.6.168160	0	0.003940011
203	0	0.7.6.168207	0	0.003940011
203	0	0.7.6.168276	0	0.003940011
203	0	0.7.6.169169	1	0.1935484
203	0	0.7.6.169386	0	0.003940011
203	0	0.7.6.169506	1	0.1122661
203	0	0.7.6.169558	1	0.1122661
203	0	0.7.6.169701	0	0.003940011
203	0	0.7.6.169875	0	0.003940011
203	0	0.7.6.169925	1	0.1122661
203	0	0.7.6.169929	0	0.1122661
203	0	0.7.6.170583	0	0.09699321
203	0	0.7.6.170846	0	0.003940011
203	0	0.7.6.171421	0	0.003940011
203	0	0.7.6.171561	0	0.003940011
203	0	0.7.6.171732	0	0.09699321
203	0	0.7.6.171914	0	0.003940011
203	0	0.7.6.172150	0	0.09699321
203	0	0.7.6.172437	0	0.003940011
203	0	0.7.6.172819	0	0.003940011
203	0	0.7.6.173197	0	0.003940011
203	0	0.7.6.174096	0	0.003940011
203	0	0.7.6.17538	1	0.1935484
203	0	0.7.6.177132	0	0.003940011
203	0	0.7.6.177452	0	0.003940011
203	0	0.7.6.178378	0	0.003940011
203	0	0.7.6.179109	0	0.003940011
203	0	0.7.6.179342	0	0.09699321
203	0	0.7.6.179360	1	0.1121764
203	0	0.7.6.179413	1	0.1121764
203	0	0.7.6.179545	0	0.09699321
203	0	0.7.6.180167	0	0.09699321
203	0	0.7.6.180307	0	0.09699321
203	0	0.7.6.180350	0	0.003940011
203	0	0.7.6.180499	0	0.003940011
203	0	0.7.6.180885	0	0.09699321
203	0	0.7.6.181847	0	0.09699321
203	0	0.7.6.18189	0	0.09699321
203	0	0.7.6.181972	0	0.003940011
203	0	0.7.6.182051	0	0.09699321
203	0	0.7.6.182189	0	0.003940011
203	0	0.7.6.182216	0	0.003940011
203	0	0.7.6.182470	0	0.09699321
203	0	0.7.6.182563	1	0.2586207
203	0	0.7.6.182771	0	0.09699321
203	0	0.7.6.182806	0	0.003940011
203	0	0.7.6.183130	0	0.09699321
203	0	0.7.6.1836	0	0.003940011
203	0	0.7.6.183923	0	0.09699321
203	0	0.7.6.184166	0	0.003940011
203	0	0.7.6.184401	0	0.003940011
203	0	0.7.6.184417	1	0.1122661
203	0	0.7.6.184940	0	0.003940011
203	0	0.7.6.185155	0	0.09699321
203	0	0.7.6.185191	0	0.09699321
203	0	0.7.6.185924	0	0.09699321
203	0	0.7.6.185925	0	0.003940011
203	0	0.7.6.185943	0	0.09699321
203	0	0.7.6.185982	1	0.1121764
203	0	0.7.6.185988	1	0.09699321
203	0	0.7.6.186002	0	0.003940011
203	0	0.7.6.186522	0	0.003940011
203	0	0.7.6.186658	0	0.09699321
203	0	0.7.6.188172	0	0.003940011
203	0	0.7.6.188379	-1	0.003940011
203	0	0.7.6.188661	0	0.003940011
203	0	0.7.6.189128	0	0.003940011
203	0	0.7.6.189246	0	0.003940011
203	0	0.7.6.189476	0	0.003940011
203	0	0.7.6.189830	0	0.09699321
203	0	0.7.6.190780	0	0.003940011
203	0	0.7.6.192900	0	0.003940011
203	0	0.7.6.193052	0	0.09699321
203	0	0.7.6.193232	0	0.003940011
203	0	0.7.6.195243	0	0.09699321
203	0	0.7.6.195627	0	0.003940011
203	0	0.7.6.195711	0	0.09699321
203	0	0.7.6.195832	0	0.09699321
203	0	0.7.6.195872	0	0.09699321
203	0	0.7.6.196107	0	0.003940011
203	0	0.7.6.196183	0	0.09699321
203	0	0.7.6.196715	0	0.09699321
203	0	0.7.6.196752	0	0.09699321
203	0	0.7.6.196754	0	0.003940011
203	0	0.7.6.196913	0	0.09699321
203	0	0.7.6.197025	0	0.09699321
203	0	0.7.6.197069	0	0.003940011
203	0	0.7.6.197172	0	0.09699321
203	0	0.7.6.197635	1	0.1122661
203	0	0.7.6.197640	1	0.2197802
203	0	0.7.6.198011	0	0.003940011
203	0	0.7.6.202199	0	0.003940011
203	0	0.7.6.204396	0	0.003940011
203	0	0.7.6.204402	0	0.003940011
203	0	0.7.6.204637	0	0.09699321
203	0	0.7.6.205243	0	0.003940011
203	0	0.7.6.207000	0	0.003940011
203	0	0.7.6.207316	0	0.003940011
203	0	0.7.6.207422	0	0.003940011
203	0	0.7.6.207443	0	0.003940011
203	0	0.7.6.207556	0	0.003940011
203	0	0.7.6.207685	0	0.003940011
203	0	0.7.6.20774	0	0.003940011
203	0	0.7.6.207812	0	0.003940011
203	0	0.7.6.207892	0	0.003940011
203	0	0.7.6.207924	0	0.003940011
203	0	0.7.6.207932	0	0.003940011
203	0	0.7.6.208187	0	0.09699321
203	0	0.7.6.208580	0	0.09699321
203	0	0.7.6.208653	0	0.003940011
203	0	0.7.6.210051	0	0.003940011
203	0	0.7.6.210268	0	0.003940011
203	0	0.7.6.210442	0	0.003940011
203	0	0.7.6.210831	0	0.003940011
203	0	0.7.6.211194	0	0.003940011
203	0	0.7.6.21620	0	0.003940011
203	0	0.7.6.217531	0	0.003940011
203	0	0.7.6.21774	0	0.003940011
203	0	0.7.6.217921	0	0.09699321
203	0	0.7.6.218094	0	0.003940011
203	0	0.7.6.219048	0	0.003940011
203	0	0.7.6.22087	0	0.003940011
203	0	0.7.6.220955	0	0.003940011
203	0	0.7.6.221248	0	0.003940011
203	0	0.7.6.221608	0	0.09699321
203	0	0.7.6.223763	0	0.003940011
203	0	0.7.6.223900	0	0.003940011
203	0	0.7.6.224542	0	0.003940011
203	0	0.7.6.224799	0	0.003940011
203	0	0.7.6.228194	0	0.003940011
203	0	0.7.6.228246	0	0.003940011
203	0	0.7.6.22850	0	0.003940011
203	0	0.7.6.229482	0	0.003940011
203	0	0.7.6.229800	0	0.003940011
203	0	0.7.6.229839	0	0.003940011
203	0	0.7.6.230061	0	0.003940011
203	0	0.7.6.230131	0	0.003940011
203	0	0.7.6.230220	0	0.003940011
203	0	0.7.6.230599	0	0.003940011
203	0	0.7.6.230717	0	0.003940011
203	0	0.7.6.230750	0	0.003940011
203	0	0.7.6.230797	0	0.003940011
203	0	0.7.6.231675	0	0.003940011
203	0	0.7.6.231685	0	0.003940011
203	0	0.7.6.232187	-1	0.003940011
203	0	0.7.6.232267	0	0.003940011
203	0	0.7.6.232767	0	0.003940011
203	0	0.7.6.233300	0	0.003940011
203	0	0.7.6.234189	0	0.003940011
203	0	0.7.6.234211	0	0.003940011
203	0	0.7.6.234471	0	0.003940011
203	0	0.7.6.234720	0	0.003940011
203	0	0.7.6.234732	0	0.003940011
203	0	0.7.6.235103	0	0.003940011
203	0	0.7.6.235228	0	0.003940011
203	0	0.7.6.23523	0	0.003940011
203	0	0.7.6.235292	0	0.09699321
203	0	0.7.6.235814	0	0.003940011
203	0	0.7.6.236220	0	0.003940011
203	0	0.7.6.237194	0	0.003940011
203	0	0.7.6.237683	0	0.09699321
203	0	0.7.6.237706	0	0.003940011
203	0	0.7.6.237881	0	0.003940011
203	0	0.7.6.23808	0	0.003940011
203	0	0.7.6.238641	0	0.003940011
203	0	0.7.6.238923	1	0.1121764
203	0	0.7.6.238943	0	0.003940011
203	0	0.7.6.239481	0	0.003940011
203	0	0.7.6.23956	1	0.1121764
203	0	0.7.6.239927	0	0.003940011
203	0	0.7.6.240062	0	0.003940011
203	0	0.7.6.24036	0	0.003940011
203	0	0.7.6.24254	0	0.003940011
203	0	0.7.6.24356	1	0.1122661
203	0	0.7.6.24374	1	0.1121764
203	0	0.7.6.249723	0	0.003940011
203	0	0.7.6.249812	0	0.003940011
203	0	0.7.6.250426	0	0.003940011
203	0	0.7.6.250576	0	0.003940011
203	0	0.7.6.251113	0	0.003940011
203	0	0.7.6.251301	0	0.003940011
203	0	0.7.6.251304	0	0.003940011
203	0	0.7.6.252342	0	0.003940011
203	0	0.7.6.252617	0	0.003940011
203	0	0.7.6.252784	0	0.003940011
203	0	0.7.6.252926	0	0.003940011
203	0	0.7.6.253924	0	0.003940011
203	0	0.7.6.253980	0	0.003940011
203	0	0.7.6.254219	0	0.09699321
203	0	0.7.6.254248	0	0.003940011
203	0	0.7.6.254609	0	0.003940011
203	0	0.7.6.255470	0	0.003940011
203	0	0.7.6.255877	0	0.003940011
203	0	0.7.6.257135	0	0.003940011
203	0	0.7.6.258515	0	0.003940011
203	0	0.7.6.258785	0	0.003940011
203	0	0.7.6.258920	0	0.003940011
203	0	0.7.6.259121	0	0.003940011
203	0	0.7.6.260220	0	0.003940011
203	0	0.7.6.260867	0	0.09699321
203	0	0.7.6.262248	0	0.003940011
203	0	0.7.6.262571	0	0.003940011
203	0	0.7.6.263358	0	0.003940011
203	0	0.7.6.263478	0	0.003940011
203	0	0.7.6.264575	0	0.003940011
203	0	0.7.6.265936	0	0.003940011
203	0	0.7.6.266755	0	0.003940011
203	0	0.7.6.266825	0	0.003940011
203	0	0.7.6.266907	0	0.003940011
203	0	0.7.6.268113	0	0.003940011
203	0	0.7.6.269274	0	0.003940011
203	0	0.7.6.269682	0	0.003940011
203	0	0.7.6.271376	0	0.003940011
203	0	0.7.6.272534	0	0.003940011
203	0	0.7.6.272711	0	0.003940011
203	0	0.7.6.27451	0	0.003940011
203	0	0.7.6.274749	0	0.003940011
203	0	0.7.6.276548	0	0.003940011
203	0	0.7.6.27714	-1	0.003940011
203	0	0.7.6.277718	0	0.003940011
203	0	0.7.6.2778	0	0.003940011
203	0	0.7.6.278157	0	0.003940011
203	0	0.7.6.278702	0	0.003940011
203	0	0.7.6.279415	0	0.003940011
203	0	0.7.6.280046	0	0.003940011
203	0	0.7.6.280907	0	0.003940011
203	0	0.7.6.281364	0	0.09699321
203	0	0.7.6.281382	0	0.003940011
203	0	0.7.6.281544	0	0.09699321
203	0	0.7.6.283667	0	0.003940011
203	0	0.7.6.283997	0	0.003940011
203	0	0.7.6.285108	0	0.003940011
203	0	0.7.6.286333	0	0.003940011
203	0	0.7.6.287710	0	0.003940011
203	0	0.7.6.288504	0	0.003940011
203	0	0.7.6.290024	0	0.003940011
203	0	0.7.6.291061	0	0.09699321
203	0	0.7.6.292331	0	0.003940011
203	0	0.7.6.293255	0	0.09699321
203	0	0.7.6.294430	0	0.003940011
203	0	0.7.6.295157	0	0.003940011
203	0	0.7.6.296426	0	0.09699321
203	0	0.7.6.296502	0	0.003940011
203	0	0.7.6.296653	0	0.003940011
203	0	0.7.6.297088	0	0.003940011
203	0	0.7.6.297615	0	0.09699321
203	0	0.7.6.29773	0	0.003940011
203	0	0.7.6.298306	0	0.09699321
203	0	0.7.6.298393	0	0.003940011
203	0	0.7.6.298762	0	0.003940011
203	0	0.7.6.299993	0	0.09699321
203	0	0.7.6.300026	0	0.09699321
203	0	0.7.6.301050	0	0.003940011
203	0	0.7.6.301609	0	0.003940011
203	0	0.7.6.303202	0	0.003940011
203	0	0.7.6.303577	0	0.003940011
203	0	0.7.6.303866	-1	0.003940011
203	0	0.7.6.303959	0	0.09699321
203	0	0.7.6.304003	0	0.003940011
203	0	0.7.6.304428	0	0.003940011
203	0	0.7.6.304913	0	0.003940011
203	0	0.7.6.305399	0	0.003940011
203	0	0.7.6.305527	0	0.003940011
203	0	0.7.6.305626	0	0.003940011
203	0	0.7.6.305651	0	0.09699321
203	0	0.7.6.305745	0	0.003940011
203	0	0.7.6.305796	0	0.09699321
203	0	0.7.6.305891	0	0.09699321
203	0	0.7.6.305943	0	0.09699321
203	0	0.7.6.306025	0	0.003940011
203	0	0.7.6.306360	0	0.09699321
203	0	0.7.6.30645	0	0.09699321
203	0	0.7.6.306524	0	0.09699321
203	0	0.7.6.306537	0	0.09699321
203	0	0.7.6.307606	0	0.003940011
203	0	0.7.6.308397	0	0.09699321
203	0	0.7.6.308656	0	0.003940011
203	0	0.7.6.309172	1	0.2586207
203	0	0.7.6.309199	0	0.003940011
203	0	0.7.6.309407	0	0.003940011
203	0	0.7.6.309767	0	0.003940011
203	0	0.7.6.310160	0	0.003940011
203	0	0.7.6.310166	0	0.003940011
203	0	0.7.6.310173	0	0.003940011
203	0	0.7.6.310325	0	0.003940011
203	0	0.7.6.310778	0	0.003940011
203	0	0.7.6.311198	0	0.003940011
203	0	0.7.6.313413	0	0.003940011
203	0	0.7.6.313579	0	0.003940011
203	0	0.7.6.314254	0	0.003940011
203	0	0.7.6.314317	0	0.003940011
203	0	0.7.6.3145	0	0.003940011
203	0	0.7.6.314576	0	0.003940011
203	0	0.7.6.315264	0	0.003940011
203	0	0.7.6.315308	0	0.09699321
203	0	0.7.6.315848	0	0.003940011
203	0	0.7.6.31588	0	0.003940011
203	0	0.7.6.319338	0	0.09699321
203	0	0.7.6.319371	0	0.003940011
203	0	0.7.6.319689	1	0.1121764
203	0	0.7.6.319918	0	0.003940011
203	0	0.7.6.320060	0	0.1121764
203	0	0.7.6.320364	0	0.003940011
203	0	0.7.6.320432	0	0.003940011
203	0	0.7.6.320561	1	0.1121764
203	0	0.7.6.320696	0	0.003940011
203	0	0.7.6.320997	0	0.003940011
203	0	0.7.6.321818	0	0.003940011
203	0	0.7.6.323138	1	0.1121764
203	0	0.7.6.323269	0	0.003940011
203	0	0.7.6.323451	0	0.003940011
203	0	0.7.6.323519	0	0.003940011
203	0	0.7.6.324066	0	0.003940011
203	0	0.7.6.324120	0	0.003940011
203	0	0.7.6.324683	0	0.003940011
203	0	0.7.6.32488	0	0.003940011
203	0	0.7.6.324967	0	0.003940011
203	0	0.7.6.325011	0	0.003940011
203	0	0.7.6.325236	0	0.003940011
203	0	0.7.6.327127	0	0.003940011
203	0	0.7.6.327153	0	0.003940011
203	0	0.7.6.327212	0	0.003940011
203	0	0.7.6.327220	0	0.003940011
203	0	0.7.6.327316	0	0.003940011
203	0	0.7.6.327361	0	0.003940011
203	0	0.7.6.327693	0	0.09699321
203	0	0.7.6.327867	0	0.09699321
203	0	0.7.6.327889	0	0.003940011
203	0	0.7.6.328018	0	0.003940011
203	0	0.7.6.328057	0	0.003940011
203	0	0.7.6.328079	0	0.003940011
203	0	0.7.6.328388	0	0.003940011
203	0	0.7.6.328507	0	0.003940011
203	0	0.7.6.328802	0	0.003940011
203	0	0.7.6.328830	0	0.003940011
203	0	0.7.6.328972	0	0.003940011
203	0	0.7.6.330729	0	0.09699321
203	0	0.7.6.331293	0	0.003940011
203	0	0.7.6.331341	0	0.09699321
203	0	0.7.6.332637	0	0.09699321
203	0	0.7.6.332811	0	0.09699321
203	0	0.7.6.332842	0	0.1121764
203	0	0.7.6.332988	1	0.2631579
203	0	0.7.6.333077	0	0.003940011
203	0	0.7.6.333198	1	0.1121764
203	0	0.7.6.333731	0	0.09699321
203	0	0.7.6.333751	1	0.1121764
203	0	0.7.6.333803	0	0.003940011
203	0	0.7.6.333962	0	0.003940011
203	0	0.7.6.334529	0	0.003940011
203	0	0.7.6.334779	0	0.003940011
203	0	0.7.6.335170	0	0.003940011
203	0	0.7.6.335281	0	0.003940011
203	0	0.7.6.335795	0	0.003940011
203	0	0.7.6.335803	0	0.003940011
203	0	0.7.6.335997	0	0.09699321
203	0	0.7.6.336201	0	0.09699321
203	0	0.7.6.336440	0	0.1121764
203	0	0.7.6.337023	0	0.09699321
203	0	0.7.6.337298	0	0.003940011
203	0	0.7.6.337311	0	0.003940011
203	0	0.7.6.337532	0	0.003940011
203	0	0.7.6.337686	0	0.003940011
203	0	0.7.6.337840	0	0.003940011
203	0	0.7.6.338091	0	0.09699321
203	0	0.7.6.338128	0	0.003940011
203	0	0.7.6.338179	0	0.003940011
203	0	0.7.6.338229	1	0.1935484
203	0	0.7.6.338461	0	0.003940011
203	0	0.7.6.338659	1	0.1122661
203	0	0.7.6.338933	1	0.1121764
203	0	0.7.6.339032	0	0.003940011
203	0	0.7.6.339173	0	0.003940011
203	0	0.7.6.339343	0	0.09699321
203	0	0.7.6.339459	1	0.2197802
203	0	0.7.6.339463	0	0.09699321
203	0	0.7.6.339474	1	0.1122661
203	0	0.7.6.339485	0	0.003940011
203	0	0.7.6.339558	1	0.1121764
203	0	0.7.6.339572	0	0.003940011
203	0	0.7.6.339692	0	0.09699321
203	0	0.7.6.339710	0	0.09699321
203	0	0.7.6.339772	0	0.003940011
203	0	0.7.6.3398	0	0.003940011
203	0	0.7.6.339877	1	0.1121764
203	0	0.7.6.339984	1	0.2197802
203	0	0.7.6.340042	0	0.003940011
203	0	0.7.6.340061	1	0.1121764
203	0	0.7.6.340097	0	0.003940011
203	0	0.7.6.340555	0	0.003940011
203	0	0.7.6.340682	0	0.09699321
203	0	0.7.6.340959	0	0.003940011
203	0	0.7.6.341410	0	0.09699321
203	0	0.7.6.341548	0	0.003940011
203	0	0.7.6.341726	0	0.003940011
203	0	0.7.6.341948	0	0.09699321
203	0	0.7.6.342019	0	0.003940011
203	0	0.7.6.34202	0	0.003940011
203	0	0.7.6.342306	0	0.003940011
203	0	0.7.6.342883	0	0.003940011
203	0	0.7.6.343302	0	0.003940011
203	0	0.7.6.343326	0	0.09699321
203	0	0.7.6.343998	0	0.003940011
203	0	0.7.6.344159	0	0.003940011
203	0	0.7.6.344426	0	0.003940011
203	0	0.7.6.344750	0	0.003940011
203	0	0.7.6.344781	0	0.003940011
203	0	0.7.6.344881	0	0.003940011
203	0	0.7.6.345034	0	0.003940011
203	0	0.7.6.345230	0	0.003940011
203	0	0.7.6.345277	0	0.003940011
203	0	0.7.6.346421	0	0.003940011
203	0	0.7.6.346451	0	0.003940011
203	0	0.7.6.347543	0	0.003940011
203	0	0.7.6.348131	0	0.003940011
203	0	0.7.6.348243	0	0.003940011
203	0	0.7.6.348300	0	0.003940011
203	0	0.7.6.348854	0	0.003940011
203	0	0.7.6.349203	0	0.003940011
203	0	0.7.6.349288	0	0.003940011
203	0	0.7.6.349544	0	0.003940011
203	0	0.7.6.349616	0	0.09699321
203	0	0.7.6.350155	0	0.003940011
203	0	0.7.6.350443	0	0.003940011
203	0	0.7.6.350499	0	0.003940011
203	0	0.7.6.350944	0	0.003940011
203	0	0.7.6.351252	0	0.003940011
203	0	0.7.6.351630	0	0.003940011
203	0	0.7.6.351762	0	0.003940011
203	0	0.7.6.352115	0	0.09699321
203	0	0.7.6.352865	0	0.003940011
203	0	0.7.6.352885	1	0.09699321
203	0	0.7.6.353319	0	0.003940011
203	0	0.7.6.353723	0	0.003940011
203	0	0.7.6.353860	0	0.003940011
203	0	0.7.6.354001	0	0.003940011
203	0	0.7.6.354018	0	0.003940011
203	0	0.7.6.354033	0	0.003940011
203	0	0.7.6.354159	1	0.1935484
203	0	0.7.6.354228	0	0.003940011
203	0	0.7.6.354532	0	0.003940011
203	0	0.7.6.354966	0	0.003940011
203	0	0.7.6.355103	0	0.003940011
203	0	0.7.6.355273	0	0.003940011
203	0	0.7.6.355953	0	0.003940011
203	0	0.7.6.356164	0	0.003940011
203	0	0.7.6.35704	0	0.003940011
203	0	0.7.6.357108	0	0.09699321
203	0	0.7.6.357657	0	0.003940011
203	0	0.7.6.357824	0	0.003940011
203	0	0.7.6.357832	0	0.003940011
203	0	0.7.6.357849	0	0.003940011
203	0	0.7.6.358085	0	0.003940011
203	0	0.7.6.358153	0	0.003940011
203	0	0.7.6.358162	0	0.003940011
203	0	0.7.6.358677	0	0.003940011
203	0	0.7.6.358850	0	0.09699321
203	0	0.7.6.359289	0	0.003940011
203	0	0.7.6.359608	0	0.003940011
203	0	0.7.6.359884	0	0.09699321
203	0	0.7.6.360325	0	0.003940011
203	0	0.7.6.360548	0	0.003940011
203	0	0.7.6.360586	0	0.003940011
203	0	0.7.6.360725	0	0.003940011
203	0	0.7.6.360993	0	0.1121764
203	0	0.7.6.361113	0	0.003940011
203	0	0.7.6.361541	0	0.003940011
203	0	0.7.6.362126	0	0.003940011
203	0	0.7.6.363738	0	0.003940011
203	0	0.7.6.364017	0	0.003940011
203	0	0.7.6.364157	0	0.003940011
203	0	0.7.6.364380	0	0.003940011
203	0	0.7.6.364598	0	0.003940011
203	0	0.7.6.364601	0	0.003940011
203	0	0.7.6.364821	0	0.003940011
203	0	0.7.6.364950	-1	0.003940011
203	0	0.7.6.365031	-1	0.003940011
203	0	0.7.6.365158	-1	0.003940011
203	0	0.7.6.365387	-1	0.003940011
203	0	0.7.6.3654	0	0.003940011
203	0	0.7.6.365654	0	0.003940011
203	0	0.7.6.365892	0	0.003940011
203	0	0.7.6.366004	0	0.003940011
203	0	0.7.6.366030	0	0.003940011
203	0	0.7.6.366128	0	0.003940011
203	0	0.7.6.366639	0	0.1121764
203	0	0.7.6.366914	0	0.003940011
203	0	0.7.6.366930	0	0.003940011
203	0	0.7.6.367506	0	0.003940011
203	0	0.7.6.368526	0	0.09699321
203	0	0.7.6.368680	0	0.09699321
203	0	0.7.6.369159	0	0.003940011
203	0	0.7.6.370067	0	0.09699321
203	0	0.7.6.371591	0	0.003940011
203	0	0.7.6.371603	0	0.003940011
203	0	0.7.6.371809	0	0.003940011
203	0	0.7.6.371952	0	0.003940011
203	0	0.7.6.37224	0	0.003940011
203	0	0.7.6.372839	-1	0.003940011
203	0	0.7.6.373465	0	0.003940011
203	0	0.7.6.374194	0	0.003940011
203	0	0.7.6.375351	0	0.003940011
203	0	0.7.6.375390	0	0.003940011
203	0	0.7.6.375652	0	0.1122661
203	0	0.7.6.375777	0	0.003940011
203	0	0.7.6.376229	1	0.1121764
203	0	0.7.6.376640	0	0.003940011
203	0	0.7.6.38163	0	0.003940011
203	0	0.7.6.38562	0	0.003940011
203	0	0.7.6.38623	1	0.1122661
203	0	0.7.6.387569	1	0.09699321
203	0	0.7.6.388025	1	0.1122661
203	0	0.7.6.388153	0	0.09699321
203	0	0.7.6.388205	0	0.09699321
203	0	0.7.6.388300	0	0.09699321
203	0	0.7.6.388389	0	0.003940011
203	0	0.7.6.388489	0	0.003940011
203	0	0.7.6.388676	0	0.003940011
203	0	0.7.6.388741	0	0.003940011
203	0	0.7.6.389017	0	0.09699321
203	0	0.7.6.389580	0	0.1122661
203	0	0.7.6.389608	0	0.003940011
203	0	0.7.6.390127	0	0.003940011
203	0	0.7.6.390786	0	0.003940011
203	0	0.7.6.391493	0	0.003940011
203	0	0.7.6.391668	0	0.09699321
203	0	0.7.6.391725	1	0.1121764
203	0	0.7.6.391748	1	0.1121764
203	0	0.7.6.391754	0	0.003940011
203	0	0.7.6.391886	1	0.1122661
203	0	0.7.6.391904	0	0.003940011
203	0	0.7.6.392015	1	0.1122661
203	0	0.7.6.392081	0	0.003940011
203	0	0.7.6.392213	0	0.1121764
203	0	0.7.6.392871	0	0.003940011
203	0	0.7.6.393135	0	0.003940011
203	0	0.7.6.393608	0	0.003940011
203	0	0.7.6.393959	0	0.003940011
203	0	0.7.6.394417	0	0.09699321
203	0	0.7.6.394456	0	0.003940011
203	0	0.7.6.394506	0	0.003940011
203	0	0.7.6.394817	0	0.003940011
203	0	0.7.6.397910	0	0.003940011
203	0	0.7.6.398257	0	0.09699321
203	0	0.7.6.398265	0	0.003940011
203	0	0.7.6.398351	0	0.003940011
203	0	0.7.6.399067	0	0.09699321
203	0	0.7.6.399077	0	0.09699321
203	0	0.7.6.400219	0	0.003940011
203	0	0.7.6.405223	0	0.003940011
203	0	0.7.6.405586	0	0.003940011
203	0	0.7.6.406087	0	0.003940011
203	0	0.7.6.406587	0	0.003940011
203	0	0.7.6.408569	0	0.003940011
203	0	0.7.6.409017	0	0.003940011
203	0	0.7.6.410135	0	0.003940011
203	0	0.7.6.412415	0	0.003940011
203	0	0.7.6.412652	0	0.003940011
203	0	0.7.6.414039	0	0.003940011
203	0	0.7.6.415195	0	0.003940011
203	0	0.7.6.415385	0	0.003940011
203	0	0.7.6.415482	0	0.003940011
203	0	0.7.6.415586	0	0.003940011
203	0	0.7.6.416933	-1	0.09699321
203	0	0.7.6.417091	-1	0.09699321
203	0	0.7.6.417290	0	0.003940011
203	0	0.7.6.417767	0	0.09699321
203	0	0.7.6.417948	0	0.003940011
203	0	0.7.6.418068	0	0.003940011
203	0	0.7.6.418792	0	0.003940011
203	0	0.7.6.418997	0	0.003940011
203	0	0.7.6.419215	0	0.003940011
203	0	0.7.6.419325	0	0.003940011
203	0	0.7.6.419365	0	0.003940011
203	0	0.7.6.419480	0	0.003940011
203	0	0.7.6.420125	0	0.003940011
203	0	0.7.6.420898	0	0.003940011
203	0	0.7.6.420901	0	0.003940011
203	0	0.7.6.429213	0	0.003940011
203	0	0.7.6.429370	-1	0.003940011
203	0	0.7.6.429546	0	0.003940011
203	0	0.7.6.429831	0	0.003940011
203	0	0.7.6.430666	0	0.003940011
203	0	0.7.6.431159	0	0.003940011
203	0	0.7.6.431295	0	0.003940011
203	0	0.7.6.431328	0	0.003940011
203	0	0.7.6.431621	0	0.003940011
203	0	0.7.6.432279	0	0.09699321
203	0	0.7.6.433361	0	0.003940011
203	0	0.7.6.433584	0	0.003940011
203	0	0.7.6.433610	0	0.003940011
203	0	0.7.6.433618	0	0.003940011
203	0	0.7.6.433628	0	0.09699321
203	0	0.7.6.433953	0	0.003940011
203	0	0.7.6.434764	0	0.003940011
203	0	0.7.6.437841	0	0.003940011
203	0	0.7.6.438318	0	0.003940011
203	0	0.7.6.438548	0	0.003940011
203	0	0.7.6.438607	0	0.003940011
203	0	0.7.6.438892	0	0.09699321
203	0	0.7.6.439115	0	0.003940011
203	0	0.7.6.439669	0	0.003940011
203	0	0.7.6.440355	0	0.003940011
203	0	0.7.6.440637	0	0.003940011
203	0	0.7.6.440809	0	0.003940011
203	0	0.7.6.440943	0	0.003940011
203	0	0.7.6.441080	0	0.003940011
203	0	0.7.6.441124	0	0.003940011
203	0	0.7.6.441227	0	0.003940011
203	0	0.7.6.442849	0	0.09699321
203	0	0.7.6.443084	0	0.003940011
203	0	0.7.6.445710	0	0.003940011
203	0	0.7.6.446216	0	0.003940011
203	0	0.7.6.446304	0	0.003940011
203	0	0.7.6.446762	0	0.003940011
203	0	0.7.6.447379	0	0.09699321
203	0	0.7.6.447395	0	0.09699321
203	0	0.7.6.449054	0	0.003940011
203	0	0.7.6.450852	0	0.003940011
203	0	0.7.6.450923	0	0.003940011
203	0	0.7.6.453129	0	0.003940011
203	0	0.7.6.453652	-1	0.003940011
203	0	0.7.6.453868	-1	0.1121764
203	0	0.7.6.454568	0	0.003940011
203	0	0.7.6.455438	0	0.09699321
203	0	0.7.6.456621	0	0.003940011
203	0	0.7.6.456758	0	0.003940011
203	0	0.7.6.457386	0	0.003940011
203	0	0.7.6.458382	0	0.003940011
203	0	0.7.6.458434	1	0.1935484
203	0	0.7.6.458437	1	0.1935484
203	0	0.7.6.458440	1	0.1935484
203	0	0.7.6.459375	0	0.003940011
203	0	0.7.6.460839	0	0.09699321
203	0	0.7.6.462672	0	0.09699321
203	0	0.7.6.463669	0	0.003940011
203	0	0.7.6.464083	0	0.003940011
203	0	0.7.6.464854	0	0.09699321
203	0	0.7.6.465330	0	0.003940011
203	0	0.7.6.465687	0	0.09699321
203	0	0.7.6.466107	0	0.003940011
203	0	0.7.6.466580	0	0.09699321
203	0	0.7.6.467269	0	0.003940011
203	0	0.7.6.467360	0	0.003940011
203	0	0.7.6.467641	0	0.003940011
203	0	0.7.6.467780	0	0.003940011
203	0	0.7.6.468221	0	0.003940011
203	0	0.7.6.468499	0	0.003940011
203	0	0.7.6.469313	0	0.003940011
203	0	0.7.6.469669	0	0.003940011
203	0	0.7.6.480282	0	0.09699321
203	0	0.7.6.480294	0	0.09699321
203	0	0.7.6.480324	0	0.003940011
203	0	0.7.6.480653	0	0.003940011
203	0	0.7.6.480710	0	0.003940011
203	0	0.7.6.481844	0	0.003940011
203	0	0.7.6.481998	0	0.003940011
203	0	0.7.6.482651	0	0.003940011
203	0	0.7.6.482665	0	0.003940011
203	0	0.7.6.483100	0	0.003940011
203	0	0.7.6.483587	0	0.09699321
203	0	0.7.6.483669	0	0.003940011
203	0	0.7.6.483913	0	0.003940011
203	0	0.7.6.484074	1	0.2197802
203	0	0.7.6.484404	0	0.09699321
203	0	0.7.6.484569	0	0.003940011
203	0	0.7.6.484684	0	0.1122661
203	0	0.7.6.485302	0	0.09699321
203	0	0.7.6.485320	1	0.25
203	0	0.7.6.485370	1	0.1122661
203	0	0.7.6.485379	1	0.1122661
203	0	0.7.6.485412	1	0.1122661
203	0	0.7.6.485519	0	0.09699321
203	0	0.7.6.485584	0	0.09699321
203	0	0.7.6.485814	1	0.2197802
203	0	0.7.6.486095	0	0.003940011
203	0	0.7.6.486313	0	0.003940011
203	0	0.7.6.486846	0	0.003940011
203	0	0.7.6.486999	0	0.1122661
203	0	0.7.6.487031	0	0.003940011
203	0	0.7.6.487035	0	0.09699321
203	0	0.7.6.487196	0	0.09699321
203	0	0.7.6.487754	0	0.003940011
203	0	0.7.6.490256	0	0.003940011
203	0	0.7.6.490679	-1	0.003940011
203	0	0.7.6.491011	-1	0.09699321
203	0	0.7.6.491081	-1	0.003940011
203	0	0.7.6.491139	-1	0.09699321
203	0	0.7.6.491319	-1	0.1122661
203	0	0.7.6.492039	0	0.09699321
203	0	0.7.6.492064	0	0.003940011
203	0	0.7.6.492304	0	0.003940011
203	0	0.7.6.492473	0	0.003940011
203	0	0.7.6.493813	0	0.09699321
203	0	0.7.6.494421	0	0.003940011
203	0	0.7.6.494666	0	0.003940011
203	0	0.7.6.494674	0	0.09699321
203	0	0.7.6.494927	0	0.09699321
203	0	0.7.6.495241	1	0.1122661
203	0	0.7.6.495475	0	0.003940011
203	0	0.7.6.495505	0	0.003940011
203	0	0.7.6.495963	0	0.09699321
203	0	0.7.6.496853	0	0.003940011
203	0	0.7.6.497036	0	0.003940011
203	0	0.7.6.497370	0	0.003940011
203	0	0.7.6.497772	0	0.003940011
203	0	0.7.6.498438	0	0.003940011
203	0	0.7.6.498996	0	0.003940011
203	0	0.7.6.499657	0	0.09699321
203	0	0.7.6.499719	0	0.003940011
203	0	0.7.6.500645	0	0.003940011
203	0	0.7.6.501537	0	0.003940011
203	0	0.7.6.502289	0	0.003940011
203	0	0.7.6.502786	1	0.1122661
203	0	0.7.6.502851	0	0.09699321
203	0	0.7.6.502965	0	0.003940011
203	0	0.7.6.503190	0	0.003940011
203	0	0.7.6.503336	0	0.003940011
203	0	0.7.6.503789	0	0.003940011
203	0	0.7.6.504212	0	0.003940011
203	0	0.7.6.504817	0	0.003940011
203	0	0.7.6.505245	0	0.003940011
203	0	0.7.6.505604	0	0.003940011
203	0	0.7.6.505912	0	0.003940011
203	0	0.7.6.506181	0	0.003940011
203	0	0.7.6.506318	0	0.003940011
203	0	0.7.6.506832	0	0.003940011
203	0	0.7.6.507115	0	0.003940011
203	0	0.7.6.507320	0	0.003940011
203	0	0.7.6.507586	0	0.003940011
203	0	0.7.6.507640	0	0.003940011
203	0	0.7.6.507769	0	0.003940011
203	0	0.7.6.507824	0	0.003940011
203	0	0.7.6.507855	0	0.09699321
203	0	0.7.6.507898	0	0.003940011
203	0	0.7.6.507957	0	0.003940011
203	0	0.7.6.508024	0	0.003940011
203	0	0.7.6.508600	0	0.003940011
203	0	0.7.6.508931	0	0.003940011
203	0	0.7.6.509516	0	0.003940011
203	0	0.7.6.514374	0	0.003940011
203	0	0.7.6.514579	0	0.003940011
203	0	0.7.6.515748	0	0.003940011
203	0	0.7.6.516747	0	0.003940011
203	0	0.7.6.517278	0	0.003940011
203	0	0.7.6.518957	-1	0.003940011
203	0	0.7.6.519880	-1	0.003940011
203	0	0.7.6.520108	0	0.003940011
203	0	0.7.6.520261	0	0.003940011
203	0	0.7.6.520291	0	0.003940011
203	0	0.7.6.520876	0	0.003940011
203	0	0.7.6.521437	0	0.003940011
203	0	0.7.6.522026	0	0.003940011
203	0	0.7.6.522099	0	0.09699321
203	0	0.7.6.522765	0	0.09699321
203	0	0.7.6.523372	0	0.003940011
203	0	0.7.6.523441	0	0.003940011
203	0	0.7.6.524044	1	0.1121764
203	0	0.7.6.524358	0	0.003940011
203	0	0.7.6.525680	0	0.003940011
203	0	0.7.6.525807	0	0.003940011
203	0	0.7.6.525843	0	0.09699321
203	0	0.7.6.527117	0	0.003940011
203	0	0.7.6.527935	0	0.09699321
203	0	0.7.6.528004	0	0.09699321
203	0	0.7.6.528015	0	0.003940011
203	0	0.7.6.528200	0	0.003940011
203	0	0.7.6.528221	0	0.09699321
203	0	0.7.6.528223	0	0.003940011
203	0	0.7.6.528705	0	0.003940011
203	0	0.7.6.529267	0	0.003940011
203	0	0.7.6.529653	0	0.09699321
203	0	0.7.6.529655	0	0.003940011
203	0	0.7.6.529748	0	0.003940011
203	0	0.7.6.531235	0	0.003940011
203	0	0.7.6.531581	0	0.003940011
203	0	0.7.6.531891	0	0.003940011
203	0	0.7.6.532301	0	0.003940011
203	0	0.7.6.532512	0	0.003940011
203	0	0.7.6.532553	0	0.003940011
203	0	0.7.6.5328	0	0.09699321
203	0	0.7.6.533027	0	0.003940011
203	0	0.7.6.533323	0	0.003940011
203	0	0.7.6.533773	0	0.003940011
203	0	0.7.6.534559	0	0.003940011
203	0	0.7.6.534917	0	0.003940011
203	0	0.7.6.534931	0	0.003940011
203	0	0.7.6.536218	0	0.003940011
203	0	0.7.6.536317	0	0.003940011
203	0	0.7.6.537526	0	0.09699321
203	0	0.7.6.537713	0	0.003940011
203	0	0.7.6.538918	0	0.003940011
203	0	0.7.6.539528	0	0.003940011
203	0	0.7.6.540846	0	0.003940011
203	0	0.7.6.541609	0	0.003940011
203	0	0.7.6.545083	0	0.003940011
203	0	0.7.6.547455	0	0.003940011
203	0	0.7.6.547732	0	0.003940011
203	0	0.7.6.549521	0	0.003940011
203	0	0.7.6.550404	0	0.003940011
203	0	0.7.6.550563	0	0.003940011
203	0	0.7.6.551518	0	0.003940011
203	0	0.7.6.551699	0	0.003940011
203	0	0.7.6.551863	0	0.003940011
203	0	0.7.6.551979	0	0.003940011
203	0	0.7.6.552829	0	0.003940011
203	0	0.7.6.553146	0	0.003940011
203	0	0.7.6.553148	0	0.003940011
203	0	0.7.6.553912	0	0.003940011
203	0	0.7.6.554075	0	0.003940011
203	0	0.7.6.555356	0	0.003940011
203	0	0.7.6.555780	0	0.003940011
203	0	0.7.6.556155	0	0.003940011
203	0	0.7.6.556412	0	0.003940011
203	0	0.7.6.557900	0	0.09699321
203	0	0.7.6.558063	0	0.003940011
203	0	0.7.6.558646	0	0.09699321
203	0	0.7.6.558918	0	0.003940011
203	0	0.7.6.559401	-1	0.003940011
203	0	0.7.6.559895	-1	0.003940011
203	0	0.7.6.562120	-1	0.09699321
203	0	0.7.6.563237	-1	0.09699321
203	0	0.7.6.564962	0	0.09699321
203	0	0.7.6.565006	0	0.003940011
203	0	0.7.6.565099	0	0.003940011
203	0	0.7.6.565195	0	0.09699321
203	0	0.7.6.565279	0	0.003940011
203	0	0.7.6.567214	0	0.09699321
203	0	0.7.6.567295	0	0.003940011
203	0	0.7.6.569213	0	0.003940011
203	0	0.7.6.573117	0	0.003940011
203	0	0.7.6.575478	0	0.003940011
203	0	0.7.6.576129	0	0.003940011
203	0	0.7.6.576801	0	0.3
203	0	0.7.6.577264	0	0.003940011
203	0	0.7.6.580021	0	0.003940011
203	0	0.7.6.580788	0	0.09699321
203	0	0.7.6.581572	0	0.003940011
203	0	0.7.6.583790	1	0.25
203	0	0.7.6.584179	0	0.09699321
203	0	0.7.6.584619	0	0.003940011
203	0	0.7.6.585264	0	0.09699321
203	0	0.7.6.586677	0	0.003940011
203	0	0.7.6.589131	0	0.003940011
203	0	0.7.6.590398	0	0.003940011
203	0	0.7.6.591349	1	0.2586207
203	0	0.7.6.592312	0	0.003940011
203	0	0.7.6.596303	0	0.003940011
203	0	0.7.6.599530	0	0.003940011
203	0	0.7.6.600268	0	0.09699321
203	0	0.7.6.601301	0	0.09699321
203	0	0.7.6.602752	0	0.003940011
203	0	0.7.6.602785	0	0.2608696
203	0	0.7.6.602876	0	0.2608696
203	0	0.7.6.60394	0	0.003940011
203	0	0.7.6.604703	0	0.09699321
203	0	0.7.6.605442	0	0.003940011
203	0	0.7.6.605743	0	0.003940011
203	0	0.7.6.60592	0	0.09699321
203	0	0.7.6.605962	0	0.003940011
203	0	0.7.6.607186	0	0.003940011
203	0	0.7.6.60840	0	0.003940011
203	0	0.7.6.610778	0	0.09699321
203	0	0.7.6.61109	0	0.09699321
203	0	0.7.6.611967	0	0.09699321
203	0	0.7.6.61211	0	0.003940011
203	0	0.7.6.612326	0	0.09699321
203	0	0.7.6.612529	0	0.09699321
203	0	0.7.6.613478	0	0.09699321
203	0	0.7.6.613700	0	0.09699321
203	0	0.7.6.614122	0	0.1122661
203	0	0.7.6.614385	0	0.003940011
203	0	0.7.6.615073	0	0.003940011
203	0	0.7.6.615315	0	0.1122661
203	0	0.7.6.6162	-1	0.09699321
203	0	0.7.6.617320	0	0.09699321
203	0	0.7.6.6174	0	0.003940011
203	0	0.7.6.61811	0	0.09699321
203	0	0.7.6.61886	0	0.003940011
203	0	0.7.6.61891	0	0.09699321
203	0	0.7.6.61902	0	0.003940011
203	0	0.7.6.619147	0	0.003940011
203	0	0.7.6.619379	1	0.2307692
203	0	0.7.6.619438	1	0.4285714
203	0	0.7.6.619787	1	0.1935484
203	0	0.7.6.62021	0	0.09699321
203	0	0.7.6.62144	0	0.003940011
203	0	0.7.6.621599	0	0.09699321
203	0	0.7.6.621981	0	0.09699321
203	0	0.7.6.623456	0	0.3
203	0	0.7.6.623630	0	0.003940011
203	0	0.7.6.624587	0	0.09699321
203	0	0.7.6.624633	0	0.09699321
203	0	0.7.6.624705	0	0.09699321
203	0	0.7.6.624790	0	0.2608696
203	0	0.7.6.625655	-1	0.25
203	0	0.7.6.626528	0	0.09699321
203	0	0.7.6.626690	0	0.09699321
203	0	0.7.6.626702	1	0.2608696
203	0	0.7.6.62692	0	0.003940011
203	0	0.7.6.627802	1	0.1935484
203	0	0.7.6.62813	0	0.003940011
203	0	0.7.6.62816	0	0.003940011
203	0	0.7.6.628252	1	1
203	0	0.7.6.628289	0	0.003940011
203	0	0.7.6.628291	0	0.003940011
203	0	0.7.6.628708	1	0.2197802
203	0	0.7.6.62873	0	0.003940011
203	0	0.7.6.628977	0	0.1122661
203	0	0.7.6.629030	1	0.2307692
203	0	0.7.6.629038	1	0.2631579
203	0	0.7.6.629078	1	0.1121764
203	0	0.7.6.629110	1	0.1122661
203	0	0.7.6.629143	0	0.003940011
203	0	0.7.6.629286	0	0.003940011
203	0	0.7.6.629348	0	0.003940011
203	0	0.7.6.629840	0	0.003940011
203	0	0.7.6.629844	1	0.25
203	0	0.7.6.629846	1	0.1935484
203	0	0.7.6.629852	1	0.25
203	0	0.7.6.62994	0	0.003940011
203	0	0.7.6.630109	1	0.1122661
203	0	0.7.6.630200	1	0.1121764
203	0	0.7.6.630205	1	0.1121764
203	0	0.7.6.630289	1	0.1121764
203	0	0.7.6.630529	1	0.1122661
203	0	0.7.6.630539	0	1
203	0	0.7.6.630551	1	1
203	0	0.7.6.630583	1	0.1122661
203	0	0.7.6.630622	0	0.1121764
203	0	0.7.6.630823	1	0.1121764
203	0	0.7.6.630837	0	0.003940011
203	0	0.7.6.630843	0	0.1121764
203	0	0.7.6.630928	1	0.1121764
203	0	0.7.6.630992	0	0.1121764
203	0	0.7.6.63513	0	0.003940011
203	0	0.7.6.63804	0	0.003940011
203	0	0.7.6.63868	0	0.003940011
203	0	0.7.6.64119	0	0.003940011
203	0	0.7.6.64941	0	0.003940011
203	0	0.7.6.65050	0	0.003940011
203	0	0.7.6.66389	0	0.003940011
203	0	0.7.6.663914	0	0.003940011
203	0	0.7.6.664722	0	0.003940011
203	0	0.7.6.665200	0	0.003940011
203	0	0.7.6.665433	0	0.003940011
203	0	0.7.6.665462	0	0.003940011
203	0	0.7.6.665529	0	0.003940011
203	0	0.7.6.665608	0	0.003940011
203	0	0.7.6.665984	0	0.003940011
203	0	0.7.6.666387	0	0.003940011
203	0	0.7.6.666705	0	0.003940011
203	0	0.7.6.666978	0	0.003940011
203	0	0.7.6.66861	0	0.003940011
203	0	0.7.6.668630	0	0.09699321
203	0	0.7.6.668821	0	0.003940011
203	0	0.7.6.668852	0	0.003940011
203	0	0.7.6.669099	0	0.003940011
203	0	0.7.6.669218	0	0.003940011
203	0	0.7.6.67006	0	0.003940011
203	0	0.7.6.670528	0	0.2586207
203	0	0.7.6.670541	1	0.2586207
203	0	0.7.6.670542	1	0.2586207
203	0	0.7.6.670578	0	0.09699321
203	0	0.7.6.670938	0	0.003940011
203	0	0.7.6.671180	0	0.003940011
203	0	0.7.6.671257	0	0.003940011
203	0	0.7.6.671907	0	0.09699321
203	0	0.7.6.672313	0	0.003940011
203	0	0.7.6.672714	0	0.09699321
203	0	0.7.6.672755	0	0.09699321
203	0	0.7.6.672859	0	0.003940011
203	0	0.7.6.673185	-1	0.003940011
203	0	0.7.6.673246	-1	0.003940011
203	0	0.7.6.673715	-1	0.09699321
203	0	0.7.6.674182	-1	0.003940011
203	0	0.7.6.674278	-1	0.09699321
203	0	0.7.6.674300	-1	0.09699321
203	0	0.7.6.674389	-1	0.003940011
203	0	0.7.6.674426	-1	0.003940011
203	0	0.7.6.675214	-1	0.09699321
203	0	0.7.6.67529	0	0.1121764
203	0	0.7.6.675326	1	0.09699321
203	0	0.7.6.675653	0	0.09699321
203	0	0.7.6.675663	0	0.09699321
203	0	0.7.6.675737	0	0.09699321
203	0	0.7.6.675878	0	0.09699321
203	0	0.7.6.675886	0	0.09699321
203	0	0.7.6.676697	-1	0.09699321
203	0	0.7.6.676703	0	0.09699321
203	0	0.7.6.676789	0	0.09699321
203	0	0.7.6.676821	0	0.003940011
203	0	0.7.6.67691	0	0.003940011
203	0	0.7.6.676973	0	0.003940011
203	0	0.7.6.67762	0	0.003940011
203	0	0.7.6.677941	0	0.003940011
203	0	0.7.6.677967	0	0.003940011
203	0	0.7.6.678451	0	0.003940011
203	0	0.7.6.678584	0	0.09699321
203	0	0.7.6.679650	0	0.09699321
203	0	0.7.6.679674	0	0.09699321
203	0	0.7.6.680477	0	0.003940011
203	0	0.7.6.680713	0	0.003940011
203	0	0.7.6.68079	0	0.09699321
203	0	0.7.6.68154	0	0.09699321
203	0	0.7.6.681583	0	0.09699321
203	0	0.7.6.681884	0	0.003940011
203	0	0.7.6.684047	0	0.003940011
203	0	0.7.6.684221	0	0.09699321
203	0	0.7.6.684346	0	0.09699321
203	0	0.7.6.684792	0	0.003940011
203	0	0.7.6.687317	0	0.09699321
203	0	0.7.6.68844	1	0.1122661
203	0	0.7.6.68870	0	0.003940011
203	0	0.7.6.689189	0	0.003940011
203	0	0.7.6.689651	0	0.09699321
203	0	0.7.6.68972	1	0.1122661
203	0	0.7.6.68983	0	0.003940011
203	0	0.7.6.689887	0	0.003940011
203	0	0.7.6.68998	0	0.003940011
203	0	0.7.6.69026	0	0.003940011
203	0	0.7.6.69222	0	0.003940011
203	0	0.7.6.692969	0	0.09699321
203	0	0.7.6.693007	0	0.09699321
203	0	0.7.6.693102	0	0.003940011
203	0	0.7.6.693112	0	0.003940011
203	0	0.7.6.693244	0	0.09699321
203	0	0.7.6.693709	0	0.09699321
203	0	0.7.6.69383	0	0.09699321
203	0	0.7.6.695095	0	0.09699321
203	0	0.7.6.695148	0	0.003940011
203	0	0.7.6.695259	0	0.003940011
203	0	0.7.6.695276	0	0.2197802
203	0	0.7.6.695437	0	0.09699321
203	0	0.7.6.695495	0	0.09699321
203	0	0.7.6.695518	0	0.09699321
203	0	0.7.6.695524	0	0.003940011
203	0	0.7.6.695869	1	0.2197802
203	0	0.7.6.69601	0	0.003940011
203	0	0.7.6.696815	0	0.09699321
203	0	0.7.6.697186	0	0.09699321
203	0	0.7.6.697303	1	0.1935484
203	0	0.7.6.697333	0	0.09699321
203	0	0.7.6.69798	0	0.003940011
203	0	0.7.6.69806	0	0.003940011
203	0	0.7.6.698098	0	0.003940011
203	0	0.7.6.699367	0	0.09699321
203	0	0.7.6.699486	0	0.09699321
203	0	0.7.6.699559	0	0.09699321
203	0	0.7.6.700284	0	0.09699321
203	0	0.7.6.700465	0	0.09699321
203	0	0.7.6.700581	0	0.003940011
203	0	0.7.6.700719	0	0.003940011
203	0	0.7.6.701187	0	0.09699321
203	0	0.7.6.70141	0	0.003940011
203	0	0.7.6.7027	0	0.003940011
203	0	0.7.6.702843	0	0.09699321
203	0	0.7.6.70295	0	0.003940011
203	0	0.7.6.702975	0	0.003940011
203	0	0.7.6.703055	0	0.003940011
203	0	0.7.6.703247	0	0.003940011
203	0	0.7.6.703479	0	0.003940011
203	0	0.7.6.703701	0	0.003940011
203	0	0.7.6.704270	0	0.003940011
203	0	0.7.6.704365	0	0.003940011
203	0	0.7.6.704431	0	0.003940011
203	0	0.7.6.704601	0	0.003940011
203	0	0.7.6.704793	0	0.003940011
203	0	0.7.6.705179	0	0.003940011
203	0	0.7.6.70558	0	0.09699321
203	0	0.7.6.705625	0	0.09699321
203	0	0.7.6.705647	0	0.1122661
203	0	0.7.6.70570	0	0.003940011
203	0	0.7.6.705738	0	0.003940011
203	0	0.7.6.70593	0	0.003940011
203	0	0.7.6.706232	0	0.003940011
203	0	0.7.6.706804	-1	0.09699321
203	0	0.7.6.706919	0	0.003940011
203	0	0.7.6.707205	0	0.003940011
203	0	0.7.6.707620	0	0.003940011
203	0	0.7.6.707665	0	0.09699321
203	0	0.7.6.707734	0	0.003940011
203	0	0.7.6.707810	0	0.003940011
203	0	0.7.6.707925	0	0.003940011
203	0	0.7.6.708459	0	0.003940011
203	0	0.7.6.708614	0	0.003940011
203	0	0.7.6.708871	0	0.09699321
203	0	0.7.6.709245	0	0.003940011
203	0	0.7.6.709517	0	0.003940011
203	0	0.7.6.709522	0	0.09699321
203	0	0.7.6.709591	0	0.09699321
203	0	0.7.6.710019	0	0.003940011
203	0	0.7.6.71053	0	0.09699321
203	0	0.7.6.711241	0	0.09699321
203	0	0.7.6.711330	0	0.09699321
203	0	0.7.6.711514	0	0.003940011
203	0	0.7.6.71172	0	0.09699321
203	0	0.7.6.712240	0	0.09699321
203	0	0.7.6.712353	0	0.09699321
203	0	0.7.6.712919	0	0.09699321
203	0	0.7.6.713056	0	0.003940011
203	0	0.7.6.71386	0	0.003940011
203	0	0.7.6.716422	0	0.003940011
203	0	0.7.6.717493	0	0.09699321
203	0	0.7.6.721415	-1	0.003940011
203	0	0.7.6.721695	0	0.003940011
203	0	0.7.6.721829	0	0.003940011
203	0	0.7.6.722255	0	0.003940011
203	0	0.7.6.722630	0	0.09699321
203	0	0.7.6.722838	0	0.003940011
203	0	0.7.6.725092	-1	0.003940011
203	0	0.7.6.725986	0	0.003940011
203	0	0.7.6.726327	0	0.003940011
203	0	0.7.6.72805	0	0.003940011
203	0	0.7.6.729139	0	0.09699321
203	0	0.7.6.730777	0	0.003940011
203	0	0.7.6.73099	0	0.003940011
203	0	0.7.6.731770	0	0.003940011
203	0	0.7.6.731900	0	0.003940011
203	0	0.7.6.732232	0	0.003940011
203	0	0.7.6.734290	0	0.003940011
203	0	0.7.6.734381	0	0.003940011
203	0	0.7.6.734869	1	0.2197802
203	0	0.7.6.734923	0	0.003940011
203	0	0.7.6.735155	0	0.003940011
203	0	0.7.6.735289	0	0.003940011
203	0	0.7.6.736371	0	0.003940011
203	0	0.7.6.736517	0	0.003940011
203	0	0.7.6.736970	0	0.003940011
203	0	0.7.6.738353	0	0.003940011
203	0	0.7.6.738454	0	0.003940011
203	0	0.7.6.741496	0	0.003940011
203	0	0.7.6.743828	0	0.003940011
203	0	0.7.6.744106	0	0.003940011
203	0	0.7.6.744298	0	0.003940011
203	0	0.7.6.744403	0	0.003940011
203	0	0.7.6.744456	0	0.003940011
203	0	0.7.6.744909	0	0.003940011
203	0	0.7.6.745691	0	0.003940011
203	0	0.7.6.745893	0	0.003940011
203	0	0.7.6.746053	0	0.003940011
203	0	0.7.6.746417	0	0.09699321
203	0	0.7.6.746578	0	0.003940011
203	0	0.7.6.747121	0	0.003940011
203	0	0.7.6.747358	0	0.09699321
203	0	0.7.6.747642	0	0.003940011
203	0	0.7.6.747657	0	0.09699321
203	0	0.7.6.748741	0	0.003940011
203	0	0.7.6.749241	0	0.003940011
203	0	0.7.6.749590	0	0.003940011
203	0	0.7.6.74989	0	0.09699321
203	0	0.7.6.749952	0	0.09699321
203	0	0.7.6.751067	0	0.003940011
203	0	0.7.6.75112	0	0.09699321
203	0	0.7.6.753035	0	0.003940011
203	0	0.7.6.753128	0	0.09699321
203	0	0.7.6.753146	0	0.09699321
203	0	0.7.6.753509	0	0.003940011
203	0	0.7.6.754570	0	0.003940011
203	0	0.7.6.75464	0	0.09699321
203	0	0.7.6.755246	0	0.003940011
203	0	0.7.6.756041	0	0.003940011
203	0	0.7.6.756056	0	0.003940011
203	0	0.7.6.756430	0	0.003940011
203	0	0.7.6.75869	0	0.09699321
203	0	0.7.6.758880	0	0.003940011
203	0	0.7.6.759106	0	0.003940011
203	0	0.7.6.759241	0	0.003940011
203	0	0.7.6.760021	0	0.003940011
203	0	0.7.6.762076	0	0.09699321
203	0	0.7.6.76215	0	0.003940011
203	0	0.7.6.762261	0	0.09699321
203	0	0.7.6.762392	-1	0.1122661
203	0	0.7.6.762879	-1	0.1122661
203	0	0.7.6.76305	0	0.09699321
203	0	0.7.6.763337	0	0.003940011
203	0	0.7.6.763927	0	0.003940011
203	0	0.7.6.764159	0	0.09699321
203	0	0.7.6.764310	0	0.09699321
203	0	0.7.6.764680	0	0.09699321
203	0	0.7.6.764681	0	0.09699321
203	0	0.7.6.765330	0	0.003940011
203	0	0.7.6.765440	0	0.003940011
203	0	0.7.6.765619	0	0.003940011
203	0	0.7.6.76587	0	0.003940011
203	0	0.7.6.766169	0	0.09699321
203	0	0.7.6.76676	0	0.003940011
203	0	0.7.6.766832	0	0.003940011
203	0	0.7.6.767213	0	0.003940011
203	0	0.7.6.767243	0	0.003940011
203	0	0.7.6.76739	0	0.003940011
203	0	0.7.6.767648	0	0.09699321
203	0	0.7.6.76779	0	0.003940011
203	0	0.7.6.76800	0	0.003940011
203	0	0.7.6.768379	0	0.003940011
203	0	0.7.6.76840	0	0.003940011
203	0	0.7.6.769232	0	0.003940011
203	0	0.7.6.769482	0	0.003940011
203	0	0.7.6.769739	0	0.003940011
203	0	0.7.6.769782	0	0.003940011
203	0	0.7.6.769958	0	0.003940011
203	0	0.7.6.770260	0	0.003940011
203	0	0.7.6.770583	0	0.003940011
203	0	0.7.6.770792	0	0.003940011
203	0	0.7.6.770878	0	0.09699321
203	0	0.7.6.770939	0	0.003940011
203	0	0.7.6.771088	0	0.003940011
203	0	0.7.6.771603	0	0.003940011
203	0	0.7.6.771621	0	0.003940011
203	0	0.7.6.771802	-1	0.1122661
203	0	0.7.6.772669	1	0.2586207
203	0	0.7.6.77623	0	0.003940011
203	0	0.7.6.77820	0	0.003940011
203	0	0.7.6.77956	0	0.003940011
203	0	0.7.6.7812	0	0.003940011
203	0	0.7.6.78130	1	0.1122661
203	0	0.7.6.7824	0	0.003940011
203	0	0.7.6.78573	0	0.003940011
203	0	0.7.6.78713	0	0.003940011
203	0	0.7.6.78868	0	0.003940011
203	0	0.7.6.79323	0	0.003940011
203	0	0.7.6.79416	0	0.003940011
203	0	0.7.6.79503	0	0.003940011
203	0	0.7.6.79750	0	0.003940011
203	0	0.7.6.7997	0	0.09699321
203	0	0.7.6.79988	0	0.003940011
203	0	0.7.6.80077	0	0.003940011
203	0	0.7.6.80124	-1	0.003940011
203	0	0.7.6.8051	0	0.09699321
203	0	0.7.6.81341	1	0.1121764
203	0	0.7.6.81375	0	0.003940011
203	0	0.7.6.81768	0	0.09699321
203	0	0.7.6.81848	0	0.003940011
203	0	0.7.6.81851	0	0.003940011
203	0	0.7.6.82379	0	0.003940011
203	0	0.7.6.82645	0	0.003940011
203	0	0.7.6.82666	0	0.09699321
203	0	0.7.6.83007	0	0.003940011
203	0	0.7.6.83346	0	0.003940011
203	0	0.7.6.83637	0	0.003940011
203	0	0.7.6.83804	0	0.003940011
203	0	0.7.6.83914	0	0.003940011
203	0	0.7.6.84027	1	0.1122661
203	0	0.7.6.84227	0	0.003940011
203	0	0.7.6.84699	0	0.003940011
203	0	0.7.6.84834	0	0.09699321
203	0	0.7.6.84941	0	0.003940011
203	0	0.7.6.85086	0	0.09699321
203	0	0.7.6.85110	1	0.1121764
203	0	0.7.6.8596	0	0.09699321
203	0	0.7.6.86130	0	0.003940011
203	0	0.7.6.86598	0	0.003940011
203	0	0.7.6.87163	0	0.003940011
203	0	0.7.6.87284	0	0.09699321
203	0	0.7.6.87490	0	0.003940011
203	0	0.7.6.87939	-1	0.003940011
203	0	0.7.6.88074	0	0.003940011
203	0	0.7.6.88425	0	0.09699321
203	0	0.7.6.88847	0	0.003940011
203	0	0.7.6.88946	0	0.1121764
203	0	0.7.6.89206	0	0.09699321
203	0	0.7.6.89407	0	0.003940011
203	0	0.7.6.89483	0	0.003940011
203	0	0.7.6.8960	0	0.003940011
203	0	0.7.6.90287	0	0.003940011
203	0	0.7.6.90929	0	0.09699321
203	0	0.7.6.90967	0	0.09699321
203	0	0.7.6.91002	0	0.09699321
203	0	0.7.6.91132	0	0.09699321
203	0	0.7.6.91153	0	0.003940011
203	0	0.7.6.91159	0	0.003940011
203	0	0.7.6.91184	0	0.09699321
203	0	0.7.6.91455	0	0.09699321
203	0	0.7.6.91603	0	0.003940011
203	0	0.7.6.91729	1	0.09699321
203	0	0.7.6.91822	0	0.09699321
203	0	0.7.6.91996	0	0.09699321
203	0	0.7.6.9255	0	0.003940011
203	0	0.7.6.92652	0	0.003940011
203	0	0.7.6.92746	0	0.003940011
203	0	0.7.6.92879	0	0.003940011
203	0	0.7.6.93125	0	0.003940011
203	0	0.7.6.93139	0	0.003940011
203	0	0.7.6.93269	0	0.09699321
203	0	0.7.6.94051	0	0.003940011
203	0	0.7.6.94668	0	0.003940011
203	0	0.7.6.94720	0	0.003940011
203	0	0.7.6.94724	0	0.003940011
203	0	0.7.6.94805	0	0.09699321
203	0	0.7.6.96165	0	0.003940011
203	0	0.7.6.97729	0	0.1121764
203	0	0.7.6.97889	0	0.003940011
203	0	0.7.6.98084	-1	0.09699321
203	0	0.7.6.98174	0	0.003940011
203	0	0.7.6.98295	0	0.003940011
203	0	0.7.6.98434	0	0.003940011
203	0	0.7.6.98464	0	0.003940011
203	0	0.7.6.98701	0	0.09699321
203	0	0.7.6.98706	0	0.003940011
203	0	0.7.6.99237	0	0.003940011
203	0	0.7.6.99247	0	0.003940011
203	0	0.7.6.99509	0	0.003940011
203	0	0.7.6.99650	0	0.003940011
203	0	0.7.6.99862	0	0.003940011
204	0	0.7.47.1000210	0	0.0692668
204	0	0.7.47.1000784	0	0.004911057
204	0	0.7.47.1001492	0	0.004911057
204	0	0.7.47.1001671	0	0.004911057
204	0	0.7.47.100231	0	0.004911057
204	0	0.7.47.1002458	0	0.004911057
204	0	0.7.47.1002508	0	0.0692668
204	0	0.7.47.1002890	0	0.0692668
204	0	0.7.47.1003272	0	0.004911057
204	0	0.7.47.1003524	0	0.004911057
204	0	0.7.47.1003680	0	0.004911057
204	0	0.7.47.100480	0	0.004911057
204	0	0.7.47.1004826	0	0.004911057
204	0	0.7.47.1005683	0	0.004911057
204	0	0.7.47.1005912	0	0.0692668
204	0	0.7.47.1006092	0	0.004911057
204	0	0.7.47.1006338	0	0.004911057
204	0	0.7.47.1006695	0	0.004911057
204	0	0.7.47.10067	0	0.004911057
204	0	0.7.47.1006793	0	0.004911057
204	0	0.7.47.100857	0	0.004911057
204	0	0.7.47.1008979	0	0.0692668
204	0	0.7.47.1009153	1	0.0692668
204	0	0.7.47.1009731	0	0.004911057
204	0	0.7.47.101410	0	0.004911057
204	0	0.7.47.1017628	0	0.004911057
204	0	0.7.47.1017750	0	0.004911057
204	0	0.7.47.1018986	0	0.004911057
204	0	0.7.47.1019038	0	0.004911057
204	0	0.7.47.1019170	0	0.004911057
204	0	0.7.47.1019196	0	0.004911057
204	0	0.7.47.1020020	0	0.004911057
204	0	0.7.47.1020630	0	0.004911057
204	0	0.7.47.1021076	0	0.004911057
204	0	0.7.47.1023552	0	0.004911057
204	0	0.7.47.1023869	0	0.004911057
204	0	0.7.47.1023967	0	0.004911057
204	0	0.7.47.1024048	0	0.004911057
204	0	0.7.47.1024284	0	0.004911057
204	0	0.7.47.1024944	0	0.004911057
204	0	0.7.47.1025382	0	0.0692668
204	0	0.7.47.1025552	0	0.004911057
204	0	0.7.47.1027465	0	0.004911057
204	0	0.7.47.1028237	0	0.004911057
204	0	0.7.47.1028523	0	0.0692668
204	0	0.7.47.1028669	0	0.004911057
204	0	0.7.47.1028904	0	0.004911057
204	0	0.7.47.1029050	0	0.004911057
204	0	0.7.47.1029697	0	0.004911057
204	0	0.7.47.103021	0	0.004911057
204	0	0.7.47.103297	0	0.004911057
204	0	0.7.47.103338	0	0.004911057
204	0	0.7.47.1041194	0	0.0692668
204	0	0.7.47.1041705	0	0.004911057
204	0	0.7.47.104383	0	0.004911057
204	0	0.7.47.1044925	0	0.004911057
204	0	0.7.47.1046399	1	0.08251748
204	0	0.7.47.1048112	0	0.004911057
204	0	0.7.47.1048351	0	0.0692668
204	0	0.7.47.1048756	0	0.0692668
204	0	0.7.47.1048852	1	0.0781332
204	0	0.7.47.1052411	0	0.004911057
204	0	0.7.47.1052463	0	0.004911057
204	0	0.7.47.1052613	0	0.004911057
204	0	0.7.47.1052725	0	0.004911057
204	0	0.7.47.1053138	1	0.08855291
204	0	0.7.47.1053353	0	0.004911057
204	0	0.7.47.1053918	-1	0.004911057
204	0	0.7.47.1055037	0	0.004911057
204	0	0.7.47.1057976	0	0.004911057
204	0	0.7.47.1059572	0	0.004911057
204	0	0.7.47.1059874	0	0.004911057
204	0	0.7.47.1060187	0	0.004911057
204	0	0.7.47.1060290	0	0.004911057
204	0	0.7.47.1061062	0	0.004911057
204	0	0.7.47.106336	0	0.004911057
204	0	0.7.47.106430	0	0.004911057
204	0	0.7.47.1064341	0	0.0692668
204	0	0.7.47.1065097	0	0.004911057
204	0	0.7.47.106519	0	0.004911057
204	0	0.7.47.1065939	0	0.004911057
204	0	0.7.47.1067950	0	0.004911057
204	0	0.7.47.1068246	1	0.0781332
204	0	0.7.47.1068294	0	0.004911057
204	0	0.7.47.1069108	0	0.0692668
204	0	0.7.47.1069718	0	0.004911057
204	0	0.7.47.1070899	0	0.004911057
204	0	0.7.47.1072099	0	0.004911057
204	0	0.7.47.1072228	0	0.004911057
204	0	0.7.47.1072300	0	0.004911057
204	0	0.7.47.1072416	0	0.004911057
204	0	0.7.47.1072781	0	0.004911057
204	0	0.7.47.107442	0	0.004911057
204	0	0.7.47.10749	0	0.0692668
204	0	0.7.47.1075583	0	0.004911057
204	0	0.7.47.1075907	0	0.004911057
204	0	0.7.47.1076300	0	0.004911057
204	0	0.7.47.1076691	0	0.004911057
204	0	0.7.47.1076784	0	0.004911057
204	0	0.7.47.107697	0	0.0692668
204	0	0.7.47.1077731	0	0.004911057
204	0	0.7.47.1077739	0	0.004911057
204	0	0.7.47.1078084	0	0.004911057
204	0	0.7.47.107830	0	0.004911057
204	0	0.7.47.1078735	0	0.004911057
204	0	0.7.47.1078742	0	0.004911057
204	0	0.7.47.1079570	0	0.004911057
204	0	0.7.47.1079682	0	0.004911057
204	0	0.7.47.1082536	1	0.0781332
204	0	0.7.47.1084869	0	0.004911057
204	0	0.7.47.1085853	0	0.004911057
204	0	0.7.47.10870	0	0.07735697
204	0	0.7.47.108987	1	0.0781332
204	0	0.7.47.10905	0	0.0692668
204	0	0.7.47.10938	0	0.0692668
204	0	0.7.47.10945	0	0.0692668
204	0	0.7.47.109569	0	0.004911057
204	0	0.7.47.109684	0	0.004911057
204	0	0.7.47.109685	0	0.004911057
204	0	0.7.47.1098828	0	0.004911057
204	0	0.7.47.1099011	0	0.004911057
204	0	0.7.47.1099271	0	0.004911057
204	0	0.7.47.10993	0	0.004911057
204	0	0.7.47.1100566	0	0.004911057
204	0	0.7.47.1100835	0	0.004911057
204	0	0.7.47.1101418	0	0.004911057
204	0	0.7.47.1102367	0	0.0692668
204	0	0.7.47.1102579	0	0.004911057
204	0	0.7.47.110324	1	0.08760684
204	0	0.7.47.1104070	0	0.004911057
204	0	0.7.47.1105089	0	0.004911057
204	0	0.7.47.110518	0	0.004911057
204	0	0.7.47.1106005	0	0.004911057
204	0	0.7.47.1106123	1	0.0781332
204	0	0.7.47.1106187	0	0.004911057
204	0	0.7.47.1106202	0	0.004911057
204	0	0.7.47.1106680	0	0.004911057
204	0	0.7.47.1106993	0	0.004911057
204	0	0.7.47.1107012	1	0.0781332
204	0	0.7.47.1107053	0	0.004911057
204	0	0.7.47.1107095	1	0.0781332
204	0	0.7.47.110769	0	0.0692668
204	0	0.7.47.1108172	0	0.004911057
204	0	0.7.47.1108701	0	0.004911057
204	0	0.7.47.1109016	0	0.004911057
204	0	0.7.47.1109713	0	0.004911057
204	0	0.7.47.1109742	0	0.004911057
204	0	0.7.47.1109833	0	0.004911057
204	0	0.7.47.1110280	0	0.0692668
204	0	0.7.47.1110416	0	0.004911057
204	0	0.7.47.1110812	0	0.004911057
204	0	0.7.47.1111147	0	0.0692668
204	0	0.7.47.1114462	0	0.0692668
204	0	0.7.47.1114473	0	0.004911057
204	0	0.7.47.1114686	0	0.004911057
204	0	0.7.47.1114870	0	0.004911057
204	0	0.7.47.1115129	0	0.004911057
204	0	0.7.47.1115188	0	0.004911057
204	0	0.7.47.1116075	0	0.004911057
204	0	0.7.47.1120930	0	0.004911057
204	0	0.7.47.1121012	0	0.004911057
204	0	0.7.47.1123484	0	0.004911057
204	0	0.7.47.1123522	0	0.004911057
204	0	0.7.47.1124613	0	0.004911057
204	0	0.7.47.1125556	0	0.004911057
204	0	0.7.47.1125647	0	0.004911057
204	0	0.7.47.112573	0	0.004911057
204	0	0.7.47.1125823	0	0.004911057
204	0	0.7.47.112585	0	0.004911057
204	0	0.7.47.1127429	0	0.004911057
204	0	0.7.47.1128011	-1	0.004911057
204	0	0.7.47.1128131	-1	0.004911057
204	0	0.7.47.1128185	-1	0.004911057
204	0	0.7.47.1128357	-1	0.0692668
204	0	0.7.47.1130258	0	0.004911057
204	0	0.7.47.1130276	0	0.004911057
204	0	0.7.47.1130369	0	0.004911057
204	0	0.7.47.113038	0	0.004911057
204	0	0.7.47.1130495	0	0.004911057
204	0	0.7.47.1131226	0	0.004911057
204	0	0.7.47.1131597	0	0.004911057
204	0	0.7.47.1132056	0	0.004911057
204	0	0.7.47.1132659	0	0.004911057
204	0	0.7.47.1133194	0	0.004911057
204	0	0.7.47.1134046	0	0.004911057
204	0	0.7.47.1134424	1	0.0781332
204	0	0.7.47.1134724	0	0.0692668
204	0	0.7.47.1134939	0	0.004911057
204	0	0.7.47.1135459	0	0.0692668
204	0	0.7.47.1135493	0	0.0692668
204	0	0.7.47.113559	0	0.004911057
204	0	0.7.47.113603	0	0.004911057
204	0	0.7.47.1136365	0	0.0692668
204	0	0.7.47.1136791	0	0.0692668
204	0	0.7.47.1136995	0	0.004911057
204	0	0.7.47.1137314	0	0.0692668
204	0	0.7.47.113808	0	0.0692668
204	0	0.7.47.113830	0	0.004911057
204	0	0.7.47.1138892	0	0.0692668
204	0	0.7.47.1138966	0	0.0692668
204	0	0.7.47.1139160	0	0.0692668
204	0	0.7.47.114013	0	0.004911057
204	0	0.7.47.1141114	0	0.004911057
204	0	0.7.47.1142791	0	0.004911057
204	0	0.7.47.1143177	0	0.08251748
204	0	0.7.47.1144058	0	0.004911057
204	0	0.7.47.1144548	1	0.0781332
204	0	0.7.47.114456	0	0.0692668
204	0	0.7.47.1144885	0	0.004911057
204	0	0.7.47.1145241	0	0.0692668
204	0	0.7.47.1145309	0	0.004911057
204	0	0.7.47.1145890	0	0.004911057
204	0	0.7.47.1146746	0	0.004911057
204	0	0.7.47.1147106	0	0.0692668
204	0	0.7.47.1147738	0	0.004911057
204	0	0.7.47.1147979	0	0.004911057
204	0	0.7.47.1148163	0	0.004911057
204	0	0.7.47.114830	0	0.0692668
204	0	0.7.47.114837	0	0.004911057
204	0	0.7.47.1148451	0	0.0692668
204	0	0.7.47.1148540	0	0.0692668
204	0	0.7.47.1148565	0	0.004911057
204	0	0.7.47.1148778	0	0.004911057
204	0	0.7.47.1149101	0	0.004911057
204	0	0.7.47.114917	0	0.0692668
204	0	0.7.47.114941	0	0.0692668
204	0	0.7.47.1149574	0	0.0692668
204	0	0.7.47.1149793	0	0.0692668
204	0	0.7.47.1150296	0	0.004911057
204	0	0.7.47.1150334	0	0.004911057
204	0	0.7.47.1150344	0	0.004911057
204	0	0.7.47.1150670	0	0.004911057
204	0	0.7.47.1150978	0	0.004911057
204	0	0.7.47.1151420	0	0.0781332
204	0	0.7.47.1151896	0	0.004911057
204	0	0.7.47.1152793	0	0.0692668
204	0	0.7.47.1153569	0	0.004911057
204	0	0.7.47.1153890	0	0.004911057
204	0	0.7.47.115393	0	0.004911057
204	0	0.7.47.1154295	0	0.004911057
204	0	0.7.47.1154303	0	0.004911057
204	0	0.7.47.1154885	0	0.004911057
204	0	0.7.47.1156045	0	0.004911057
204	0	0.7.47.1156551	0	0.004911057
204	0	0.7.47.1157172	0	0.004911057
204	0	0.7.47.1157230	0	0.004911057
204	0	0.7.47.1157464	0	0.004911057
204	0	0.7.47.115769	0	0.004911057
204	0	0.7.47.1157949	0	0.004911057
204	0	0.7.47.1158116	0	0.004911057
204	0	0.7.47.1158223	0	0.004911057
204	0	0.7.47.1158241	0	0.004911057
204	0	0.7.47.1158773	0	0.07735697
204	0	0.7.47.1158989	0	0.08251748
204	0	0.7.47.1159040	0	0.004911057
204	0	0.7.47.1160389	0	0.004911057
204	0	0.7.47.1160429	0	0.004911057
204	0	0.7.47.1160449	0	0.0781332
204	0	0.7.47.1160781	0	0.0781332
204	0	0.7.47.1162041	1	0.0781332
204	0	0.7.47.1162050	0	0.0692668
204	0	0.7.47.1162075	0	0.07735697
204	0	0.7.47.1162583	0	0.004911057
204	0	0.7.47.1162741	0	0.004911057
204	0	0.7.47.1163237	0	0.004911057
204	0	0.7.47.1163302	0	0.0692668
204	0	0.7.47.1163660	0	0.004911057
204	0	0.7.47.1164095	0	0.004911057
204	0	0.7.47.1164407	0	0.004911057
204	0	0.7.47.1164749	0	0.0692668
204	0	0.7.47.1165296	0	0.0692668
204	0	0.7.47.1165692	1	0.0781332
204	0	0.7.47.1165736	0	0.0692668
204	0	0.7.47.1165887	0	0.0692668
204	0	0.7.47.1165950	0	0.0692668
204	0	0.7.47.1167486	0	0.004911057
204	0	0.7.47.1167951	0	0.004911057
204	0	0.7.47.1168346	0	0.004911057
204	0	0.7.47.11689	0	0.004911057
204	0	0.7.47.1169112	0	0.004911057
204	0	0.7.47.1174078	0	0.004911057
204	0	0.7.47.1175848	0	0.004911057
204	0	0.7.47.1178362	0	0.004911057
204	0	0.7.47.118005	0	0.004911057
204	0	0.7.47.1180543	0	0.004911057
204	0	0.7.47.1180663	0	0.08251748
204	0	0.7.47.1183130	0	0.004911057
204	0	0.7.47.1186104	-1	0.0692668
204	0	0.7.47.1187181	-1	0.004911057
204	0	0.7.47.118751	-1	0.004911057
204	0	0.7.47.1188707	0	0.004911057
204	0	0.7.47.1192	0	0.004911057
204	0	0.7.47.1193437	0	0.0692668
204	0	0.7.47.1196938	0	0.004911057
204	0	0.7.47.119870	-1	0.004911057
204	0	0.7.47.1199074	0	0.004911057
204	0	0.7.47.119908	-1	0.004911057
204	0	0.7.47.1200973	0	0.004911057
204	0	0.7.47.1201477	0	0.004911057
204	0	0.7.47.1206176	0	0.004911057
204	0	0.7.47.1210725	0	0.004911057
204	0	0.7.47.1216003	0	0.0781332
204	0	0.7.47.121630	0	0.004911057
204	0	0.7.47.1221788	0	0.0692668
204	0	0.7.47.12225	0	0.004911057
204	0	0.7.47.1225306	0	0.004911057
204	0	0.7.47.1225627	0	0.0692668
204	0	0.7.47.1225649	0	0.0692668
204	0	0.7.47.1227744	0	0.0692668
204	0	0.7.47.1229411	0	0.004911057
204	0	0.7.47.1230273	0	0.004911057
204	0	0.7.47.123036	0	0.004911057
204	0	0.7.47.1230744	0	0.004911057
204	0	0.7.47.123102	0	0.004911057
204	0	0.7.47.1231548	0	0.0692668
204	0	0.7.47.1231549	0	0.0692668
204	0	0.7.47.1231592	0	0.004911057
204	0	0.7.47.1231821	0	0.0692668
204	0	0.7.47.1232064	0	0.004911057
204	0	0.7.47.1233226	0	0.0692668
204	0	0.7.47.1236113	0	0.004911057
204	0	0.7.47.1236448	0	0.004911057
204	0	0.7.47.1236578	0	0.0692668
204	0	0.7.47.1236585	0	0.0692668
204	0	0.7.47.1236587	0	0.0692668
204	0	0.7.47.1236649	0	0.0692668
204	0	0.7.47.123714	0	0.004911057
204	0	0.7.47.1237527	0	0.004911057
204	0	0.7.47.1238167	0	0.0692668
204	0	0.7.47.1239313	0	0.004911057
204	0	0.7.47.1239857	0	0.004911057
204	0	0.7.47.1240033	0	0.0692668
204	0	0.7.47.1240166	0	0.0692668
204	0	0.7.47.1240426	0	0.0692668
204	0	0.7.47.1240458	0	0.004911057
204	0	0.7.47.1240487	0	0.004911057
204	0	0.7.47.12525	0	0.0692668
204	0	0.7.47.125442	0	0.004911057
204	0	0.7.47.127265	0	0.004911057
204	0	0.7.47.127503	0	0.004911057
204	0	0.7.47.128344	0	0.004911057
204	0	0.7.47.128839	0	0.004911057
204	0	0.7.47.1293683	0	0.004911057
204	0	0.7.47.1293708	0	0.0692668
204	0	0.7.47.1293830	0	0.004911057
204	0	0.7.47.1293844	0	0.004911057
204	0	0.7.47.1293860	0	0.004911057
204	0	0.7.47.1294208	0	0.004911057
204	0	0.7.47.1294523	0	0.004911057
204	0	0.7.47.1294842	0	0.004911057
204	0	0.7.47.129546	0	0.004911057
204	0	0.7.47.1295587	0	0.004911057
204	0	0.7.47.1296495	0	0.004911057
204	0	0.7.47.1297901	-1	0.004911057
204	0	0.7.47.1298715	-1	0.004911057
204	0	0.7.47.1298828	-1	0.004911057
204	0	0.7.47.1299280	-1	0.004911057
204	0	0.7.47.1299470	-1	0.004911057
204	0	0.7.47.1299660	-1	0.0692668
204	0	0.7.47.1299888	-1	0.0781332
204	0	0.7.47.1299889	0	0.0781332
204	0	0.7.47.1300487	0	0.004911057
204	0	0.7.47.130057	0	0.0692668
204	0	0.7.47.1300581	0	0.004911057
204	0	0.7.47.1301504	0	0.004911057
204	0	0.7.47.1301574	0	0.0692668
204	0	0.7.47.1302713	0	0.07735697
204	0	0.7.47.1303137	0	0.07735697
204	0	0.7.47.1303242	0	0.004911057
204	0	0.7.47.1303333	0	0.07735697
204	0	0.7.47.1304260	0	0.004911057
204	0	0.7.47.1304583	1	0.0781332
204	0	0.7.47.1304677	1	0.0781332
204	0	0.7.47.1304685	1	0.0781332
204	0	0.7.47.130487	0	0.004911057
204	0	0.7.47.1305511	0	0.004911057
204	0	0.7.47.1305709	0	0.004911057
204	0	0.7.47.1306515	0	0.004911057
204	0	0.7.47.1306532	0	0.004911057
204	0	0.7.47.1306541	0	0.07735697
204	0	0.7.47.1308069	0	0.07735697
204	0	0.7.47.1308098	0	0.07735697
204	0	0.7.47.1308969	0	0.004911057
204	0	0.7.47.131001	0	0.004911057
204	0	0.7.47.1310075	0	0.004911057
204	0	0.7.47.1310406	0	0.0692668
204	0	0.7.47.131055	0	0.004911057
204	0	0.7.47.1310694	0	0.0781332
204	0	0.7.47.1310975	0	0.004911057
204	0	0.7.47.1311738	0	0.004911057
204	0	0.7.47.131247	0	0.004911057
204	0	0.7.47.1313259	0	0.004911057
204	0	0.7.47.1313426	0	0.0692668
204	0	0.7.47.1313706	0	0.0692668
204	0	0.7.47.131407	0	0.004911057
204	0	0.7.47.1314379	1	0.0781332
204	0	0.7.47.1314490	0	0.004911057
204	0	0.7.47.1315404	1	0.0781332
204	0	0.7.47.1318202	0	0.004911057
204	0	0.7.47.131828	0	0.004911057
204	0	0.7.47.132028	0	0.004911057
204	0	0.7.47.1321673	0	0.004911057
204	0	0.7.47.1322713	0	0.004911057
204	0	0.7.47.1324447	0	0.07735697
204	0	0.7.47.132702	0	0.004911057
204	0	0.7.47.1327137	0	0.07735697
204	0	0.7.47.1327308	0	0.0692668
204	0	0.7.47.1327391	0	0.07735697
204	0	0.7.47.1327822	0	0.004911057
204	0	0.7.47.1328138	0	0.07735697
204	0	0.7.47.1328373	0	0.07735697
204	0	0.7.47.1328374	0	0.07735697
204	0	0.7.47.1328403	0	0.004911057
204	0	0.7.47.1328794	0	0.07735697
204	0	0.7.47.1328817	0	0.0692668
204	0	0.7.47.1329796	0	0.004911057
204	0	0.7.47.1329882	0	0.004911057
204	0	0.7.47.1330449	0	0.004911057
204	0	0.7.47.1330462	0	0.004911057
204	0	0.7.47.1330589	0	0.004911057
204	0	0.7.47.1330693	0	0.004911057
204	0	0.7.47.1330943	0	0.004911057
204	0	0.7.47.1331040	0	0.004911057
204	0	0.7.47.1331476	0	0.07735697
204	0	0.7.47.1332336	0	0.07735697
204	0	0.7.47.1332453	0	0.07735697
204	0	0.7.47.1332992	0	0.004911057
204	0	0.7.47.1333376	0	0.004911057
204	0	0.7.47.1333597	0	0.07735697
204	0	0.7.47.1333753	0	0.004911057
204	0	0.7.47.1333779	0	0.0692668
204	0	0.7.47.1334444	0	0.004911057
204	0	0.7.47.1334866	0	0.07735697
204	0	0.7.47.1335316	0	0.004911057
204	0	0.7.47.1336189	0	0.07735697
204	0	0.7.47.1336710	0	0.004911057
204	0	0.7.47.1337108	0	0.004911057
204	0	0.7.47.1337143	0	0.004911057
204	0	0.7.47.1337189	1	0.0781332
204	0	0.7.47.1337205	0	0.0692668
204	0	0.7.47.1337679	0	0.07735697
204	0	0.7.47.1338234	0	0.0692668
204	0	0.7.47.1338417	0	0.07735697
204	0	0.7.47.1338706	0	0.07735697
204	0	0.7.47.1338917	0	0.07735697
204	0	0.7.47.1339528	0	0.004911057
204	0	0.7.47.1340109	0	0.004911057
204	0	0.7.47.1340516	0	0.004911057
204	0	0.7.47.1341987	0	0.004911057
204	0	0.7.47.1342061	0	0.004911057
204	0	0.7.47.134232	0	0.004911057
204	0	0.7.47.1342362	0	0.004911057
204	0	0.7.47.1342500	0	0.004911057
204	0	0.7.47.1343003	0	0.08760684
204	0	0.7.47.1343157	0	0.07735697
204	0	0.7.47.134316	0	0.004911057
204	0	0.7.47.1343162	0	0.07735697
204	0	0.7.47.1343271	0	0.004911057
204	0	0.7.47.1343532	1	0.0781332
204	0	0.7.47.1344236	0	0.0692668
204	0	0.7.47.134499	0	0.07735697
204	0	0.7.47.1345654	0	0.0692668
204	0	0.7.47.1346531	0	0.0692668
204	0	0.7.47.1346904	0	0.07735697
204	0	0.7.47.1347328	1	0.0781332
204	0	0.7.47.1347516	0	0.004911057
204	0	0.7.47.1347883	0	0.004911057
204	0	0.7.47.135020	0	0.004911057
204	0	0.7.47.1351889	0	0.004911057
204	0	0.7.47.1352485	0	0.004911057
204	0	0.7.47.1352767	1	0.0781332
204	0	0.7.47.1352993	1	0.0781332
204	0	0.7.47.1353101	0	0.004911057
204	0	0.7.47.1353835	0	0.004911057
204	0	0.7.47.1354934	0	0.004911057
204	0	0.7.47.1354974	0	0.004911057
204	0	0.7.47.135537	0	0.004911057
204	0	0.7.47.13556	1	0.0781332
204	0	0.7.47.1356361	0	0.004911057
204	0	0.7.47.1357452	0	0.004911057
204	0	0.7.47.1358036	0	0.004911057
204	0	0.7.47.1358466	0	0.004911057
204	0	0.7.47.1358979	0	0.004911057
204	0	0.7.47.1359120	0	0.004911057
204	0	0.7.47.1359215	0	0.004911057
204	0	0.7.47.136102	0	0.004911057
204	0	0.7.47.1361673	0	0.004911057
204	0	0.7.47.1362164	0	0.0692668
204	0	0.7.47.1363082	0	0.004911057
204	0	0.7.47.1363173	1	0.0781332
204	0	0.7.47.1363175	1	0.0781332
204	0	0.7.47.1363647	-1	0.004911057
204	0	0.7.47.1363790	0	0.004911057
204	0	0.7.47.1364041	0	0.004911057
204	0	0.7.47.1364522	-1	0.004911057
204	0	0.7.47.1365465	-1	0.004911057
204	0	0.7.47.1365590	-1	0.0692668
204	0	0.7.47.1367202	0	0.0692668
204	0	0.7.47.1367263	0	0.0692668
204	0	0.7.47.1367336	0	0.004911057
204	0	0.7.47.1367701	0	0.0692668
204	0	0.7.47.1368370	0	0.004911057
204	0	0.7.47.1369290	0	0.004911057
204	0	0.7.47.1369296	0	0.004911057
204	0	0.7.47.1370660	0	0.004911057
204	0	0.7.47.1372559	0	0.004911057
204	0	0.7.47.1372956	0	0.004911057
204	0	0.7.47.1373019	0	0.004911057
204	0	0.7.47.1376229	0	0.004911057
204	0	0.7.47.1377573	0	0.004911057
204	0	0.7.47.1379916	0	0.0692668
204	0	0.7.47.1380694	0	0.0692668
204	0	0.7.47.138071	0	0.004911057
204	0	0.7.47.1380814	0	0.0692668
204	0	0.7.47.1382893	0	0.0692668
204	0	0.7.47.138459	0	0.004911057
204	0	0.7.47.1384929	0	0.004911057
204	0	0.7.47.138533	0	0.004911057
204	0	0.7.47.1385548	0	0.004911057
204	0	0.7.47.1386019	0	0.004911057
204	0	0.7.47.1387336	0	0.0692668
204	0	0.7.47.1387430	0	0.004911057
204	0	0.7.47.138778	0	0.004911057
204	0	0.7.47.1389283	0	0.004911057
204	0	0.7.47.1390517	0	0.0692668
204	0	0.7.47.1390972	0	0.004911057
204	0	0.7.47.1391699	0	0.004911057
204	0	0.7.47.1392509	0	0.0692668
204	0	0.7.47.1392863	0	0.004911057
204	0	0.7.47.1393475	0	0.004911057
204	0	0.7.47.139363	0	0.004911057
204	0	0.7.47.1394442	0	0.004911057
204	0	0.7.47.1394939	0	0.0692668
204	0	0.7.47.13957	0	0.004911057
204	0	0.7.47.1397180	0	0.07735697
204	0	0.7.47.1397316	0	0.004911057
204	0	0.7.47.1397474	0	0.0692668
204	0	0.7.47.1397770	0	0.0692668
204	0	0.7.47.1397830	0	0.0692668
204	0	0.7.47.1398768	0	0.0692668
204	0	0.7.47.1398771	0	0.004911057
204	0	0.7.47.1398949	0	0.004911057
204	0	0.7.47.1398966	0	0.004911057
204	0	0.7.47.1399096	-1	0.004911057
204	0	0.7.47.1399440	0	0.004911057
204	0	0.7.47.1399885	0	0.0692668
204	0	0.7.47.140013	0	0.004911057
204	0	0.7.47.1400891	0	0.004911057
204	0	0.7.47.1401724	0	0.004911057
204	0	0.7.47.1402397	0	0.004911057
204	0	0.7.47.1403078	0	0.004911057
204	0	0.7.47.1403317	0	0.004911057
204	0	0.7.47.1403869	0	0.004911057
204	0	0.7.47.1405284	0	0.0692668
204	0	0.7.47.1405800	0	0.004911057
204	0	0.7.47.1405912	0	0.004911057
204	0	0.7.47.1406983	0	0.004911057
204	0	0.7.47.1407814	0	0.0692668
204	0	0.7.47.1408030	0	0.0692668
204	0	0.7.47.1410034	0	0.004911057
204	0	0.7.47.1412585	0	0.004911057
204	0	0.7.47.1413284	0	0.004911057
204	0	0.7.47.1413748	0	0.004911057
204	0	0.7.47.1413824	0	0.004911057
204	0	0.7.47.14141	0	0.004911057
204	0	0.7.47.1414410	0	0.004911057
204	0	0.7.47.1415429	0	0.004911057
204	0	0.7.47.1415971	0	0.0692668
204	0	0.7.47.1416526	0	0.004911057
204	0	0.7.47.141669	0	0.004911057
204	0	0.7.47.141745	0	0.004911057
204	0	0.7.47.1417699	0	0.004911057
204	0	0.7.47.1418873	1	0.08760684
204	0	0.7.47.1419135	0	0.004911057
204	0	0.7.47.1419569	0	0.004911057
204	0	0.7.47.1419733	0	0.0692668
204	0	0.7.47.1420496	0	0.004911057
204	0	0.7.47.142115	0	0.004911057
204	0	0.7.47.1421618	0	0.004911057
204	0	0.7.47.1421815	0	0.004911057
204	0	0.7.47.1422270	0	0.004911057
204	0	0.7.47.1422797	0	0.004911057
204	0	0.7.47.1422917	0	0.004911057
204	0	0.7.47.1422952	0	0.004911057
204	0	0.7.47.1423168	0	0.004911057
204	0	0.7.47.1423179	1	0.08760684
204	0	0.7.47.1423380	0	0.004911057
204	0	0.7.47.1424397	0	0.004911057
204	0	0.7.47.1424418	0	0.08251748
204	0	0.7.47.1424812	1	0.0781332
204	0	0.7.47.1424905	1	0.0781332
204	0	0.7.47.1424945	1	0.08251748
204	0	0.7.47.1425104	0	0.004911057
204	0	0.7.47.1425707	0	0.004911057
204	0	0.7.47.1426306	1	0.08855291
204	0	0.7.47.1426489	1	0.08760684
204	0	0.7.47.1426501	0	0.004911057
204	0	0.7.47.1426791	0	0.004911057
204	0	0.7.47.1426953	0	0.004911057
204	0	0.7.47.1427428	0	0.004911057
204	0	0.7.47.1427647	1	0.08855291
204	0	0.7.47.1434682	0	0.004911057
204	0	0.7.47.1434764	0	0.004911057
204	0	0.7.47.1435160	0	0.07735697
204	0	0.7.47.1435302	0	0.0692668
204	0	0.7.47.1435346	0	0.07735697
204	0	0.7.47.1435479	0	0.004911057
204	0	0.7.47.1435504	0	0.004911057
204	0	0.7.47.1435541	0	0.07735697
204	0	0.7.47.1435608	0	0.004911057
204	0	0.7.47.1435611	0	0.004911057
204	0	0.7.47.1435792	0	0.07735697
204	0	0.7.47.1435803	0	0.07735697
204	0	0.7.47.1436071	0	0.07735697
204	0	0.7.47.1436233	0	0.07735697
204	0	0.7.47.1436971	0	0.004911057
204	0	0.7.47.1437870	0	0.07735697
204	0	0.7.47.1438205	0	0.004911057
204	0	0.7.47.1438623	0	0.0692668
204	0	0.7.47.1438860	0	0.07735697
204	0	0.7.47.1438894	0	0.07735697
204	0	0.7.47.1439566	0	0.07735697
204	0	0.7.47.1439611	0	0.004911057
204	0	0.7.47.1439876	0	0.004911057
204	0	0.7.47.1439927	0	0.004911057
204	0	0.7.47.1439938	0	0.004911057
204	0	0.7.47.1440167	0	0.07735697
204	0	0.7.47.1440920	0	0.08251748
204	0	0.7.47.1440977	0	0.0692668
204	0	0.7.47.1441831	0	0.004911057
204	0	0.7.47.1441848	0	0.004911057
204	0	0.7.47.1442151	0	0.004911057
204	0	0.7.47.1442648	0	0.004911057
204	0	0.7.47.1442751	0	0.004911057
204	0	0.7.47.1443918	0	0.004911057
204	0	0.7.47.1444352	0	0.004911057
204	0	0.7.47.144508	0	0.0692668
204	0	0.7.47.1445622	0	0.004911057
204	0	0.7.47.1446974	0	0.004911057
204	0	0.7.47.1447425	0	0.004911057
204	0	0.7.47.1447715	0	0.004911057
204	0	0.7.47.1447865	0	0.0692668
204	0	0.7.47.1448698	1	0.0781332
204	0	0.7.47.1448756	0	0.004911057
204	0	0.7.47.1448910	0	0.0692668
204	0	0.7.47.1449162	0	0.004911057
204	0	0.7.47.144925	0	0.004911057
204	0	0.7.47.1449305	0	0.004911057
204	0	0.7.47.1449543	1	0.08855291
204	0	0.7.47.1449688	1	0.08855291
204	0	0.7.47.1449689	1	0.08855291
204	0	0.7.47.1452161	0	0.004911057
204	0	0.7.47.1452470	0	0.0692668
204	0	0.7.47.1453017	0	0.004911057
204	0	0.7.47.1453091	0	0.004911057
204	0	0.7.47.1453393	0	0.0692668
204	0	0.7.47.1454355	0	0.004911057
204	0	0.7.47.1455069	0	0.004911057
204	0	0.7.47.1455613	1	0.0781332
204	0	0.7.47.1458855	0	0.07735697
204	0	0.7.47.146291	0	0.0692668
204	0	0.7.47.14687	1	0.08760684
204	0	0.7.47.147038	0	0.004911057
204	0	0.7.47.147286	0	0.0692668
204	0	0.7.47.147496	0	0.004911057
204	0	0.7.47.148027	0	0.004911057
204	0	0.7.47.148206	0	0.004911057
204	0	0.7.47.148492	0	0.004911057
204	0	0.7.47.149504	0	0.004911057
204	0	0.7.47.150322	0	0.004911057
204	0	0.7.47.151244	0	0.004911057
204	0	0.7.47.15140	0	0.004911057
204	0	0.7.47.152521	0	0.004911057
204	0	0.7.47.152546	0	0.0692668
204	0	0.7.47.152604	0	0.004911057
204	0	0.7.47.152659	0	0.0692668
204	0	0.7.47.152678	0	0.004911057
204	0	0.7.47.153	0	0.0692668
204	0	0.7.47.154121	0	0.004911057
204	0	0.7.47.154259	0	0.004911057
204	0	0.7.47.154365	0	0.004911057
204	0	0.7.47.154493	0	0.004911057
204	0	0.7.47.15495	-1	0.004911057
204	0	0.7.47.155622	0	0.004911057
204	0	0.7.47.15567	0	0.004911057
204	0	0.7.47.1558	0	0.004911057
204	0	0.7.47.156609	0	0.004911057
204	0	0.7.47.15798	0	0.004911057
204	0	0.7.47.159316	-1	0.004911057
204	0	0.7.47.159848	0	0.0692668
204	0	0.7.47.162051	0	0.0692668
204	0	0.7.47.162170	0	0.004911057
204	0	0.7.47.16245	0	0.004911057
204	0	0.7.47.162667	1	0.08760684
204	0	0.7.47.162886	0	0.004911057
204	0	0.7.47.162999	0	0.004911057
204	0	0.7.47.163113	0	0.004911057
204	0	0.7.47.163851	0	0.004911057
204	0	0.7.47.164317	0	0.0692668
204	0	0.7.47.165701	0	0.004911057
204	0	0.7.47.165929	0	0.004911057
204	0	0.7.47.166319	0	0.07735697
204	0	0.7.47.166320	0	0.07735697
204	0	0.7.47.166819	0	0.004911057
204	0	0.7.47.167199	0	0.004911057
204	0	0.7.47.170125	0	0.08251748
204	0	0.7.47.170581	0	0.004911057
204	0	0.7.47.170686	-1	0.0692668
204	0	0.7.47.171876	0	0.004911057
204	0	0.7.47.172099	0	0.004911057
204	0	0.7.47.172151	0	0.004911057
204	0	0.7.47.172197	0	0.0692668
204	0	0.7.47.172270	0	0.07735697
204	0	0.7.47.173166	0	0.004911057
204	0	0.7.47.173949	0	0.0692668
204	0	0.7.47.1751	0	0.004911057
204	0	0.7.47.175839	0	0.004911057
204	0	0.7.47.176038	0	0.004911057
204	0	0.7.47.176759	0	0.004911057
204	0	0.7.47.177270	0	0.004911057
204	0	0.7.47.178579	0	0.0692668
204	0	0.7.47.179245	0	0.004911057
204	0	0.7.47.179409	0	0.004911057
204	0	0.7.47.179600	0	0.004911057
204	0	0.7.47.180347	0	0.004911057
204	0	0.7.47.180701	0	0.004911057
204	0	0.7.47.180885	0	0.004911057
204	0	0.7.47.181403	0	0.004911057
204	0	0.7.47.181554	0	0.004911057
204	0	0.7.47.181960	0	0.004911057
204	0	0.7.47.18233	0	0.004911057
204	0	0.7.47.18356	0	0.004911057
204	0	0.7.47.183792	0	0.004911057
204	0	0.7.47.184090	0	0.004911057
204	0	0.7.47.184366	0	0.0692668
204	0	0.7.47.184369	0	0.0692668
204	0	0.7.47.184381	0	0.0692668
204	0	0.7.47.184577	0	0.0692668
204	0	0.7.47.185324	0	0.004911057
204	0	0.7.47.186281	0	0.004911057
204	0	0.7.47.186698	0	0.0692668
204	0	0.7.47.187232	0	0.004911057
204	0	0.7.47.187391	0	0.0692668
204	0	0.7.47.187541	0	0.0692668
204	0	0.7.47.189853	0	0.004911057
204	0	0.7.47.189979	0	0.004911057
204	0	0.7.47.190274	0	0.004911057
204	0	0.7.47.190312	0	0.004911057
204	0	0.7.47.191042	0	0.0692668
204	0	0.7.47.191388	0	0.004911057
204	0	0.7.47.191518	0	0.004911057
204	0	0.7.47.192916	0	0.08251748
204	0	0.7.47.193112	0	0.0692668
204	0	0.7.47.193416	0	0.004911057
204	0	0.7.47.194438	0	0.004911057
204	0	0.7.47.194604	0	0.004911057
204	0	0.7.47.194664	0	0.0692668
204	0	0.7.47.196738	0	0.0692668
204	0	0.7.47.197043	0	0.004911057
204	0	0.7.47.197053	0	0.004911057
204	0	0.7.47.197665	0	0.004911057
204	0	0.7.47.197877	0	0.004911057
204	0	0.7.47.1979	0	0.004911057
204	0	0.7.47.198550	0	0.004911057
204	0	0.7.47.198843	0	0.004911057
204	0	0.7.47.198958	0	0.0692668
204	0	0.7.47.199068	0	0.0692668
204	0	0.7.47.199441	0	0.004911057
204	0	0.7.47.200595	0	0.004911057
204	0	0.7.47.200966	0	0.0692668
204	0	0.7.47.20105	0	0.004911057
204	0	0.7.47.201780	0	0.004911057
204	0	0.7.47.201786	0	0.0692668
204	0	0.7.47.202135	0	0.0692668
204	0	0.7.47.202721	0	0.0692668
204	0	0.7.47.203079	0	0.004911057
204	0	0.7.47.203735	0	0.0692668
204	0	0.7.47.203832	0	0.0692668
204	0	0.7.47.203833	0	0.0692668
204	0	0.7.47.204865	0	0.004911057
204	0	0.7.47.20488	0	0.004911057
204	0	0.7.47.205449	0	0.07735697
204	0	0.7.47.206036	0	0.004911057
204	0	0.7.47.206171	0	0.004911057
204	0	0.7.47.206414	0	0.0692668
204	0	0.7.47.206673	0	0.004911057
204	0	0.7.47.206696	0	0.0692668
204	0	0.7.47.207722	0	0.0692668
204	0	0.7.47.208958	0	0.004911057
204	0	0.7.47.209159	0	0.0692668
204	0	0.7.47.212510	0	0.004911057
204	0	0.7.47.213237	0	0.004911057
204	0	0.7.47.213479	0	0.004911057
204	0	0.7.47.215033	0	0.0692668
204	0	0.7.47.216480	0	0.004911057
204	0	0.7.47.216482	1	0.0781332
204	0	0.7.47.216966	0	0.004911057
204	0	0.7.47.217037	0	0.0692668
204	0	0.7.47.217049	0	0.004911057
204	0	0.7.47.217069	0	0.0692668
204	0	0.7.47.217659	1	0.08760684
204	0	0.7.47.218166	0	0.004911057
204	0	0.7.47.218429	0	0.004911057
204	0	0.7.47.218517	0	0.004911057
204	0	0.7.47.218814	0	0.004911057
204	0	0.7.47.2195	0	0.004911057
204	0	0.7.47.219803	0	0.0692668
204	0	0.7.47.220070	0	0.0692668
204	0	0.7.47.220170	0	0.0692668
204	0	0.7.47.220361	0	0.004911057
204	0	0.7.47.220377	0	0.0692668
204	0	0.7.47.220615	0	0.004911057
204	0	0.7.47.220940	0	0.004911057
204	0	0.7.47.221070	0	0.004911057
204	0	0.7.47.221907	0	0.0692668
204	0	0.7.47.222386	0	0.004911057
204	0	0.7.47.222676	0	0.0692668
204	0	0.7.47.223752	0	0.004911057
204	0	0.7.47.223762	0	0.004911057
204	0	0.7.47.223862	0	0.0692668
204	0	0.7.47.224293	0	0.004911057
204	0	0.7.47.224719	0	0.004911057
204	0	0.7.47.224770	0	0.004911057
204	0	0.7.47.224817	0	0.004911057
204	0	0.7.47.224856	0	0.0692668
204	0	0.7.47.224869	0	0.004911057
204	0	0.7.47.225463	0	0.0692668
204	0	0.7.47.225938	0	0.004911057
204	0	0.7.47.226146	0	0.004911057
204	0	0.7.47.226600	0	0.004911057
204	0	0.7.47.226658	0	0.004911057
204	0	0.7.47.226806	0	0.0692668
204	0	0.7.47.227469	0	0.0692668
204	0	0.7.47.228249	0	0.004911057
204	0	0.7.47.228374	0	0.0781332
204	0	0.7.47.228462	0	0.004911057
204	0	0.7.47.228779	0	0.004911057
204	0	0.7.47.228807	0	0.004911057
204	0	0.7.47.229315	0	0.004911057
204	0	0.7.47.230564	0	0.004911057
204	0	0.7.47.231213	0	0.004911057
204	0	0.7.47.231857	0	0.004911057
204	0	0.7.47.232053	0	0.0692668
204	0	0.7.47.232857	0	0.004911057
204	0	0.7.47.233996	1	0.0781332
204	0	0.7.47.234843	0	0.004911057
204	0	0.7.47.235014	0	0.004911057
204	0	0.7.47.235045	0	0.004911057
204	0	0.7.47.235416	0	0.004911057
204	0	0.7.47.235467	0	0.0692668
204	0	0.7.47.235595	0	0.004911057
204	0	0.7.47.235856	0	0.004911057
204	0	0.7.47.24104	0	0.004911057
204	0	0.7.47.24194	0	0.004911057
204	0	0.7.47.245073	0	0.004911057
204	0	0.7.47.246098	0	0.004911057
204	0	0.7.47.24679	0	0.004911057
204	0	0.7.47.247661	0	0.004911057
204	0	0.7.47.248462	0	0.004911057
204	0	0.7.47.248856	0	0.004911057
204	0	0.7.47.24920	0	0.004911057
204	0	0.7.47.250109	0	0.004911057
204	0	0.7.47.251547	0	0.004911057
204	0	0.7.47.251835	0	0.004911057
204	0	0.7.47.252219	0	0.004911057
204	0	0.7.47.253124	0	0.004911057
204	0	0.7.47.258546	0	0.004911057
204	0	0.7.47.258704	0	0.004911057
204	0	0.7.47.259119	0	0.004911057
204	0	0.7.47.259546	0	0.004911057
204	0	0.7.47.260248	0	0.07735697
204	0	0.7.47.260269	0	0.07735697
204	0	0.7.47.26111	0	0.004911057
204	0	0.7.47.261783	0	0.004911057
204	0	0.7.47.262128	0	0.07735697
204	0	0.7.47.262630	0	0.07735697
204	0	0.7.47.262753	0	0.004911057
204	0	0.7.47.262951	0	0.07735697
204	0	0.7.47.263022	0	0.07735697
204	0	0.7.47.26362	0	0.004911057
204	0	0.7.47.263750	0	0.07735697
204	0	0.7.47.263903	0	0.004911057
204	0	0.7.47.265585	0	0.07735697
204	0	0.7.47.2668	0	0.004911057
204	0	0.7.47.269552	0	0.004911057
204	0	0.7.47.27032	0	0.004911057
204	0	0.7.47.270367	0	0.004911057
204	0	0.7.47.271005	0	0.004911057
204	0	0.7.47.271315	0	0.0692668
204	0	0.7.47.27207	0	0.004911057
204	0	0.7.47.272232	0	0.004911057
204	0	0.7.47.272751	0	0.004911057
204	0	0.7.47.274179	0	0.004911057
204	0	0.7.47.275069	0	0.004911057
204	0	0.7.47.275074	0	0.0692668
204	0	0.7.47.275152	0	0.0692668
204	0	0.7.47.275184	0	0.0692668
204	0	0.7.47.275363	0	0.004911057
204	0	0.7.47.276692	0	0.004911057
204	0	0.7.47.27790	0	0.004911057
204	0	0.7.47.280802	0	0.004911057
204	0	0.7.47.280815	0	0.004911057
204	0	0.7.47.282130	0	0.004911057
204	0	0.7.47.28264	0	0.004911057
204	0	0.7.47.284485	0	0.004911057
204	0	0.7.47.284620	0	0.004911057
204	0	0.7.47.285350	0	0.004911057
204	0	0.7.47.286420	0	0.07735697
204	0	0.7.47.28650	0	0.004911057
204	0	0.7.47.287460	0	0.004911057
204	0	0.7.47.287716	0	0.004911057
204	0	0.7.47.288084	1	0.0781332
204	0	0.7.47.288223	1	0.0781332
204	0	0.7.47.288327	1	0.0781332
204	0	0.7.47.2890	0	0.004911057
204	0	0.7.47.289113	0	0.07735697
204	0	0.7.47.289168	0	0.004911057
204	0	0.7.47.289451	0	0.08251748
204	0	0.7.47.28986	0	0.004911057
204	0	0.7.47.290525	-1	0.004911057
204	0	0.7.47.2922	0	0.004911057
204	0	0.7.47.293120	0	0.004911057
204	0	0.7.47.29329	0	0.004911057
204	0	0.7.47.293390	0	0.004911057
204	0	0.7.47.293996	0	0.08251748
204	0	0.7.47.294496	0	0.004911057
204	0	0.7.47.295212	0	0.0692668
204	0	0.7.47.296074	0	0.0692668
204	0	0.7.47.296718	0	0.0692668
204	0	0.7.47.297330	0	0.004911057
204	0	0.7.47.297900	0	0.0692668
204	0	0.7.47.297979	0	0.0692668
204	0	0.7.47.298484	0	0.004911057
204	0	0.7.47.29918	0	0.004911057
204	0	0.7.47.300084	0	0.004911057
204	0	0.7.47.300974	0	0.004911057
204	0	0.7.47.301032	0	0.004911057
204	0	0.7.47.301832	0	0.004911057
204	0	0.7.47.302500	0	0.0692668
204	0	0.7.47.303161	0	0.004911057
204	0	0.7.47.3035	0	0.004911057
204	0	0.7.47.304432	0	0.004911057
204	0	0.7.47.304648	0	0.0692668
204	0	0.7.47.304652	0	0.0692668
204	0	0.7.47.304749	0	0.0692668
204	0	0.7.47.304843	0	0.0692668
204	0	0.7.47.304864	0	0.004911057
204	0	0.7.47.305013	1	0.0781332
204	0	0.7.47.30528	1	0.0781332
204	0	0.7.47.305783	0	0.004911057
204	0	0.7.47.305977	1	0.0781332
204	0	0.7.47.30753	0	0.0692668
204	0	0.7.47.310662	0	0.004911057
204	0	0.7.47.310949	-1	0.004911057
204	0	0.7.47.311320	0	0.004911057
204	0	0.7.47.311840	0	0.004911057
204	0	0.7.47.31348	-1	0.0692668
204	0	0.7.47.314493	0	0.0692668
204	0	0.7.47.314593	0	0.004911057
204	0	0.7.47.314608	0	0.004911057
204	0	0.7.47.314749	0	0.0692668
204	0	0.7.47.315956	0	0.004911057
204	0	0.7.47.316001	0	0.004911057
204	0	0.7.47.316143	0	0.0692668
204	0	0.7.47.317295	0	0.004911057
204	0	0.7.47.317845	0	0.0692668
204	0	0.7.47.318030	0	0.004911057
204	0	0.7.47.318280	0	0.004911057
204	0	0.7.47.318522	0	0.004911057
204	0	0.7.47.318598	0	0.004911057
204	0	0.7.47.31889	-1	0.004911057
204	0	0.7.47.318929	0	0.004911057
204	0	0.7.47.319016	0	0.004911057
204	0	0.7.47.319280	0	0.0692668
204	0	0.7.47.319509	0	0.0692668
204	0	0.7.47.319909	0	0.004911057
204	0	0.7.47.3206	0	0.004911057
204	0	0.7.47.32499	-1	0.07735697
204	0	0.7.47.328276	0	0.004911057
204	0	0.7.47.328866	1	0.08760684
204	0	0.7.47.329156	1	0.0781332
204	0	0.7.47.3306	0	0.08251748
204	0	0.7.47.331018	0	0.004911057
204	0	0.7.47.333204	0	0.004911057
204	0	0.7.47.333947	0	0.004911057
204	0	0.7.47.334240	0	0.004911057
204	0	0.7.47.334523	0	0.004911057
204	0	0.7.47.335806	0	0.004911057
204	0	0.7.47.33802	0	0.004911057
204	0	0.7.47.338710	0	0.004911057
204	0	0.7.47.339056	0	0.004911057
204	0	0.7.47.339317	0	0.004911057
204	0	0.7.47.339333	0	0.004911057
204	0	0.7.47.33982	0	0.0692668
204	0	0.7.47.340428	0	0.07735697
204	0	0.7.47.340592	0	0.0692668
204	0	0.7.47.341393	0	0.0692668
204	0	0.7.47.341837	0	0.004911057
204	0	0.7.47.342290	0	0.004911057
204	0	0.7.47.342783	-1	0.0692668
204	0	0.7.47.342898	0	0.07735697
204	0	0.7.47.343536	0	0.07735697
204	0	0.7.47.343548	0	0.004911057
204	0	0.7.47.344053	0	0.08251748
204	0	0.7.47.344079	0	0.08251748
204	0	0.7.47.344530	0	0.004911057
204	0	0.7.47.344716	0	0.004911057
204	0	0.7.47.345390	0	0.004911057
204	0	0.7.47.346377	0	0.004911057
204	0	0.7.47.346569	0	0.004911057
204	0	0.7.47.346660	0	0.07735697
204	0	0.7.47.346836	0	0.004911057
204	0	0.7.47.346891	0	0.004911057
204	0	0.7.47.34709	0	0.0692668
204	0	0.7.47.34871	0	0.004911057
204	0	0.7.47.3492	0	0.004911057
204	0	0.7.47.349245	0	0.004911057
204	0	0.7.47.349546	0	0.004911057
204	0	0.7.47.349726	0	0.0692668
204	0	0.7.47.350179	0	0.004911057
204	0	0.7.47.350261	0	0.004911057
204	0	0.7.47.350370	0	0.004911057
204	0	0.7.47.350583	0	0.08251748
204	0	0.7.47.350627	0	0.08251748
204	0	0.7.47.350676	0	0.07735697
204	0	0.7.47.351324	0	0.07735697
204	0	0.7.47.351949	0	0.0692668
204	0	0.7.47.352053	0	0.004911057
204	0	0.7.47.352303	0	0.0692668
204	0	0.7.47.352519	0	0.07735697
204	0	0.7.47.352834	0	0.004911057
204	0	0.7.47.35354	0	0.0692668
204	0	0.7.47.353652	0	0.004911057
204	0	0.7.47.353655	0	0.07735697
204	0	0.7.47.353856	0	0.004911057
204	0	0.7.47.353997	0	0.004911057
204	0	0.7.47.354692	0	0.004911057
204	0	0.7.47.354806	0	0.004911057
204	0	0.7.47.354967	1	0.0781332
204	0	0.7.47.355130	0	0.004911057
204	0	0.7.47.35535	0	0.07735697
204	0	0.7.47.355731	0	0.0692668
204	0	0.7.47.355758	0	0.07735697
204	0	0.7.47.356555	0	0.004911057
204	0	0.7.47.357182	0	0.004911057
204	0	0.7.47.357572	0	0.004911057
204	0	0.7.47.357608	0	0.0692668
204	0	0.7.47.357691	0	0.07735697
204	0	0.7.47.35776	0	0.07735697
204	0	0.7.47.357790	0	0.07735697
204	0	0.7.47.358090	0	0.004911057
204	0	0.7.47.358231	0	0.07735697
204	0	0.7.47.358248	0	0.004911057
204	0	0.7.47.358283	0	0.07735697
204	0	0.7.47.35834	0	0.0692668
204	0	0.7.47.359215	0	0.004911057
204	0	0.7.47.359292	1	0.0781332
204	0	0.7.47.359462	1	0.0781332
204	0	0.7.47.359484	0	0.07735697
204	0	0.7.47.360390	0	0.0692668
204	0	0.7.47.3610	0	0.004911057
204	0	0.7.47.361060	0	0.004911057
204	0	0.7.47.361964	0	0.004911057
204	0	0.7.47.362181	0	0.004911057
204	0	0.7.47.362401	0	0.004911057
204	0	0.7.47.362760	0	0.004911057
204	0	0.7.47.363336	0	0.0692668
204	0	0.7.47.364123	0	0.07735697
204	0	0.7.47.364132	0	0.004911057
204	0	0.7.47.364651	0	0.07735697
204	0	0.7.47.364804	0	0.0692668
204	0	0.7.47.364830	0	0.0692668
204	0	0.7.47.364879	0	0.0692668
204	0	0.7.47.364889	0	0.0692668
204	0	0.7.47.365112	0	0.0692668
204	0	0.7.47.365399	0	0.004911057
204	0	0.7.47.365956	0	0.07735697
204	0	0.7.47.36601	0	0.0692668
204	0	0.7.47.366260	0	0.004911057
204	0	0.7.47.366586	0	0.004911057
204	0	0.7.47.366616	0	0.004911057
204	0	0.7.47.366685	0	0.004911057
204	0	0.7.47.367625	1	0.0781332
204	0	0.7.47.367677	0	0.0692668
204	0	0.7.47.368104	0	0.07735697
204	0	0.7.47.368371	0	0.0692668
204	0	0.7.47.368581	0	0.004911057
204	0	0.7.47.368803	0	0.004911057
204	0	0.7.47.36953	0	0.004911057
204	0	0.7.47.37088	1	0.08760684
204	0	0.7.47.372181	-1	0.004911057
204	0	0.7.47.37242	1	0.08760684
204	0	0.7.47.372483	0	0.004911057
204	0	0.7.47.373178	0	0.004911057
204	0	0.7.47.373328	0	0.004911057
204	0	0.7.47.373519	0	0.0781332
204	0	0.7.47.373938	0	0.004911057
204	0	0.7.47.375457	0	0.0692668
204	0	0.7.47.375981	0	0.004911057
204	0	0.7.47.376438	0	0.004911057
204	0	0.7.47.37645	0	0.004911057
204	0	0.7.47.376545	0	0.004911057
204	0	0.7.47.376795	0	0.004911057
204	0	0.7.47.376848	0	0.004911057
204	0	0.7.47.376861	0	0.004911057
204	0	0.7.47.379279	0	0.004911057
204	0	0.7.47.37933	0	0.004911057
204	0	0.7.47.379660	0	0.0692668
204	0	0.7.47.37987	0	0.0781332
204	0	0.7.47.37997	0	0.004911057
204	0	0.7.47.385036	0	0.004911057
204	0	0.7.47.3851	0	0.004911057
204	0	0.7.47.385520	0	0.004911057
204	0	0.7.47.387974	0	0.004911057
204	0	0.7.47.388102	0	0.004911057
204	0	0.7.47.388641	0	0.004911057
204	0	0.7.47.388919	0	0.004911057
204	0	0.7.47.389490	0	0.004911057
204	0	0.7.47.39137	0	0.004911057
204	0	0.7.47.391613	0	0.0692668
204	0	0.7.47.392015	0	0.004911057
204	0	0.7.47.39365	0	0.004911057
204	0	0.7.47.3972	0	0.004911057
204	0	0.7.47.39754	0	0.0692668
204	0	0.7.47.3998	0	0.004911057
204	0	0.7.47.40017	0	0.004911057
204	0	0.7.47.4005	0	0.0692668
204	0	0.7.47.40286	0	0.004911057
204	0	0.7.47.40457	0	0.004911057
204	0	0.7.47.407087	0	0.004911057
204	0	0.7.47.407195	0	0.004911057
204	0	0.7.47.407219	0	0.004911057
204	0	0.7.47.408329	0	0.004911057
204	0	0.7.47.408602	0	0.004911057
204	0	0.7.47.409081	0	0.004911057
204	0	0.7.47.409267	0	0.004911057
204	0	0.7.47.410275	0	0.004911057
204	0	0.7.47.41039	0	0.0692668
204	0	0.7.47.412085	0	0.004911057
204	0	0.7.47.412282	0	0.004911057
204	0	0.7.47.413271	0	0.004911057
204	0	0.7.47.413335	0	0.0692668
204	0	0.7.47.413894	0	0.004911057
204	0	0.7.47.413923	0	0.004911057
204	0	0.7.47.413964	0	0.004911057
204	0	0.7.47.414011	0	0.0692668
204	0	0.7.47.414272	0	0.004911057
204	0	0.7.47.414401	1	0.0781332
204	0	0.7.47.414520	0	0.004911057
204	0	0.7.47.414721	0	0.004911057
204	0	0.7.47.414862	0	0.004911057
204	0	0.7.47.414869	0	0.0692668
204	0	0.7.47.415235	0	0.0692668
204	0	0.7.47.415268	0	0.004911057
204	0	0.7.47.415306	0	0.004911057
204	0	0.7.47.4155	0	0.004911057
204	0	0.7.47.415504	0	0.004911057
204	0	0.7.47.415529	0	0.004911057
204	0	0.7.47.415568	0	0.004911057
204	0	0.7.47.415809	0	0.004911057
204	0	0.7.47.415983	0	0.004911057
204	0	0.7.47.416570	0	0.004911057
204	0	0.7.47.416889	0	0.004911057
204	0	0.7.47.417002	0	0.004911057
204	0	0.7.47.417169	0	0.0692668
204	0	0.7.47.41776	0	0.004911057
204	0	0.7.47.41778	0	0.004911057
204	0	0.7.47.417867	0	0.0692668
204	0	0.7.47.417994	0	0.004911057
204	0	0.7.47.418467	0	0.004911057
204	0	0.7.47.41853	0	0.004911057
204	0	0.7.47.418773	0	0.0692668
204	0	0.7.47.420007	0	0.0692668
204	0	0.7.47.420119	0	0.004911057
204	0	0.7.47.420481	0	0.004911057
204	0	0.7.47.420483	0	0.004911057
204	0	0.7.47.42079	0	0.0692668
204	0	0.7.47.420884	0	0.004911057
204	0	0.7.47.421026	0	0.004911057
204	0	0.7.47.421713	0	0.004911057
204	0	0.7.47.422274	0	0.004911057
204	0	0.7.47.422523	0	0.004911057
204	0	0.7.47.423646	0	0.004911057
204	0	0.7.47.424030	0	0.004911057
204	0	0.7.47.424235	0	0.004911057
204	0	0.7.47.424240	0	0.004911057
204	0	0.7.47.424819	0	0.0692668
204	0	0.7.47.424835	0	0.004911057
204	0	0.7.47.425292	0	0.004911057
204	0	0.7.47.425314	0	0.0692668
204	0	0.7.47.425962	0	0.0692668
204	0	0.7.47.426479	0	0.004911057
204	0	0.7.47.426639	0	0.07735697
204	0	0.7.47.427590	0	0.004911057
204	0	0.7.47.427628	0	0.004911057
204	0	0.7.47.427807	0	0.004911057
204	0	0.7.47.427834	0	0.004911057
204	0	0.7.47.428303	0	0.004911057
204	0	0.7.47.428800	0	0.004911057
204	0	0.7.47.429340	0	0.004911057
204	0	0.7.47.42971	0	0.004911057
204	0	0.7.47.430384	0	0.004911057
204	0	0.7.47.430734	0	0.004911057
204	0	0.7.47.431113	0	0.004911057
204	0	0.7.47.432060	0	0.004911057
204	0	0.7.47.433318	0	0.004911057
204	0	0.7.47.433537	0	0.004911057
204	0	0.7.47.433785	0	0.07735697
204	0	0.7.47.434136	0	0.004911057
204	0	0.7.47.434598	0	0.004911057
204	0	0.7.47.434637	0	0.004911057
204	0	0.7.47.435540	0	0.0692668
204	0	0.7.47.435547	1	0.08855291
204	0	0.7.47.435672	0	0.004911057
204	0	0.7.47.436137	0	0.0692668
204	0	0.7.47.436766	0	0.004911057
204	0	0.7.47.437403	0	0.0692668
204	0	0.7.47.437417	0	0.004911057
204	0	0.7.47.437460	1	0.0781332
204	0	0.7.47.437589	0	0.004911057
204	0	0.7.47.438611	0	0.004911057
204	0	0.7.47.43870	0	0.004911057
204	0	0.7.47.44022	0	0.004911057
204	0	0.7.47.440519	1	0.08760684
204	0	0.7.47.440547	0	0.004911057
204	0	0.7.47.441495	0	0.004911057
204	0	0.7.47.441912	0	0.004911057
204	0	0.7.47.442429	0	0.004911057
204	0	0.7.47.442583	0	0.07735697
204	0	0.7.47.442749	0	0.004911057
204	0	0.7.47.443003	0	0.004911057
204	0	0.7.47.443256	0	0.07735697
204	0	0.7.47.445048	0	0.004911057
204	0	0.7.47.448465	0	0.004911057
204	0	0.7.47.448481	0	0.004911057
204	0	0.7.47.449140	0	0.004911057
204	0	0.7.47.449226	0	0.004911057
204	0	0.7.47.450910	0	0.004911057
204	0	0.7.47.450944	0	0.0692668
204	0	0.7.47.451900	0	0.004911057
204	0	0.7.47.452874	0	0.0692668
204	0	0.7.47.453011	0	0.004911057
204	0	0.7.47.453981	0	0.004911057
204	0	0.7.47.45410	0	0.004911057
204	0	0.7.47.454169	0	0.004911057
204	0	0.7.47.456890	0	0.004911057
204	0	0.7.47.45697	0	0.0692668
204	0	0.7.47.45727	0	0.004911057
204	0	0.7.47.45742	0	0.004911057
204	0	0.7.47.459208	0	0.004911057
204	0	0.7.47.460531	0	0.004911057
204	0	0.7.47.46200	0	0.004911057
204	0	0.7.47.465624	-1	0.004911057
204	0	0.7.47.465897	0	0.004911057
204	0	0.7.47.466179	0	0.004911057
204	0	0.7.47.466770	0	0.004911057
204	0	0.7.47.466924	0	0.004911057
204	0	0.7.47.467585	0	0.004911057
204	0	0.7.47.469083	0	0.004911057
204	0	0.7.47.46961	0	0.004911057
204	0	0.7.47.470121	0	0.004911057
204	0	0.7.47.470533	0	0.004911057
204	0	0.7.47.470618	0	0.004911057
204	0	0.7.47.47103	0	0.004911057
204	0	0.7.47.471071	0	0.004911057
204	0	0.7.47.471127	0	0.004911057
204	0	0.7.47.471231	0	0.004911057
204	0	0.7.47.471246	0	0.004911057
204	0	0.7.47.471448	0	0.004911057
204	0	0.7.47.471535	0	0.004911057
204	0	0.7.47.47203	0	0.004911057
204	0	0.7.47.472114	0	0.004911057
204	0	0.7.47.472392	0	0.004911057
204	0	0.7.47.473284	0	0.004911057
204	0	0.7.47.473574	0	0.004911057
204	0	0.7.47.474053	0	0.004911057
204	0	0.7.47.474194	0	0.004911057
204	0	0.7.47.475873	0	0.004911057
204	0	0.7.47.477352	0	0.0692668
204	0	0.7.47.477602	0	0.0692668
204	0	0.7.47.477637	0	0.0692668
204	0	0.7.47.479338	0	0.004911057
204	0	0.7.47.47951	0	0.004911057
204	0	0.7.47.47959	0	0.004911057
204	0	0.7.47.480039	0	0.004911057
204	0	0.7.47.480264	0	0.004911057
204	0	0.7.47.480589	0	0.004911057
204	0	0.7.47.480820	0	0.004911057
204	0	0.7.47.481620	0	0.004911057
204	0	0.7.47.482815	0	0.004911057
204	0	0.7.47.483232	0	0.004911057
204	0	0.7.47.483858	0	0.004911057
204	0	0.7.47.484075	0	0.004911057
204	0	0.7.47.484370	0	0.004911057
204	0	0.7.47.484511	0	0.004911057
204	0	0.7.47.484690	0	0.004911057
204	0	0.7.47.486220	0	0.0692668
204	0	0.7.47.486318	0	0.004911057
204	0	0.7.47.48696	0	0.004911057
204	0	0.7.47.487188	0	0.0692668
204	0	0.7.47.487312	0	0.004911057
204	0	0.7.47.48842	0	0.08251748
204	0	0.7.47.48877	0	0.0692668
204	0	0.7.47.489018	0	0.004911057
204	0	0.7.47.489233	0	0.004911057
204	0	0.7.47.489305	0	0.004911057
204	0	0.7.47.489491	0	0.0692668
204	0	0.7.47.489633	0	0.004911057
204	0	0.7.47.489650	0	0.004911057
204	0	0.7.47.48970	0	0.004911057
204	0	0.7.47.490107	0	0.0692668
204	0	0.7.47.490579	0	0.004911057
204	0	0.7.47.49732	0	0.004911057
204	0	0.7.47.49787	0	0.0692668
204	0	0.7.47.49816	1	0.0781332
204	0	0.7.47.502058	0	0.004911057
204	0	0.7.47.502617	0	0.004911057
204	0	0.7.47.503113	0	0.004911057
204	0	0.7.47.503595	0	0.004911057
204	0	0.7.47.504254	0	0.0692668
204	0	0.7.47.504663	0	0.004911057
204	0	0.7.47.505294	0	0.004911057
204	0	0.7.47.505697	0	0.0692668
204	0	0.7.47.505701	0	0.0692668
204	0	0.7.47.506035	0	0.004911057
204	0	0.7.47.507470	0	0.004911057
204	0	0.7.47.507779	0	0.004911057
204	0	0.7.47.508932	0	0.004911057
204	0	0.7.47.512	0	0.004911057
204	0	0.7.47.513188	0	0.004911057
204	0	0.7.47.514465	1	0.08760684
204	0	0.7.47.515779	0	0.004911057
204	0	0.7.47.516449	0	0.004911057
204	0	0.7.47.517031	0	0.004911057
204	0	0.7.47.517408	0	0.004911057
204	0	0.7.47.517579	0	0.004911057
204	0	0.7.47.518192	0	0.004911057
204	0	0.7.47.519128	0	0.004911057
204	0	0.7.47.519781	0	0.004911057
204	0	0.7.47.519837	0	0.004911057
204	0	0.7.47.520014	0	0.004911057
204	0	0.7.47.520370	0	0.0781332
204	0	0.7.47.521315	0	0.004911057
204	0	0.7.47.521674	0	0.004911057
204	0	0.7.47.521902	0	0.004911057
204	0	0.7.47.522323	0	0.004911057
204	0	0.7.47.522331	0	0.004911057
204	0	0.7.47.5231	0	0.004911057
204	0	0.7.47.523283	0	0.004911057
204	0	0.7.47.527556	0	0.004911057
204	0	0.7.47.528929	0	0.004911057
204	0	0.7.47.530050	0	0.004911057
204	0	0.7.47.531505	0	0.004911057
204	0	0.7.47.532376	0	0.004911057
204	0	0.7.47.533450	0	0.004911057
204	0	0.7.47.533487	0	0.004911057
204	0	0.7.47.534819	0	0.004911057
204	0	0.7.47.536429	0	0.004911057
204	0	0.7.47.539752	0	0.004911057
204	0	0.7.47.541567	0	0.004911057
204	0	0.7.47.541669	0	0.0692668
204	0	0.7.47.544924	0	0.004911057
204	0	0.7.47.545795	0	0.0692668
204	0	0.7.47.545839	0	0.004911057
204	0	0.7.47.546123	0	0.0692668
204	0	0.7.47.547331	0	0.004911057
204	0	0.7.47.548149	0	0.004911057
204	0	0.7.47.549187	0	0.004911057
204	0	0.7.47.549278	0	0.004911057
204	0	0.7.47.549915	0	0.004911057
204	0	0.7.47.550412	0	0.004911057
204	0	0.7.47.551029	0	0.0692668
204	0	0.7.47.55468	0	0.004911057
204	0	0.7.47.565107	0	0.004911057
204	0	0.7.47.565230	1	0.08855291
204	0	0.7.47.565275	0	0.004911057
204	0	0.7.47.565543	0	0.004911057
204	0	0.7.47.565577	0	0.004911057
204	0	0.7.47.566036	0	0.004911057
204	0	0.7.47.56609	0	0.004911057
204	0	0.7.47.567113	0	0.004911057
204	0	0.7.47.56843	0	0.004911057
204	0	0.7.47.569321	0	0.004911057
204	0	0.7.47.569800	0	0.004911057
204	0	0.7.47.570192	0	0.004911057
204	0	0.7.47.5704	0	0.004911057
204	0	0.7.47.570607	0	0.0692668
204	0	0.7.47.571002	0	0.004911057
204	0	0.7.47.572315	0	0.004911057
204	0	0.7.47.572573	0	0.004911057
204	0	0.7.47.572885	0	0.004911057
204	0	0.7.47.574600	0	0.0692668
204	0	0.7.47.574659	0	0.0692668
204	0	0.7.47.575680	0	0.1728395
204	0	0.7.47.575825	0	0.004911057
204	0	0.7.47.576571	0	0.004911057
204	0	0.7.47.577554	1	0.08760684
204	0	0.7.47.578139	0	0.004911057
204	0	0.7.47.578239	1	0.08760684
204	0	0.7.47.578246	1	0.08855291
204	0	0.7.47.578365	1	0.08855291
204	0	0.7.47.578396	0	0.004911057
204	0	0.7.47.578405	1	0.08855291
204	0	0.7.47.578510	0	0.0692668
204	0	0.7.47.578631	0	0.0692668
204	0	0.7.47.578723	0	0.004911057
204	0	0.7.47.581154	0	0.004911057
204	0	0.7.47.581264	0	0.0692668
204	0	0.7.47.581302	0	0.0692668
204	0	0.7.47.581366	0	0.004911057
204	0	0.7.47.581468	0	0.004911057
204	0	0.7.47.581620	0	0.004911057
204	0	0.7.47.581662	0	0.004911057
204	0	0.7.47.582342	1	0.0692668
204	0	0.7.47.582817	0	0.0692668
204	0	0.7.47.582846	0	0.004911057
204	0	0.7.47.583023	1	0.08251748
204	0	0.7.47.583682	0	0.004911057
204	0	0.7.47.583759	0	0.0692668
204	0	0.7.47.583890	1	0.0781332
204	0	0.7.47.583892	1	0.0781332
204	0	0.7.47.583898	1	0.0781332
204	0	0.7.47.584259	0	0.0692668
204	0	0.7.47.585078	0	0.0692668
204	0	0.7.47.585240	0	0.0692668
204	0	0.7.47.587035	1	0.0781332
204	0	0.7.47.587049	0	0.004911057
204	0	0.7.47.587209	0	0.004911057
204	0	0.7.47.5875	0	0.004911057
204	0	0.7.47.587547	0	0.004911057
204	0	0.7.47.588791	0	0.004911057
204	0	0.7.47.588910	0	0.004911057
204	0	0.7.47.590890	0	0.0692668
204	0	0.7.47.59120	0	0.004911057
204	0	0.7.47.591577	0	0.004911057
204	0	0.7.47.59181	0	0.0692668
204	0	0.7.47.592353	0	0.004911057
204	0	0.7.47.595026	0	0.004911057
204	0	0.7.47.597029	0	0.004911057
204	0	0.7.47.597471	0	0.004911057
204	0	0.7.47.598096	0	0.004911057
204	0	0.7.47.599438	0	0.004911057
204	0	0.7.47.600419	0	0.004911057
204	0	0.7.47.600668	0	0.004911057
204	0	0.7.47.600874	0	0.004911057
204	0	0.7.47.601452	0	0.004911057
204	0	0.7.47.602207	0	0.004911057
204	0	0.7.47.603408	0	0.0692668
204	0	0.7.47.60516	0	0.004911057
204	0	0.7.47.605256	0	0.0692668
204	0	0.7.47.606448	0	0.0692668
204	0	0.7.47.606795	0	0.004911057
204	0	0.7.47.606886	0	0.0692668
204	0	0.7.47.608656	0	0.0692668
204	0	0.7.47.608821	0	0.004911057
204	0	0.7.47.609247	0	0.004911057
204	0	0.7.47.609745	0	0.004911057
204	0	0.7.47.610860	0	0.004911057
204	0	0.7.47.611000	0	0.08251748
204	0	0.7.47.611069	1	0.0781332
204	0	0.7.47.612146	0	0.0692668
204	0	0.7.47.613155	0	0.0692668
204	0	0.7.47.613243	0	0.0692668
204	0	0.7.47.613456	0	0.0692668
204	0	0.7.47.613544	0	0.07735697
204	0	0.7.47.613589	0	0.07735697
204	0	0.7.47.613653	0	0.004911057
204	0	0.7.47.614016	0	0.0692668
204	0	0.7.47.614511	0	0.004911057
204	0	0.7.47.6146	0	0.004911057
204	0	0.7.47.614849	0	0.0692668
204	0	0.7.47.615026	0	0.004911057
204	0	0.7.47.615711	0	0.0692668
204	0	0.7.47.617090	0	0.0692668
204	0	0.7.47.617428	0	0.004911057
204	0	0.7.47.618888	0	0.08251748
204	0	0.7.47.619252	0	0.0692668
204	0	0.7.47.619263	0	0.0692668
204	0	0.7.47.619344	0	0.004911057
204	0	0.7.47.620072	0	0.0692668
204	0	0.7.47.620490	0	0.0692668
204	0	0.7.47.620571	0	0.0692668
204	0	0.7.47.620684	0	0.0692668
204	0	0.7.47.620814	0	0.0692668
204	0	0.7.47.622026	0	0.0692668
204	0	0.7.47.622872	0	0.004911057
204	0	0.7.47.623250	0	0.004911057
204	0	0.7.47.623397	0	0.004911057
204	0	0.7.47.624763	0	0.004911057
204	0	0.7.47.625626	0	0.0692668
204	0	0.7.47.626680	0	0.0692668
204	0	0.7.47.626835	0	0.004911057
204	0	0.7.47.626990	0	0.0692668
204	0	0.7.47.627058	0	0.0692668
204	0	0.7.47.627071	0	0.004911057
204	0	0.7.47.627343	0	0.07735697
204	0	0.7.47.628750	0	0.0692668
204	0	0.7.47.63027	0	0.004911057
204	0	0.7.47.630792	0	0.0692668
204	0	0.7.47.631042	0	0.004911057
204	0	0.7.47.632574	0	0.0692668
204	0	0.7.47.633234	0	0.0692668
204	0	0.7.47.633239	0	0.004911057
204	0	0.7.47.633674	0	0.0692668
204	0	0.7.47.634069	0	0.07735697
204	0	0.7.47.634327	0	0.0692668
204	0	0.7.47.634955	0	0.0692668
204	0	0.7.47.634976	0	0.0692668
204	0	0.7.47.635054	0	0.07735697
204	0	0.7.47.63588	0	0.004911057
204	0	0.7.47.636073	0	0.0692668
204	0	0.7.47.636560	0	0.0692668
204	0	0.7.47.636626	0	0.07735697
204	0	0.7.47.637060	0	0.004911057
204	0	0.7.47.637150	0	0.0692668
204	0	0.7.47.638047	0	0.004911057
204	0	0.7.47.639003	0	0.004911057
204	0	0.7.47.639149	0	0.0692668
204	0	0.7.47.6394	0	0.004911057
204	0	0.7.47.639732	0	0.07735697
204	0	0.7.47.640192	0	0.0692668
204	0	0.7.47.640354	0	0.004911057
204	0	0.7.47.640394	0	0.0692668
204	0	0.7.47.640853	0	0.0692668
204	0	0.7.47.641283	0	0.08251748
204	0	0.7.47.641329	0	0.08251748
204	0	0.7.47.641347	0	0.08251748
204	0	0.7.47.642411	0	0.08251748
204	0	0.7.47.642968	0	0.004911057
204	0	0.7.47.643485	0	0.004911057
204	0	0.7.47.644576	0	0.004911057
204	0	0.7.47.645108	0	0.004911057
204	0	0.7.47.645662	0	0.0692668
204	0	0.7.47.645776	0	0.0692668
204	0	0.7.47.645983	0	0.0692668
204	0	0.7.47.646715	0	0.0692668
204	0	0.7.47.647274	0	0.004911057
204	0	0.7.47.647544	0	0.004911057
204	0	0.7.47.647840	0	0.0692668
204	0	0.7.47.648193	1	0.0781332
204	0	0.7.47.648259	1	0.0781332
204	0	0.7.47.65025	0	0.004911057
204	0	0.7.47.652039	0	0.004911057
204	0	0.7.47.652117	0	0.004911057
204	0	0.7.47.652222	0	0.004911057
204	0	0.7.47.652381	0	0.004911057
204	0	0.7.47.653038	0	0.004911057
204	0	0.7.47.653252	0	0.0692668
204	0	0.7.47.6555	0	0.0692668
204	0	0.7.47.657862	0	0.0692668
204	0	0.7.47.659203	0	0.004911057
204	0	0.7.47.659416	0	0.004911057
204	0	0.7.47.659533	0	0.004911057
204	0	0.7.47.6596	0	0.0692668
204	0	0.7.47.659843	0	0.004911057
204	0	0.7.47.660323	0	0.004911057
204	0	0.7.47.663339	0	0.004911057
204	0	0.7.47.663354	0	0.004911057
204	0	0.7.47.663870	0	0.004911057
204	0	0.7.47.663913	0	0.004911057
204	0	0.7.47.664070	0	0.004911057
204	0	0.7.47.664598	0	0.004911057
204	0	0.7.47.664804	0	0.004911057
204	0	0.7.47.6649	0	0.0692668
204	0	0.7.47.665174	0	0.004911057
204	0	0.7.47.665782	0	0.004911057
204	0	0.7.47.665786	0	0.004911057
204	0	0.7.47.665818	0	0.004911057
204	0	0.7.47.667198	0	0.004911057
204	0	0.7.47.667252	0	0.004911057
204	0	0.7.47.667852	0	0.004911057
204	0	0.7.47.668144	0	0.004911057
204	0	0.7.47.669354	0	0.004911057
204	0	0.7.47.670061	0	0.004911057
204	0	0.7.47.670404	0	0.004911057
204	0	0.7.47.670715	0	0.0692668
204	0	0.7.47.670732	0	0.0692668
204	0	0.7.47.670752	0	0.004911057
204	0	0.7.47.671521	0	0.004911057
204	0	0.7.47.671528	0	0.0692668
204	0	0.7.47.671601	0	0.004911057
204	0	0.7.47.671899	0	0.004911057
204	0	0.7.47.672032	0	0.004911057
204	0	0.7.47.672374	0	0.004911057
204	0	0.7.47.673781	0	0.004911057
204	0	0.7.47.67391	0	0.004911057
204	0	0.7.47.675349	0	0.004911057
204	0	0.7.47.676078	0	0.004911057
204	0	0.7.47.677299	0	0.004911057
204	0	0.7.47.677482	0	0.004911057
204	0	0.7.47.677764	0	0.004911057
204	0	0.7.47.678259	0	0.004911057
204	0	0.7.47.678678	0	0.004911057
204	0	0.7.47.678835	0	0.004911057
204	0	0.7.47.679474	0	0.004911057
204	0	0.7.47.680661	0	0.004911057
204	0	0.7.47.68071	0	0.004911057
204	0	0.7.47.683074	0	0.004911057
204	0	0.7.47.683197	0	0.004911057
204	0	0.7.47.683253	1	0.1728395
204	0	0.7.47.683259	1	0.1728395
204	0	0.7.47.683435	0	0.004911057
204	0	0.7.47.686416	0	0.004911057
204	0	0.7.47.686502	0	0.004911057
204	0	0.7.47.686619	0	0.0692668
204	0	0.7.47.68747	0	0.004911057
204	0	0.7.47.687937	0	0.004911057
204	0	0.7.47.687972	0	0.004911057
204	0	0.7.47.688382	0	0.004911057
204	0	0.7.47.688633	0	0.0692668
204	0	0.7.47.688666	1	0.0781332
204	0	0.7.47.688743	0	0.004911057
204	0	0.7.47.688778	0	0.004911057
204	0	0.7.47.688792	0	0.0692668
204	0	0.7.47.688803	0	0.0692668
204	0	0.7.47.689191	0	0.004911057
204	0	0.7.47.689330	0	0.004911057
204	0	0.7.47.690380	0	0.004911057
204	0	0.7.47.690751	0	0.004911057
204	0	0.7.47.690957	0	0.004911057
204	0	0.7.47.691162	0	0.004911057
204	0	0.7.47.692008	0	0.004911057
204	0	0.7.47.692273	0	0.004911057
204	0	0.7.47.693051	0	0.0692668
204	0	0.7.47.693707	1	0.0781332
204	0	0.7.47.693918	1	0.1728395
204	0	0.7.47.694810	0	0.004911057
204	0	0.7.47.69482	1	0.08855291
204	0	0.7.47.694832	0	0.004911057
204	0	0.7.47.69494	0	0.004911057
204	0	0.7.47.696773	0	0.004911057
204	0	0.7.47.697405	0	0.004911057
204	0	0.7.47.697618	0	0.004911057
204	0	0.7.47.698577	0	0.07735697
204	0	0.7.47.698837	0	0.004911057
204	0	0.7.47.698964	0	0.004911057
204	0	0.7.47.699174	0	0.004911057
204	0	0.7.47.699604	0	0.004911057
204	0	0.7.47.701203	0	0.0692668
204	0	0.7.47.701206	0	0.004911057
204	0	0.7.47.701347	0	0.004911057
204	0	0.7.47.701638	1	0.0781332
204	0	0.7.47.702045	0	0.004911057
204	0	0.7.47.702349	0	0.004911057
204	0	0.7.47.702350	0	0.004911057
204	0	0.7.47.702511	0	0.004911057
204	0	0.7.47.702936	0	0.004911057
204	0	0.7.47.703466	0	0.004911057
204	0	0.7.47.704468	0	0.004911057
204	0	0.7.47.705155	0	0.004911057
204	0	0.7.47.705610	0	0.004911057
204	0	0.7.47.706128	0	0.004911057
204	0	0.7.47.706577	0	0.004911057
204	0	0.7.47.706792	0	0.004911057
204	0	0.7.47.708175	0	0.004911057
204	0	0.7.47.709646	0	0.004911057
204	0	0.7.47.711614	0	0.004911057
204	0	0.7.47.712198	0	0.004911057
204	0	0.7.47.713130	0	0.004911057
204	0	0.7.47.713199	0	0.004911057
204	0	0.7.47.713572	0	0.0692668
204	0	0.7.47.713653	0	0.004911057
204	0	0.7.47.714723	0	0.004911057
204	0	0.7.47.715064	0	0.0692668
204	0	0.7.47.715104	0	0.0692668
204	0	0.7.47.715223	0	0.0692668
204	0	0.7.47.715224	0	0.0692668
204	0	0.7.47.717050	0	0.004911057
204	0	0.7.47.717158	0	0.004911057
204	0	0.7.47.717485	0	0.004911057
204	0	0.7.47.719184	0	0.0692668
204	0	0.7.47.719844	0	0.07735697
204	0	0.7.47.719931	0	0.004911057
204	0	0.7.47.720250	0	0.004911057
204	0	0.7.47.721733	0	0.004911057
204	0	0.7.47.722858	0	0.004911057
204	0	0.7.47.723033	0	0.004911057
204	0	0.7.47.723267	0	0.004911057
204	0	0.7.47.723528	0	0.004911057
204	0	0.7.47.723673	0	0.004911057
204	0	0.7.47.723786	0	0.004911057
204	0	0.7.47.724343	0	0.004911057
204	0	0.7.47.726313	0	0.004911057
204	0	0.7.47.726325	0	0.004911057
204	0	0.7.47.726338	0	0.004911057
204	0	0.7.47.729131	0	0.004911057
204	0	0.7.47.729219	0	0.004911057
204	0	0.7.47.733302	0	0.004911057
204	0	0.7.47.734906	0	0.004911057
204	0	0.7.47.735969	0	0.004911057
204	0	0.7.47.736501	0	0.004911057
204	0	0.7.47.737269	0	0.004911057
204	0	0.7.47.738753	0	0.004911057
204	0	0.7.47.738770	0	0.004911057
204	0	0.7.47.739627	0	0.004911057
204	0	0.7.47.740064	0	0.004911057
204	0	0.7.47.740393	0	0.004911057
204	0	0.7.47.741031	0	0.004911057
204	0	0.7.47.743698	0	0.004911057
204	0	0.7.47.747420	0	0.004911057
204	0	0.7.47.748111	0	0.004911057
204	0	0.7.47.748264	0	0.004911057
204	0	0.7.47.748447	0	0.004911057
204	0	0.7.47.748944	0	0.004911057
204	0	0.7.47.749258	1	0.08760684
204	0	0.7.47.749965	0	0.0692668
204	0	0.7.47.749985	0	0.004911057
204	0	0.7.47.750346	0	0.004911057
204	0	0.7.47.750718	0	0.0692668
204	0	0.7.47.752511	0	0.004911057
204	0	0.7.47.752890	0	0.004911057
204	0	0.7.47.753146	0	0.004911057
204	0	0.7.47.753891	0	0.1728395
204	0	0.7.47.753972	0	0.07735697
204	0	0.7.47.754816	0	0.1728395
204	0	0.7.47.755360	0	0.004911057
204	0	0.7.47.75540	0	0.004911057
204	0	0.7.47.756203	0	0.0692668
204	0	0.7.47.756249	0	0.004911057
204	0	0.7.47.756269	0	0.0692668
204	0	0.7.47.756847	0	0.004911057
204	0	0.7.47.756914	0	0.004911057
204	0	0.7.47.757050	0	0.004911057
204	0	0.7.47.757844	1	0.08251748
204	0	0.7.47.757966	0	0.1728395
204	0	0.7.47.758281	1	0.08251748
204	0	0.7.47.758624	1	0.08855291
204	0	0.7.47.758743	0	0.004911057
204	0	0.7.47.758865	1	0.0781332
204	0	0.7.47.758899	0	0.004911057
204	0	0.7.47.759034	1	0.1728395
204	0	0.7.47.759305	0	0.004911057
204	0	0.7.47.759978	0	0.004911057
204	0	0.7.47.760024	0	0.004911057
204	0	0.7.47.76006	0	0.004911057
204	0	0.7.47.760975	0	0.004911057
204	0	0.7.47.761578	0	0.004911057
204	0	0.7.47.761719	0	0.004911057
204	0	0.7.47.761746	0	0.004911057
204	0	0.7.47.762053	0	0.004911057
204	0	0.7.47.76274	0	0.004911057
204	0	0.7.47.76382	0	0.004911057
204	0	0.7.47.764698	0	0.004911057
204	0	0.7.47.764796	1	0.08855291
204	0	0.7.47.764838	0	0.004911057
204	0	0.7.47.765562	0	0.0692668
204	0	0.7.47.765625	0	0.004911057
204	0	0.7.47.76576	0	0.004911057
204	0	0.7.47.766137	0	0.0692668
204	0	0.7.47.766470	0	0.004911057
204	0	0.7.47.78307	-1	0.004911057
204	0	0.7.47.78437	-1	0.004911057
204	0	0.7.47.788292	0	0.004911057
204	0	0.7.47.788545	0	0.004911057
204	0	0.7.47.789097	0	0.004911057
204	0	0.7.47.790599	0	0.004911057
204	0	0.7.47.79066	-1	0.004911057
204	0	0.7.47.791290	0	0.004911057
204	0	0.7.47.791383	0	0.004911057
204	0	0.7.47.793044	0	0.0692668
204	0	0.7.47.793332	0	0.004911057
204	0	0.7.47.796315	0	0.0692668
204	0	0.7.47.796961	0	0.004911057
204	0	0.7.47.798089	0	0.004911057
204	0	0.7.47.803	0	0.004911057
204	0	0.7.47.80387	-1	0.0781332
204	0	0.7.47.80822	0	0.004911057
204	0	0.7.47.808749	0	0.004911057
204	0	0.7.47.809042	0	0.004911057
204	0	0.7.47.809046	0	0.004911057
204	0	0.7.47.809729	0	0.07735697
204	0	0.7.47.809748	0	0.0692668
204	0	0.7.47.809889	0	0.004911057
204	0	0.7.47.810388	0	0.004911057
204	0	0.7.47.811037	0	0.0692668
204	0	0.7.47.811051	0	0.07735697
204	0	0.7.47.811562	0	0.0692668
204	0	0.7.47.811883	0	0.0692668
204	0	0.7.47.812124	0	0.004911057
204	0	0.7.47.812884	0	0.0692668
204	0	0.7.47.813612	0	0.004911057
204	0	0.7.47.814290	0	0.08251748
204	0	0.7.47.814306	0	0.0692668
204	0	0.7.47.81464	0	0.004911057
204	0	0.7.47.815136	0	0.004911057
204	0	0.7.47.817503	0	0.004911057
204	0	0.7.47.819635	0	0.0692668
204	0	0.7.47.820175	0	0.004911057
204	0	0.7.47.820593	0	0.0692668
204	0	0.7.47.820601	0	0.0692668
204	0	0.7.47.82096	0	0.004911057
204	0	0.7.47.821390	0	0.004911057
204	0	0.7.47.821544	0	0.0692668
204	0	0.7.47.822119	0	0.004911057
204	0	0.7.47.822613	0	0.004911057
204	0	0.7.47.822703	0	0.004911057
204	0	0.7.47.822987	0	0.07735697
204	0	0.7.47.823193	0	0.004911057
204	0	0.7.47.823202	0	0.07735697
204	0	0.7.47.82358	0	0.004911057
204	0	0.7.47.825165	0	0.004911057
204	0	0.7.47.825239	0	0.004911057
204	0	0.7.47.826246	0	0.07735697
204	0	0.7.47.826405	1	0.0781332
204	0	0.7.47.827121	0	0.004911057
204	0	0.7.47.82810	0	0.004911057
204	0	0.7.47.829748	1	0.1728395
204	0	0.7.47.830436	0	0.004911057
204	0	0.7.47.831171	0	0.0692668
204	0	0.7.47.831284	0	0.0692668
204	0	0.7.47.832196	0	0.0692668
204	0	0.7.47.83236	0	0.004911057
204	0	0.7.47.833163	0	0.0781332
204	0	0.7.47.833281	0	0.0781332
204	0	0.7.47.83430	0	0.004911057
204	0	0.7.47.834317	0	0.0692668
204	0	0.7.47.834546	0	0.004911057
204	0	0.7.47.834559	0	0.0692668
204	0	0.7.47.83465	0	0.004911057
204	0	0.7.47.835531	0	0.004911057
204	0	0.7.47.835718	0	0.004911057
204	0	0.7.47.836075	0	0.004911057
204	0	0.7.47.8362	0	0.004911057
204	0	0.7.47.836321	0	0.004911057
204	0	0.7.47.836916	0	0.004911057
204	0	0.7.47.837269	0	0.004911057
204	0	0.7.47.838073	0	0.004911057
204	0	0.7.47.83833	0	0.004911057
204	0	0.7.47.839414	0	0.004911057
204	0	0.7.47.839419	0	0.004911057
204	0	0.7.47.839662	0	0.0692668
204	0	0.7.47.84158	0	0.004911057
204	0	0.7.47.84244	0	0.004911057
204	0	0.7.47.848997	0	0.004911057
204	0	0.7.47.849206	0	0.004911057
204	0	0.7.47.850002	0	0.004911057
204	0	0.7.47.850413	0	0.004911057
204	0	0.7.47.850429	0	0.0692668
204	0	0.7.47.850605	0	0.004911057
204	0	0.7.47.850729	0	0.004911057
204	0	0.7.47.850764	0	0.004911057
204	0	0.7.47.850819	0	0.004911057
204	0	0.7.47.850935	0	0.004911057
204	0	0.7.47.851207	0	0.004911057
204	0	0.7.47.851242	0	0.0692668
204	0	0.7.47.851372	0	0.004911057
204	0	0.7.47.851554	0	0.004911057
204	0	0.7.47.851988	0	0.004911057
204	0	0.7.47.851992	0	0.004911057
204	0	0.7.47.853005	0	0.004911057
204	0	0.7.47.853529	0	0.0692668
204	0	0.7.47.853658	0	0.004911057
204	0	0.7.47.853907	0	0.004911057
204	0	0.7.47.854019	0	0.0692668
204	0	0.7.47.854219	0	0.004911057
204	0	0.7.47.85450	0	0.004911057
204	0	0.7.47.85460	0	0.004911057
204	0	0.7.47.854686	0	0.0692668
204	0	0.7.47.855109	0	0.004911057
204	0	0.7.47.855115	0	0.004911057
204	0	0.7.47.855735	0	0.004911057
204	0	0.7.47.855927	1	0.08760684
204	0	0.7.47.85598	0	0.004911057
204	0	0.7.47.856215	0	0.004911057
204	0	0.7.47.856335	0	0.004911057
204	0	0.7.47.856586	0	0.004911057
204	0	0.7.47.857849	0	0.004911057
204	0	0.7.47.858792	0	0.004911057
204	0	0.7.47.858829	0	0.004911057
204	0	0.7.47.859757	0	0.004911057
204	0	0.7.47.859827	0	0.004911057
204	0	0.7.47.860565	0	0.004911057
204	0	0.7.47.860900	1	0.0781332
204	0	0.7.47.861093	0	0.004911057
204	0	0.7.47.861221	0	0.004911057
204	0	0.7.47.861838	1	0.0781332
204	0	0.7.47.861851	0	0.004911057
204	0	0.7.47.861890	0	0.004911057
204	0	0.7.47.861924	1	0.0781332
204	0	0.7.47.862106	0	0.004911057
204	0	0.7.47.862271	0	0.0692668
204	0	0.7.47.862307	0	0.004911057
204	0	0.7.47.862554	0	0.004911057
204	0	0.7.47.863031	0	0.004911057
204	0	0.7.47.863693	0	0.004911057
204	0	0.7.47.863924	0	0.004911057
204	0	0.7.47.864094	0	0.004911057
204	0	0.7.47.864275	0	0.004911057
204	0	0.7.47.864629	0	0.004911057
204	0	0.7.47.864905	0	0.004911057
204	0	0.7.47.86511	0	0.004911057
204	0	0.7.47.865211	0	0.004911057
204	0	0.7.47.865231	0	0.004911057
204	0	0.7.47.865668	0	0.004911057
204	0	0.7.47.866823	0	0.004911057
204	0	0.7.47.867139	0	0.004911057
204	0	0.7.47.867522	0	0.004911057
204	0	0.7.47.867889	0	0.004911057
204	0	0.7.47.86989	0	0.004911057
204	0	0.7.47.869938	0	0.004911057
204	0	0.7.47.869976	0	0.004911057
204	0	0.7.47.870548	0	0.004911057
204	0	0.7.47.870722	0	0.004911057
204	0	0.7.47.870724	0	0.004911057
204	0	0.7.47.871646	0	0.004911057
204	0	0.7.47.871672	0	0.004911057
204	0	0.7.47.871856	0	0.004911057
204	0	0.7.47.876215	0	0.0692668
204	0	0.7.47.876730	0	0.0692668
204	0	0.7.47.876731	0	0.0692668
204	0	0.7.47.876794	0	0.0692668
204	0	0.7.47.877355	0	0.004911057
204	0	0.7.47.877357	0	0.004911057
204	0	0.7.47.877832	0	0.004911057
204	0	0.7.47.877839	0	0.004911057
204	0	0.7.47.877916	0	0.0692668
204	0	0.7.47.878600	1	0.08855291
204	0	0.7.47.87902	0	0.004911057
204	0	0.7.47.87908	0	0.004911057
204	0	0.7.47.881162	0	0.0692668
204	0	0.7.47.88253	0	0.004911057
204	0	0.7.47.884289	0	0.004911057
204	0	0.7.47.884408	1	0.08855291
204	0	0.7.47.885168	0	0.0692668
204	0	0.7.47.885298	0	0.0692668
204	0	0.7.47.885936	0	0.004911057
204	0	0.7.47.885954	0	0.0692668
204	0	0.7.47.886166	1	0.0781332
204	0	0.7.47.886569	0	0.004911057
204	0	0.7.47.886660	1	0.08760684
204	0	0.7.47.887489	0	0.004911057
204	0	0.7.47.888454	0	0.004911057
204	0	0.7.47.88995	0	0.004911057
204	0	0.7.47.89037	0	0.004911057
204	0	0.7.47.89272	0	0.0692668
204	0	0.7.47.892748	0	0.004911057
204	0	0.7.47.89275	0	0.0692668
204	0	0.7.47.894165	0	0.004911057
204	0	0.7.47.894470	0	0.004911057
204	0	0.7.47.895183	0	0.004911057
204	0	0.7.47.895512	0	0.004911057
204	0	0.7.47.895556	0	0.004911057
204	0	0.7.47.895817	0	0.0692668
204	0	0.7.47.896390	0	0.004911057
204	0	0.7.47.896924	0	0.004911057
204	0	0.7.47.897087	0	0.004911057
204	0	0.7.47.897331	0	0.004911057
204	0	0.7.47.897475	0	0.0692668
204	0	0.7.47.89752	0	0.004911057
204	0	0.7.47.89783	0	0.004911057
204	0	0.7.47.899886	0	0.004911057
204	0	0.7.47.900007	0	0.004911057
204	0	0.7.47.900642	0	0.004911057
204	0	0.7.47.900723	0	0.004911057
204	0	0.7.47.901251	0	0.004911057
204	0	0.7.47.901802	0	0.004911057
204	0	0.7.47.90250	0	0.004911057
204	0	0.7.47.902569	0	0.004911057
204	0	0.7.47.904449	0	0.004911057
204	0	0.7.47.904565	0	0.004911057
204	0	0.7.47.906222	0	0.004911057
204	0	0.7.47.90974	0	0.004911057
204	0	0.7.47.911	0	0.004911057
204	0	0.7.47.912441	0	0.004911057
204	0	0.7.47.916599	0	0.004911057
204	0	0.7.47.917605	0	0.004911057
204	0	0.7.47.91832	0	0.004911057
204	0	0.7.47.919660	0	0.004911057
204	0	0.7.47.919884	0	0.004911057
204	0	0.7.47.920033	0	0.004911057
204	0	0.7.47.9202	-1	0.0692668
204	0	0.7.47.920247	0	0.004911057
204	0	0.7.47.921385	0	0.004911057
204	0	0.7.47.921537	0	0.004911057
204	0	0.7.47.921889	0	0.004911057
204	0	0.7.47.92239	0	0.004911057
204	0	0.7.47.922578	0	0.004911057
204	0	0.7.47.923412	0	0.004911057
204	0	0.7.47.923721	0	0.004911057
204	0	0.7.47.923735	0	0.004911057
204	0	0.7.47.923826	0	0.004911057
204	0	0.7.47.923913	0	0.004911057
204	0	0.7.47.923956	0	0.004911057
204	0	0.7.47.92411	0	0.004911057
204	0	0.7.47.924633	0	0.0692668
204	0	0.7.47.925860	0	0.004911057
204	0	0.7.47.925910	0	0.004911057
204	0	0.7.47.926504	0	0.004911057
204	0	0.7.47.926809	0	0.004911057
204	0	0.7.47.92764	0	0.004911057
204	0	0.7.47.928463	0	0.004911057
204	0	0.7.47.928659	-1	0.004911057
204	0	0.7.47.929126	0	0.0692668
204	0	0.7.47.929778	0	0.0692668
204	0	0.7.47.931104	0	0.004911057
204	0	0.7.47.931698	0	0.004911057
204	0	0.7.47.93172	0	0.004911057
204	0	0.7.47.931959	0	0.004911057
204	0	0.7.47.932590	0	0.004911057
204	0	0.7.47.933672	0	0.004911057
204	0	0.7.47.933801	0	0.004911057
204	0	0.7.47.93441	0	0.004911057
204	0	0.7.47.93557	0	0.004911057
204	0	0.7.47.936473	0	0.004911057
204	0	0.7.47.937247	0	0.004911057
204	0	0.7.47.937752	0	0.004911057
204	0	0.7.47.939149	0	0.004911057
204	0	0.7.47.939163	0	0.004911057
204	0	0.7.47.939545	0	0.004911057
204	0	0.7.47.94005	0	0.07735697
204	0	0.7.47.940069	0	0.004911057
204	0	0.7.47.94021	0	0.004911057
204	0	0.7.47.940657	0	0.004911057
204	0	0.7.47.941474	1	0.0781332
204	0	0.7.47.941554	0	0.004911057
204	0	0.7.47.941573	0	0.004911057
204	0	0.7.47.94172	0	0.004911057
204	0	0.7.47.941743	0	0.004911057
204	0	0.7.47.942010	0	0.004911057
204	0	0.7.47.942189	0	0.004911057
204	0	0.7.47.94276	0	0.004911057
204	0	0.7.47.942830	0	0.0781332
204	0	0.7.47.943432	0	0.0692668
204	0	0.7.47.944216	0	0.0692668
204	0	0.7.47.944244	0	0.0692668
204	0	0.7.47.944260	0	0.0692668
204	0	0.7.47.944261	0	0.0692668
204	0	0.7.47.946453	0	0.004911057
204	0	0.7.47.948411	0	0.004911057
204	0	0.7.47.949703	0	0.004911057
204	0	0.7.47.949895	0	0.0692668
204	0	0.7.47.94994	0	0.004911057
204	0	0.7.47.95002	0	0.0692668
204	0	0.7.47.95017	0	0.0692668
204	0	0.7.47.950555	0	0.004911057
204	0	0.7.47.95101	0	0.0692668
204	0	0.7.47.953374	0	0.004911057
204	0	0.7.47.953639	0	0.004911057
204	0	0.7.47.953642	0	0.004911057
204	0	0.7.47.953899	0	0.004911057
204	0	0.7.47.953959	0	0.004911057
204	0	0.7.47.954299	0	0.0692668
204	0	0.7.47.954702	-1	0.0692668
204	0	0.7.47.954769	0	0.004911057
204	0	0.7.47.95605	0	0.0692668
204	0	0.7.47.957383	1	0.08855291
204	0	0.7.47.957384	1	0.08855291
204	0	0.7.47.957996	0	0.004911057
204	0	0.7.47.958451	0	0.08760684
204	0	0.7.47.958495	0	0.004911057
204	0	0.7.47.958815	0	0.004911057
204	0	0.7.47.959669	0	0.0692668
204	0	0.7.47.959679	0	0.0692668
204	0	0.7.47.959984	0	0.004911057
204	0	0.7.47.960069	0	0.004911057
204	0	0.7.47.960592	0	0.0692668
204	0	0.7.47.960835	0	0.0692668
204	0	0.7.47.960875	0	0.08251748
204	0	0.7.47.960960	0	0.0692668
204	0	0.7.47.961461	0	0.0692668
204	0	0.7.47.96152	0	0.004911057
204	0	0.7.47.961837	0	0.0692668
204	0	0.7.47.96187	0	0.004911057
204	0	0.7.47.962858	1	0.08760684
204	0	0.7.47.962866	0	0.08251748
204	0	0.7.47.962907	0	0.004911057
204	0	0.7.47.963070	0	0.0692668
204	0	0.7.47.963342	1	0.08855291
204	0	0.7.47.963561	0	0.004911057
204	0	0.7.47.963605	0	0.004911057
204	0	0.7.47.963614	1	0.0781332
204	0	0.7.47.963635	0	0.004911057
204	0	0.7.47.964098	0	0.0692668
204	0	0.7.47.964131	0	0.0692668
204	0	0.7.47.964153	0	0.0692668
204	0	0.7.47.964159	0	0.0692668
204	0	0.7.47.964181	0	0.004911057
204	0	0.7.47.964537	0	0.0692668
204	0	0.7.47.964796	0	0.0692668
204	0	0.7.47.964841	0	0.0692668
204	0	0.7.47.964946	0	0.0692668
204	0	0.7.47.965009	0	0.0692668
204	0	0.7.47.96536	1	0.08855291
204	0	0.7.47.965372	1	0.08760684
204	0	0.7.47.965756	0	0.0692668
204	0	0.7.47.965968	0	0.0692668
204	0	0.7.47.965969	0	0.0692668
204	0	0.7.47.966402	1	0.08760684
204	0	0.7.47.966422	1	0.08760684
204	0	0.7.47.966507	0	0.0692668
204	0	0.7.47.966721	0	0.0692668
204	0	0.7.47.96739	0	0.004911057
204	0	0.7.47.967409	0	0.0692668
204	0	0.7.47.967433	0	0.0692668
204	0	0.7.47.967435	0	0.004911057
204	0	0.7.47.967534	0	0.0692668
204	0	0.7.47.967900	0	0.004911057
204	0	0.7.47.968072	0	0.0692668
204	0	0.7.47.968140	0	0.0692668
204	0	0.7.47.968395	0	0.0692668
204	0	0.7.47.968583	0	0.0692668
204	0	0.7.47.968584	0	0.0692668
204	0	0.7.47.969032	0	0.0692668
204	0	0.7.47.969260	0	0.0692668
204	0	0.7.47.969411	0	0.0692668
204	0	0.7.47.969418	0	0.0692668
204	0	0.7.47.969709	0	0.0692668
204	0	0.7.47.969722	0	0.004911057
204	0	0.7.47.969894	0	0.0692668
204	0	0.7.47.969997	0	0.0692668
204	0	0.7.47.970856	0	0.07735697
204	0	0.7.47.971173	1	0.07735697
204	0	0.7.47.971353	0	0.0692668
204	0	0.7.47.972229	0	0.004911057
204	0	0.7.47.973070	0	0.0692668
204	0	0.7.47.973258	0	0.004911057
204	0	0.7.47.974134	0	0.0692668
204	0	0.7.47.974319	1	0.08855291
204	0	0.7.47.974386	1	0.08760684
204	0	0.7.47.974554	0	0.004911057
204	0	0.7.47.974798	0	0.004911057
204	0	0.7.47.975390	1	0.0781332
204	0	0.7.47.976134	0	0.004911057
204	0	0.7.47.97626	0	0.004911057
204	0	0.7.47.976334	0	0.004911057
204	0	0.7.47.976493	1	0.07735697
204	0	0.7.47.976576	0	0.004911057
204	0	0.7.47.976588	0	0.004911057
204	0	0.7.47.976633	0	0.0692668
204	0	0.7.47.976697	1	0.08855291
204	0	0.7.47.976698	1	0.08855291
204	0	0.7.47.976905	0	0.0692668
204	0	0.7.47.976908	0	0.0692668
204	0	0.7.47.977064	0	0.0692668
204	0	0.7.47.97712	0	0.004911057
204	0	0.7.47.977142	0	0.0692668
204	0	0.7.47.977148	0	0.0692668
204	0	0.7.47.977267	1	0.08760684
204	0	0.7.47.977444	0	0.0692668
204	0	0.7.47.977562	0	0.004911057
204	0	0.7.47.977733	0	0.004911057
204	0	0.7.47.977761	0	0.07735697
204	0	0.7.47.977881	0	0.004911057
204	0	0.7.47.977925	0	0.004911057
204	0	0.7.47.978114	0	0.004911057
204	0	0.7.47.978352	0	0.0692668
204	0	0.7.47.978467	0	0.0692668
204	0	0.7.47.978615	1	0.07735697
204	0	0.7.47.978844	0	0.0692668
204	0	0.7.47.978886	0	0.004911057
204	0	0.7.47.979469	0	0.0692668
204	0	0.7.47.979602	1	0.08855291
204	0	0.7.47.980081	0	0.0692668
204	0	0.7.47.980287	1	0.0781332
204	0	0.7.47.98030	0	0.004911057
204	0	0.7.47.98634	0	0.004911057
204	0	0.7.47.98669	0	0.004911057
204	0	0.7.47.992822	0	0.004911057
204	0	0.7.47.993650	0	0.0692668
204	0	0.7.47.993811	0	0.004911057
204	0	0.7.47.994416	0	0.004911057
204	0	0.7.47.996984	0	0.0692668
204	0	0.7.47.997182	0	0.004911057
204	0	0.7.47.997290	0	0.0692668
204	0	0.7.47.997498	0	0.004911057
204	0	0.7.47.998047	0	0.08760684
204	0	0.7.47.998070	0	0.004911057
204	0	0.7.47.998259	0	0.0692668
204	0	0.7.47.998715	0	0.004911057
204	0	0.7.47.998989	0	0.0692668
204	0	0.7.6.100343	0	0.004911057
204	0	0.7.6.100377	0	0.004911057
204	0	0.7.6.100636	0	0.004911057
204	0	0.7.6.10075	1	0.08855291
204	0	0.7.6.100830	0	0.004911057
204	0	0.7.6.100854	0	0.07735697
204	0	0.7.6.101948	0	0.004911057
204	0	0.7.6.102661	0	0.0692668
204	0	0.7.6.102823	0	0.004911057
204	0	0.7.6.10301	0	0.004911057
204	0	0.7.6.103778	0	0.004911057
204	0	0.7.6.10389	0	0.004911057
204	0	0.7.6.104035	0	0.004911057
204	0	0.7.6.10467	0	0.004911057
204	0	0.7.6.104678	-1	0.004911057
204	0	0.7.6.104892	0	0.004911057
204	0	0.7.6.105241	0	0.004911057
204	0	0.7.6.105546	0	0.004911057
204	0	0.7.6.105579	0	0.004911057
204	0	0.7.6.105851	0	0.004911057
204	0	0.7.6.106016	0	0.004911057
204	0	0.7.6.106904	0	0.004911057
204	0	0.7.6.107533	0	0.004911057
204	0	0.7.6.107672	0	0.004911057
204	0	0.7.6.107687	0	0.004911057
204	0	0.7.6.107893	0	0.004911057
204	0	0.7.6.108075	0	0.004911057
204	0	0.7.6.108525	0	0.004911057
204	0	0.7.6.108545	0	0.004911057
204	0	0.7.6.108558	0	0.004911057
204	0	0.7.6.108644	0	0.0692668
204	0	0.7.6.109410	0	0.004911057
204	0	0.7.6.109464	0	0.004911057
204	0	0.7.6.109500	0	0.0692668
204	0	0.7.6.109952	1	0.0781332
204	0	0.7.6.110243	1	0.0781332
204	0	0.7.6.110546	0	0.0692668
204	0	0.7.6.110848	0	0.0692668
204	0	0.7.6.110973	0	0.004911057
204	0	0.7.6.111057	0	0.0692668
204	0	0.7.6.111184	0	0.0692668
204	0	0.7.6.111756	0	0.004911057
204	0	0.7.6.111820	0	0.0692668
204	0	0.7.6.111848	0	0.004911057
204	0	0.7.6.112306	0	0.004911057
204	0	0.7.6.112482	0	0.004911057
204	0	0.7.6.113253	0	0.004911057
204	0	0.7.6.113324	0	0.004911057
204	0	0.7.6.113624	0	0.07735697
204	0	0.7.6.113639	0	0.004911057
204	0	0.7.6.113671	0	0.07735697
204	0	0.7.6.113766	0	0.0692668
204	0	0.7.6.113788	0	0.0692668
204	0	0.7.6.114075	0	0.004911057
204	0	0.7.6.114254	0	0.004911057
204	0	0.7.6.114588	0	0.0692668
204	0	0.7.6.114692	0	0.0692668
204	0	0.7.6.114699	0	0.0692668
204	0	0.7.6.114715	0	0.0692668
204	0	0.7.6.114726	0	0.004911057
204	0	0.7.6.114764	0	0.004911057
204	0	0.7.6.114794	0	0.004911057
204	0	0.7.6.114802	0	0.0781332
204	0	0.7.6.114812	0	0.004911057
204	0	0.7.6.114813	0	0.0692668
204	0	0.7.6.114824	0	0.004911057
204	0	0.7.6.114849	0	0.0692668
204	0	0.7.6.114930	0	0.0692668
204	0	0.7.6.114958	0	0.0692668
204	0	0.7.6.114959	0	0.0692668
204	0	0.7.6.115009	0	0.0692668
204	0	0.7.6.115242	0	0.0692668
204	0	0.7.6.115286	0	0.004911057
204	0	0.7.6.115468	0	0.0692668
204	0	0.7.6.115470	0	0.0692668
204	0	0.7.6.115474	0	0.004911057
204	0	0.7.6.115801	0	0.0692668
204	0	0.7.6.117026	0	0.0692668
204	0	0.7.6.118066	0	0.004911057
204	0	0.7.6.118347	0	0.004911057
204	0	0.7.6.118710	1	0.0781332
204	0	0.7.6.119221	0	0.004911057
204	0	0.7.6.119246	0	0.004911057
204	0	0.7.6.119312	0	0.004911057
204	0	0.7.6.119360	0	0.004911057
204	0	0.7.6.120532	0	0.004911057
204	0	0.7.6.120602	0	0.004911057
204	0	0.7.6.123375	0	0.004911057
204	0	0.7.6.123397	0	0.004911057
204	0	0.7.6.124339	1	0.0781332
204	0	0.7.6.124644	0	0.004911057
204	0	0.7.6.125109	0	0.004911057
204	0	0.7.6.125162	0	0.004911057
204	0	0.7.6.125296	0	0.004911057
204	0	0.7.6.125552	0	0.0781332
204	0	0.7.6.125602	0	0.0781332
204	0	0.7.6.125930	1	0.0781332
204	0	0.7.6.126018	0	0.004911057
204	0	0.7.6.126252	0	0.004911057
204	0	0.7.6.126527	0	0.004911057
204	0	0.7.6.126585	0	0.0692668
204	0	0.7.6.127621	0	0.004911057
204	0	0.7.6.127772	0	0.004911057
204	0	0.7.6.127847	0	0.004911057
204	0	0.7.6.128183	-1	0.004911057
204	0	0.7.6.12857	0	0.004911057
204	0	0.7.6.130079	0	0.07735697
204	0	0.7.6.130185	0	0.08251748
204	0	0.7.6.130222	0	0.0692668
204	0	0.7.6.130241	0	0.0692668
204	0	0.7.6.130319	0	0.004911057
204	0	0.7.6.130380	0	0.0692668
204	0	0.7.6.130416	0	0.08251748
204	0	0.7.6.130639	0	0.08251748
204	0	0.7.6.130737	0	0.0692668
204	0	0.7.6.131213	0	0.004911057
204	0	0.7.6.1313	0	0.004911057
204	0	0.7.6.131809	0	0.07735697
204	0	0.7.6.131825	0	0.07735697
204	0	0.7.6.1319	0	0.07735697
204	0	0.7.6.131976	0	0.08251748
204	0	0.7.6.132266	0	0.004911057
204	0	0.7.6.132454	0	0.004911057
204	0	0.7.6.133348	0	0.07735697
204	0	0.7.6.133376	0	0.004911057
204	0	0.7.6.134026	0	0.004911057
204	0	0.7.6.134053	0	0.004911057
204	0	0.7.6.134796	0	0.0692668
204	0	0.7.6.1353	0	0.004911057
204	0	0.7.6.135365	0	0.004911057
204	0	0.7.6.135452	0	0.004911057
204	0	0.7.6.135791	0	0.004911057
204	0	0.7.6.135799	0	0.004911057
204	0	0.7.6.136300	0	0.08251748
204	0	0.7.6.137412	0	0.07735697
204	0	0.7.6.137568	0	0.004911057
204	0	0.7.6.137754	0	0.004911057
204	0	0.7.6.137974	0	0.07735697
204	0	0.7.6.138581	0	0.004911057
204	0	0.7.6.138748	0	0.0692668
204	0	0.7.6.138837	0	0.004911057
204	0	0.7.6.139030	0	0.07735697
204	0	0.7.6.139267	0	0.07735697
204	0	0.7.6.139860	0	0.07735697
204	0	0.7.6.140023	0	0.004911057
204	0	0.7.6.140780	0	0.004911057
204	0	0.7.6.141614	0	0.004911057
204	0	0.7.6.142025	0	0.0692668
204	0	0.7.6.142103	0	0.004911057
204	0	0.7.6.142429	0	0.0692668
204	0	0.7.6.142517	0	0.0692668
204	0	0.7.6.143103	0	0.004911057
204	0	0.7.6.143393	0	0.004911057
204	0	0.7.6.143568	0	0.07735697
204	0	0.7.6.143627	0	0.004911057
204	0	0.7.6.143749	0	0.004911057
204	0	0.7.6.144077	0	0.07735697
204	0	0.7.6.144171	1	0.0781332
204	0	0.7.6.144192	0	0.07735697
204	0	0.7.6.144356	0	0.004911057
204	0	0.7.6.144710	0	0.004911057
204	0	0.7.6.144757	0	0.0692668
204	0	0.7.6.145468	0	0.004911057
204	0	0.7.6.145971	0	0.004911057
204	0	0.7.6.146148	0	0.004911057
204	0	0.7.6.14804	0	0.004911057
204	0	0.7.6.149718	0	0.004911057
204	0	0.7.6.150246	0	0.004911057
204	0	0.7.6.150773	0	0.004911057
204	0	0.7.6.150871	0	0.004911057
204	0	0.7.6.151004	0	0.004911057
204	0	0.7.6.151010	0	0.004911057
204	0	0.7.6.151461	0	0.004911057
204	0	0.7.6.15206	0	0.0692668
204	0	0.7.6.152433	0	0.004911057
204	0	0.7.6.152560	0	0.004911057
204	0	0.7.6.153893	0	0.004911057
204	0	0.7.6.154252	0	0.004911057
204	0	0.7.6.154282	0	0.004911057
204	0	0.7.6.154322	0	0.004911057
204	0	0.7.6.154638	0	0.004911057
204	0	0.7.6.154783	0	0.004911057
204	0	0.7.6.154880	0	0.004911057
204	0	0.7.6.156487	0	0.004911057
204	0	0.7.6.16132	0	0.004911057
204	0	0.7.6.1628	0	0.004911057
204	0	0.7.6.16443	-1	0.004911057
204	0	0.7.6.165310	0	0.0692668
204	0	0.7.6.165576	0	0.0692668
204	0	0.7.6.165967	0	0.0692668
204	0	0.7.6.166040	0	0.004911057
204	0	0.7.6.166396	0	0.004911057
204	0	0.7.6.166854	0	0.004911057
204	0	0.7.6.166956	0	0.004911057
204	0	0.7.6.167069	0	0.004911057
204	0	0.7.6.168055	0	0.004911057
204	0	0.7.6.168343	0	0.0692668
204	0	0.7.6.168487	0	0.004911057
204	0	0.7.6.168629	0	0.0692668
204	0	0.7.6.169136	0	0.004911057
204	0	0.7.6.169158	-1	0.004911057
204	0	0.7.6.169335	0	0.004911057
204	0	0.7.6.169391	1	0.08760684
204	0	0.7.6.169704	0	0.004911057
204	0	0.7.6.169722	1	0.08760684
204	0	0.7.6.169733	1	0.08855291
204	0	0.7.6.169913	0	0.004911057
204	0	0.7.6.170068	0	0.0692668
204	0	0.7.6.17043	0	0.004911057
204	0	0.7.6.171061	0	0.004911057
204	0	0.7.6.17117	0	0.004911057
204	0	0.7.6.171251	0	0.004911057
204	0	0.7.6.171453	0	0.004911057
204	0	0.7.6.171462	0	0.0692668
204	0	0.7.6.171505	0	0.0692668
204	0	0.7.6.171587	0	0.004911057
204	0	0.7.6.171814	0	0.004911057
204	0	0.7.6.171952	0	0.0692668
204	0	0.7.6.172024	0	0.004911057
204	0	0.7.6.172035	0	0.004911057
204	0	0.7.6.172056	0	0.004911057
204	0	0.7.6.172148	0	0.004911057
204	0	0.7.6.172253	0	0.0692668
204	0	0.7.6.172273	0	0.004911057
204	0	0.7.6.172427	0	0.0692668
204	0	0.7.6.173660	0	0.004911057
204	0	0.7.6.173801	0	0.004911057
204	0	0.7.6.174459	0	0.004911057
204	0	0.7.6.174663	0	0.004911057
204	0	0.7.6.174964	0	0.004911057
204	0	0.7.6.175174	0	0.0692668
204	0	0.7.6.176381	0	0.0692668
204	0	0.7.6.1765	0	0.07735697
204	0	0.7.6.17714	0	0.0692668
204	0	0.7.6.177249	0	0.004911057
204	0	0.7.6.177539	0	0.004911057
204	0	0.7.6.177782	1	0.0781332
204	0	0.7.6.177854	0	0.0692668
204	0	0.7.6.177885	0	0.004911057
204	0	0.7.6.179247	0	0.0692668
204	0	0.7.6.17943	0	0.0692668
204	0	0.7.6.179828	0	0.004911057
204	0	0.7.6.179834	0	0.0692668
204	0	0.7.6.179869	0	0.004911057
204	0	0.7.6.179973	0	0.0692668
204	0	0.7.6.180158	0	0.004911057
204	0	0.7.6.180283	0	0.004911057
204	0	0.7.6.180400	0	0.004911057
204	0	0.7.6.180557	0	0.0781332
204	0	0.7.6.180918	0	0.004911057
204	0	0.7.6.181178	0	0.004911057
204	0	0.7.6.181595	0	0.004911057
204	0	0.7.6.181715	0	0.004911057
204	0	0.7.6.182096	1	0.0781332
204	0	0.7.6.182341	0	0.004911057
204	0	0.7.6.182348	0	0.004911057
204	0	0.7.6.182439	0	0.004911057
204	0	0.7.6.182453	0	0.004911057
204	0	0.7.6.182710	0	0.004911057
204	0	0.7.6.182737	0	0.004911057
204	0	0.7.6.182812	0	0.0692668
204	0	0.7.6.182899	0	0.004911057
204	0	0.7.6.1830	0	0.004911057
204	0	0.7.6.183605	0	0.004911057
204	0	0.7.6.183629	0	0.004911057
204	0	0.7.6.183918	0	0.07735697
204	0	0.7.6.183925	0	0.004911057
204	0	0.7.6.184070	0	0.004911057
204	0	0.7.6.185382	0	0.0692668
204	0	0.7.6.18557	0	0.0692668
204	0	0.7.6.185704	0	0.0692668
204	0	0.7.6.185991	0	0.0692668
204	0	0.7.6.186467	0	0.004911057
204	0	0.7.6.186478	1	0.0781332
204	0	0.7.6.186663	1	0.0781332
204	0	0.7.6.18787	0	0.004911057
204	0	0.7.6.18806	0	0.0692668
204	0	0.7.6.188216	0	0.004911057
204	0	0.7.6.188569	0	0.004911057
204	0	0.7.6.188631	0	0.004911057
204	0	0.7.6.189453	0	0.004911057
204	0	0.7.6.189551	0	0.004911057
204	0	0.7.6.189571	0	0.004911057
204	0	0.7.6.190120	0	0.004911057
204	0	0.7.6.190185	0	0.0692668
204	0	0.7.6.190226	0	0.07735697
204	0	0.7.6.190254	0	0.004911057
204	0	0.7.6.190396	0	0.07735697
204	0	0.7.6.190538	0	0.0692668
204	0	0.7.6.190669	0	0.0692668
204	0	0.7.6.190716	0	0.0692668
204	0	0.7.6.190735	0	0.004911057
204	0	0.7.6.19094	0	0.07735697
204	0	0.7.6.192805	0	0.004911057
204	0	0.7.6.192913	0	0.004911057
204	0	0.7.6.192970	0	0.004911057
204	0	0.7.6.193001	0	0.004911057
204	0	0.7.6.193090	0	0.004911057
204	0	0.7.6.193156	0	0.004911057
204	0	0.7.6.194926	0	0.004911057
204	0	0.7.6.195002	0	0.004911057
204	0	0.7.6.195260	0	0.004911057
204	0	0.7.6.195910	0	0.004911057
204	0	0.7.6.197431	0	0.004911057
204	0	0.7.6.197455	0	0.004911057
204	0	0.7.6.19788	0	0.004911057
204	0	0.7.6.19810	0	0.08251748
204	0	0.7.6.200303	0	0.0692668
204	0	0.7.6.20330	0	0.004911057
204	0	0.7.6.203354	0	0.0692668
204	0	0.7.6.204352	0	0.004911057
204	0	0.7.6.204366	0	0.004911057
204	0	0.7.6.204583	0	0.004911057
204	0	0.7.6.204820	0	0.004911057
204	0	0.7.6.204821	0	0.004911057
204	0	0.7.6.206	0	0.004911057
204	0	0.7.6.206270	0	0.004911057
204	0	0.7.6.206272	0	0.004911057
204	0	0.7.6.207074	0	0.004911057
204	0	0.7.6.207274	0	0.004911057
204	0	0.7.6.207603	0	0.004911057
204	0	0.7.6.207746	0	0.004911057
204	0	0.7.6.207773	0	0.004911057
204	0	0.7.6.208425	0	0.004911057
204	0	0.7.6.20876	0	0.08251748
204	0	0.7.6.209054	0	0.004911057
204	0	0.7.6.209429	0	0.004911057
204	0	0.7.6.210186	0	0.004911057
204	0	0.7.6.210441	0	0.004911057
204	0	0.7.6.21343	0	0.07735697
204	0	0.7.6.21370	0	0.004911057
204	0	0.7.6.21600	0	0.004911057
204	0	0.7.6.2166	0	0.07735697
204	0	0.7.6.217605	0	0.004911057
204	0	0.7.6.217655	0	0.0692668
204	0	0.7.6.217830	0	0.004911057
204	0	0.7.6.217849	0	0.0692668
204	0	0.7.6.217851	0	0.0692668
204	0	0.7.6.217937	0	0.004911057
204	0	0.7.6.217989	0	0.0692668
204	0	0.7.6.218136	0	0.004911057
204	0	0.7.6.218260	0	0.0692668
204	0	0.7.6.218261	0	0.0692668
204	0	0.7.6.218384	0	0.004911057
204	0	0.7.6.218537	0	0.004911057
204	0	0.7.6.218960	0	0.004911057
204	0	0.7.6.218982	0	0.07735697
204	0	0.7.6.220900	0	0.004911057
204	0	0.7.6.221065	0	0.004911057
204	0	0.7.6.221490	0	0.004911057
204	0	0.7.6.221606	0	0.004911057
204	0	0.7.6.221750	0	0.004911057
204	0	0.7.6.22195	0	0.004911057
204	0	0.7.6.223549	0	0.004911057
204	0	0.7.6.224531	0	0.004911057
204	0	0.7.6.224747	0	0.004911057
204	0	0.7.6.224877	0	0.004911057
204	0	0.7.6.2249	0	0.07735697
204	0	0.7.6.22547	0	0.004911057
204	0	0.7.6.229727	0	0.004911057
204	0	0.7.6.229852	0	0.004911057
204	0	0.7.6.22997	0	0.004911057
204	0	0.7.6.230111	0	0.004911057
204	0	0.7.6.230115	0	0.004911057
204	0	0.7.6.23017	0	0.004911057
204	0	0.7.6.230361	0	0.004911057
204	0	0.7.6.230484	0	0.004911057
204	0	0.7.6.230569	0	0.004911057
204	0	0.7.6.230706	0	0.004911057
204	0	0.7.6.230836	0	0.004911057
204	0	0.7.6.230845	0	0.004911057
204	0	0.7.6.230900	0	0.004911057
204	0	0.7.6.231230	0	0.004911057
204	0	0.7.6.231948	0	0.004911057
204	0	0.7.6.231971	0	0.004911057
204	0	0.7.6.232126	0	0.004911057
204	0	0.7.6.232182	-1	0.004911057
204	0	0.7.6.23222	0	0.004911057
204	0	0.7.6.232733	0	0.004911057
204	0	0.7.6.23304	0	0.004911057
204	0	0.7.6.233256	0	0.004911057
204	0	0.7.6.23327	0	0.004911057
204	0	0.7.6.233795	0	0.004911057
204	0	0.7.6.23381	0	0.004911057
204	0	0.7.6.23385	0	0.004911057
204	0	0.7.6.23391	0	0.0692668
204	0	0.7.6.234263	0	0.004911057
204	0	0.7.6.234384	0	0.004911057
204	0	0.7.6.234949	0	0.0692668
204	0	0.7.6.235228	0	0.004911057
204	0	0.7.6.23548	0	0.004911057
204	0	0.7.6.235578	0	0.004911057
204	0	0.7.6.235932	0	0.004911057
204	0	0.7.6.236271	0	0.004911057
204	0	0.7.6.2373	0	0.07735697
204	0	0.7.6.237369	0	0.004911057
204	0	0.7.6.237517	0	0.004911057
204	0	0.7.6.238181	0	0.004911057
204	0	0.7.6.238578	0	0.0692668
204	0	0.7.6.238732	0	0.004911057
204	0	0.7.6.238806	0	0.004911057
204	0	0.7.6.239050	0	0.004911057
204	0	0.7.6.239551	0	0.004911057
204	0	0.7.6.239725	-1	0.004911057
204	0	0.7.6.239742	0	0.004911057
204	0	0.7.6.240166	0	0.004911057
204	0	0.7.6.240755	0	0.004911057
204	0	0.7.6.24125	0	0.08251748
204	0	0.7.6.24129	0	0.004911057
204	0	0.7.6.24132	0	0.0692668
204	0	0.7.6.24144	0	0.0692668
204	0	0.7.6.24146	0	0.0692668
204	0	0.7.6.24148	0	0.0692668
204	0	0.7.6.24247	0	0.0692668
204	0	0.7.6.24344	0	0.004911057
204	0	0.7.6.24762	1	0.0781332
204	0	0.7.6.248434	0	0.004911057
204	0	0.7.6.248575	0	0.004911057
204	0	0.7.6.248616	0	0.004911057
204	0	0.7.6.248750	0	0.004911057
204	0	0.7.6.249517	0	0.004911057
204	0	0.7.6.249802	0	0.004911057
204	0	0.7.6.249917	0	0.004911057
204	0	0.7.6.249965	0	0.004911057
204	0	0.7.6.250151	0	0.004911057
204	0	0.7.6.250333	0	0.004911057
204	0	0.7.6.250645	0	0.004911057
204	0	0.7.6.250714	1	0.0781332
204	0	0.7.6.250852	0	0.004911057
204	0	0.7.6.251189	0	0.004911057
204	0	0.7.6.251594	0	0.004911057
204	0	0.7.6.251722	0	0.004911057
204	0	0.7.6.251744	0	0.004911057
204	0	0.7.6.251890	0	0.004911057
204	0	0.7.6.252024	0	0.004911057
204	0	0.7.6.252149	1	0.004911057
204	0	0.7.6.252153	0	0.0692668
204	0	0.7.6.252211	0	0.0781332
204	0	0.7.6.252295	0	0.004911057
204	0	0.7.6.252428	0	0.004911057
204	0	0.7.6.252445	0	0.004911057
204	0	0.7.6.252461	0	0.004911057
204	0	0.7.6.252688	0	0.004911057
204	0	0.7.6.253586	0	0.004911057
204	0	0.7.6.254083	0	0.004911057
204	0	0.7.6.255009	0	0.004911057
204	0	0.7.6.255162	1	0.0781332
204	0	0.7.6.255195	0	0.004911057
204	0	0.7.6.255536	0	0.004911057
204	0	0.7.6.257055	0	0.004911057
204	0	0.7.6.257123	0	0.004911057
204	0	0.7.6.257282	0	0.004911057
204	0	0.7.6.257644	0	0.004911057
204	0	0.7.6.257758	0	0.004911057
204	0	0.7.6.257759	0	0.004911057
204	0	0.7.6.257807	0	0.004911057
204	0	0.7.6.258901	0	0.004911057
204	0	0.7.6.258942	0	0.004911057
204	0	0.7.6.258963	0	0.004911057
204	0	0.7.6.259102	0	0.004911057
204	0	0.7.6.259295	0	0.004911057
204	0	0.7.6.259668	0	0.0692668
204	0	0.7.6.259819	0	0.004911057
204	0	0.7.6.259931	0	0.004911057
204	0	0.7.6.260133	0	0.004911057
204	0	0.7.6.260366	0	0.004911057
204	0	0.7.6.260411	0	0.0692668
204	0	0.7.6.260697	0	0.004911057
204	0	0.7.6.261030	0	0.004911057
204	0	0.7.6.261352	0	0.004911057
204	0	0.7.6.262120	-1	0.0781332
204	0	0.7.6.262601	0	0.004911057
204	0	0.7.6.262642	0	0.004911057
204	0	0.7.6.262777	0	0.004911057
204	0	0.7.6.262797	0	0.004911057
204	0	0.7.6.263328	0	0.004911057
204	0	0.7.6.263551	0	0.004911057
204	0	0.7.6.263834	0	0.004911057
204	0	0.7.6.264357	1	0.0781332
204	0	0.7.6.264545	0	0.004911057
204	0	0.7.6.265645	0	0.004911057
204	0	0.7.6.265917	0	0.004911057
204	0	0.7.6.266260	1	0.0781332
204	0	0.7.6.266703	0	0.004911057
204	0	0.7.6.267536	0	0.004911057
204	0	0.7.6.268111	0	0.004911057
204	0	0.7.6.268393	0	0.0692668
204	0	0.7.6.268642	0	0.0692668
204	0	0.7.6.268924	0	0.004911057
204	0	0.7.6.269271	0	0.004911057
204	0	0.7.6.269433	0	0.0692668
204	0	0.7.6.269810	0	0.0692668
204	0	0.7.6.269977	0	0.004911057
204	0	0.7.6.270125	0	0.004911057
204	0	0.7.6.270177	0	0.0692668
204	0	0.7.6.270283	0	0.004911057
204	0	0.7.6.270319	0	0.004911057
204	0	0.7.6.270588	0	0.004911057
204	0	0.7.6.270842	0	0.004911057
204	0	0.7.6.270987	0	0.004911057
204	0	0.7.6.271133	0	0.0692668
204	0	0.7.6.271317	0	0.004911057
204	0	0.7.6.272054	0	0.0692668
204	0	0.7.6.272297	0	0.004911057
204	0	0.7.6.272918	0	0.004911057
204	0	0.7.6.273539	0	0.004911057
204	0	0.7.6.27383	0	0.004911057
204	0	0.7.6.273884	0	0.004911057
204	0	0.7.6.274327	0	0.004911057
204	0	0.7.6.274994	0	0.004911057
204	0	0.7.6.274999	0	0.004911057
204	0	0.7.6.275161	0	0.07735697
204	0	0.7.6.275485	0	0.0692668
204	0	0.7.6.275547	0	0.0692668
204	0	0.7.6.275936	0	0.0692668
204	0	0.7.6.275977	0	0.004911057
204	0	0.7.6.275992	0	0.0781332
204	0	0.7.6.276022	0	0.004911057
204	0	0.7.6.276071	0	0.0692668
204	0	0.7.6.276129	0	0.004911057
204	0	0.7.6.277130	0	0.004911057
204	0	0.7.6.277174	0	0.004911057
204	0	0.7.6.277287	0	0.004911057
204	0	0.7.6.277445	0	0.08760684
204	0	0.7.6.277918	0	0.004911057
204	0	0.7.6.278025	0	0.004911057
204	0	0.7.6.279393	0	0.0692668
204	0	0.7.6.279526	0	0.0692668
204	0	0.7.6.279538	0	0.0692668
204	0	0.7.6.2796	0	0.07735697
204	0	0.7.6.279678	0	0.07735697
204	0	0.7.6.279927	0	0.004911057
204	0	0.7.6.280063	0	0.0692668
204	0	0.7.6.280076	0	0.004911057
204	0	0.7.6.280136	0	0.0692668
204	0	0.7.6.280797	0	0.07735697
204	0	0.7.6.281011	0	0.07735697
204	0	0.7.6.281292	0	0.004911057
204	0	0.7.6.281443	0	0.0692668
204	0	0.7.6.281540	0	0.0692668
204	0	0.7.6.282153	0	0.004911057
204	0	0.7.6.282261	0	0.0692668
204	0	0.7.6.282286	0	0.0692668
204	0	0.7.6.2823	0	0.07735697
204	0	0.7.6.282992	0	0.0692668
204	0	0.7.6.283116	0	0.0692668
204	0	0.7.6.283169	0	0.0692668
204	0	0.7.6.283193	0	0.0692668
204	0	0.7.6.283982	0	0.004911057
204	0	0.7.6.284672	0	0.004911057
204	0	0.7.6.284831	0	0.004911057
204	0	0.7.6.285339	0	0.0692668
204	0	0.7.6.285400	0	0.07735697
204	0	0.7.6.285620	0	0.004911057
204	0	0.7.6.285943	0	0.0692668
204	0	0.7.6.286077	0	0.004911057
204	0	0.7.6.28639	0	0.004911057
204	0	0.7.6.286610	0	0.0692668
204	0	0.7.6.286709	0	0.0692668
204	0	0.7.6.287347	0	0.07735697
204	0	0.7.6.287357	0	0.004911057
204	0	0.7.6.287710	0	0.004911057
204	0	0.7.6.288	0	0.004911057
204	0	0.7.6.288051	0	0.08251748
204	0	0.7.6.288065	0	0.08251748
204	0	0.7.6.288433	0	0.004911057
204	0	0.7.6.288522	0	0.004911057
204	0	0.7.6.288757	0	0.0692668
204	0	0.7.6.288761	0	0.004911057
204	0	0.7.6.289101	0	0.0692668
204	0	0.7.6.289335	0	0.004911057
204	0	0.7.6.289368	0	0.0692668
204	0	0.7.6.289736	0	0.0692668
204	0	0.7.6.290082	0	0.004911057
204	0	0.7.6.291424	0	0.004911057
204	0	0.7.6.291798	0	0.004911057
204	0	0.7.6.291828	0	0.0692668
204	0	0.7.6.292332	0	0.004911057
204	0	0.7.6.292378	0	0.004911057
204	0	0.7.6.292546	0	0.0692668
204	0	0.7.6.292761	0	0.07735697
204	0	0.7.6.292837	1	0.0781332
204	0	0.7.6.292881	0	0.0692668
204	0	0.7.6.293108	0	0.004911057
204	0	0.7.6.293442	0	0.004911057
204	0	0.7.6.293612	0	0.0692668
204	0	0.7.6.293645	0	0.07735697
204	0	0.7.6.294183	0	0.004911057
204	0	0.7.6.294269	1	0.0781332
204	0	0.7.6.294309	0	0.0692668
204	0	0.7.6.294398	0	0.004911057
204	0	0.7.6.294728	0	0.004911057
204	0	0.7.6.295065	0	0.07735697
204	0	0.7.6.295696	0	0.004911057
204	0	0.7.6.295735	0	0.08251748
204	0	0.7.6.296055	0	0.07735697
204	0	0.7.6.29616	0	0.004911057
204	0	0.7.6.296361	0	0.0692668
204	0	0.7.6.296816	0	0.004911057
204	0	0.7.6.296923	0	0.08251748
204	0	0.7.6.296944	0	0.004911057
204	0	0.7.6.296996	0	0.0692668
204	0	0.7.6.297017	0	0.0692668
204	0	0.7.6.297207	0	0.08251748
204	0	0.7.6.297359	0	0.08251748
204	0	0.7.6.297594	0	0.08251748
204	0	0.7.6.29794	0	0.0692668
204	0	0.7.6.298526	0	0.08251748
204	0	0.7.6.298830	0	0.0692668
204	0	0.7.6.299943	0	0.004911057
204	0	0.7.6.300017	0	0.004911057
204	0	0.7.6.300038	0	0.0692668
204	0	0.7.6.300116	-1	0.0692668
204	0	0.7.6.300163	-1	0.08251748
204	0	0.7.6.300365	0	0.07735697
204	0	0.7.6.300484	0	0.0692668
204	0	0.7.6.300620	0	0.0692668
204	0	0.7.6.300779	0	0.0692668
204	0	0.7.6.300844	0	0.0692668
204	0	0.7.6.300860	0	0.0692668
204	0	0.7.6.300906	0	0.0692668
204	0	0.7.6.301397	0	0.0692668
204	0	0.7.6.301409	0	0.0692668
204	0	0.7.6.303370	0	0.004911057
204	0	0.7.6.303455	0	0.004911057
204	0	0.7.6.303517	0	0.004911057
204	0	0.7.6.303574	0	0.004911057
204	0	0.7.6.303642	0	0.004911057
204	0	0.7.6.303729	0	0.004911057
204	0	0.7.6.3039	0	0.004911057
204	0	0.7.6.304117	1	0.0781332
204	0	0.7.6.304249	0	0.004911057
204	0	0.7.6.30428	0	0.004911057
204	0	0.7.6.304330	0	0.004911057
204	0	0.7.6.304527	0	0.004911057
204	0	0.7.6.304705	0	0.004911057
204	0	0.7.6.304839	0	0.004911057
204	0	0.7.6.304965	0	0.004911057
204	0	0.7.6.304976	0	0.004911057
204	0	0.7.6.305089	0	0.004911057
204	0	0.7.6.305428	0	0.0692668
204	0	0.7.6.305736	0	0.004911057
204	0	0.7.6.305939	0	0.004911057
204	0	0.7.6.306295	0	0.004911057
204	0	0.7.6.306755	0	0.004911057
204	0	0.7.6.307334	0	0.004911057
204	0	0.7.6.307492	0	0.004911057
204	0	0.7.6.307565	0	0.004911057
204	0	0.7.6.307567	0	0.004911057
204	0	0.7.6.3084	0	0.07735697
204	0	0.7.6.308509	0	0.004911057
204	0	0.7.6.308555	0	0.004911057
204	0	0.7.6.308613	0	0.004911057
204	0	0.7.6.308906	0	0.004911057
204	0	0.7.6.309157	0	0.004911057
204	0	0.7.6.309536	0	0.0692668
204	0	0.7.6.309718	0	0.004911057
204	0	0.7.6.309729	0	0.0692668
204	0	0.7.6.309778	0	0.004911057
204	0	0.7.6.309889	0	0.004911057
204	0	0.7.6.310067	0	0.004911057
204	0	0.7.6.310146	0	0.004911057
204	0	0.7.6.3102	0	0.07735697
204	0	0.7.6.310565	0	0.004911057
204	0	0.7.6.310996	0	0.004911057
204	0	0.7.6.311208	0	0.004911057
204	0	0.7.6.311293	0	0.004911057
204	0	0.7.6.313492	0	0.004911057
204	0	0.7.6.313765	0	0.004911057
204	0	0.7.6.313810	0	0.004911057
204	0	0.7.6.313910	0	0.004911057
204	0	0.7.6.3140	0	0.07735697
204	0	0.7.6.314734	0	0.004911057
204	0	0.7.6.314872	0	0.004911057
204	0	0.7.6.315042	0	0.004911057
204	0	0.7.6.315097	0	0.0692668
204	0	0.7.6.315488	0	0.004911057
204	0	0.7.6.315923	0	0.0692668
204	0	0.7.6.316109	0	0.004911057
204	0	0.7.6.316171	0	0.004911057
204	0	0.7.6.316343	0	0.004911057
204	0	0.7.6.316660	0	0.004911057
204	0	0.7.6.316674	0	0.004911057
204	0	0.7.6.3171	0	0.07735697
204	0	0.7.6.317303	0	0.004911057
204	0	0.7.6.317455	0	0.004911057
204	0	0.7.6.318020	1	0.08855291
204	0	0.7.6.318062	0	0.08251748
204	0	0.7.6.319171	0	0.004911057
204	0	0.7.6.319229	0	0.004911057
204	0	0.7.6.319380	0	0.0692668
204	0	0.7.6.319797	0	0.004911057
204	0	0.7.6.319830	0	0.0781332
204	0	0.7.6.319852	0	0.004911057
204	0	0.7.6.320131	0	0.004911057
204	0	0.7.6.320436	-1	0.07735697
204	0	0.7.6.320697	0	0.004911057
204	0	0.7.6.320706	0	0.004911057
204	0	0.7.6.321660	0	0.004911057
204	0	0.7.6.322401	0	0.004911057
204	0	0.7.6.322875	0	0.004911057
204	0	0.7.6.323121	0	0.004911057
204	0	0.7.6.323491	0	0.004911057
204	0	0.7.6.32388	0	0.004911057
204	0	0.7.6.324313	0	0.07735697
204	0	0.7.6.32490	0	0.0692668
204	0	0.7.6.324992	0	0.004911057
204	0	0.7.6.325087	0	0.07735697
204	0	0.7.6.325235	0	0.004911057
204	0	0.7.6.325411	0	0.004911057
204	0	0.7.6.325425	0	0.07735697
204	0	0.7.6.325522	0	0.07735697
204	0	0.7.6.325557	0	0.07735697
204	0	0.7.6.325729	0	0.004911057
204	0	0.7.6.3258	0	0.07735697
204	0	0.7.6.325875	0	0.004911057
204	0	0.7.6.325876	0	0.004911057
204	0	0.7.6.325961	0	0.07735697
204	0	0.7.6.326233	0	0.004911057
204	0	0.7.6.326329	0	0.004911057
204	0	0.7.6.32653	0	0.004911057
204	0	0.7.6.326810	0	0.004911057
204	0	0.7.6.32685	0	0.004911057
204	0	0.7.6.326933	0	0.004911057
204	0	0.7.6.326995	0	0.07735697
204	0	0.7.6.327457	0	0.004911057
204	0	0.7.6.327574	0	0.004911057
204	0	0.7.6.327643	0	0.004911057
204	0	0.7.6.327854	1	0.0781332
204	0	0.7.6.327870	0	0.004911057
204	0	0.7.6.328247	0	0.07735697
204	0	0.7.6.328815	0	0.004911057
204	0	0.7.6.328825	0	0.004911057
204	0	0.7.6.329076	0	0.004911057
204	0	0.7.6.331646	0	0.004911057
204	0	0.7.6.331872	0	0.0692668
204	0	0.7.6.332199	0	0.004911057
204	0	0.7.6.332285	0	0.0692668
204	0	0.7.6.332470	0	0.004911057
204	0	0.7.6.332943	0	0.004911057
204	0	0.7.6.333080	0	0.004911057
204	0	0.7.6.333390	1	0.08760684
204	0	0.7.6.333723	0	0.004911057
204	0	0.7.6.333978	0	0.004911057
204	0	0.7.6.334270	0	0.004911057
204	0	0.7.6.334277	0	0.004911057
204	0	0.7.6.334622	0	0.004911057
204	0	0.7.6.334995	0	0.004911057
204	0	0.7.6.335151	0	0.004911057
204	0	0.7.6.335214	0	0.004911057
204	0	0.7.6.335492	0	0.004911057
204	0	0.7.6.335792	0	0.004911057
204	0	0.7.6.336153	0	0.004911057
204	0	0.7.6.336393	0	0.004911057
204	0	0.7.6.336565	0	0.004911057
204	0	0.7.6.336660	0	0.0692668
204	0	0.7.6.336782	0	0.004911057
204	0	0.7.6.3368	0	0.07735697
204	0	0.7.6.337396	0	0.004911057
204	0	0.7.6.337512	0	0.07735697
204	0	0.7.6.337689	0	0.004911057
204	0	0.7.6.337691	0	0.004911057
204	0	0.7.6.338119	0	0.004911057
204	0	0.7.6.339580	0	0.004911057
204	0	0.7.6.339646	0	0.0692668
204	0	0.7.6.339827	0	0.004911057
204	0	0.7.6.339997	0	0.0692668
204	0	0.7.6.34056	0	0.004911057
204	0	0.7.6.340693	0	0.0692668
204	0	0.7.6.341	0	0.07735697
204	0	0.7.6.341191	0	0.004911057
204	0	0.7.6.341522	0	0.004911057
204	0	0.7.6.341654	0	0.0692668
204	0	0.7.6.341818	0	0.08251748
204	0	0.7.6.341849	0	0.004911057
204	0	0.7.6.341855	0	0.004911057
204	0	0.7.6.3422	0	0.07735697
204	0	0.7.6.342677	0	0.0692668
204	0	0.7.6.342679	0	0.08251748
204	0	0.7.6.342735	0	0.004911057
204	0	0.7.6.342782	0	0.004911057
204	0	0.7.6.342865	0	0.004911057
204	0	0.7.6.344536	0	0.004911057
204	0	0.7.6.344769	0	0.004911057
204	0	0.7.6.344899	0	0.004911057
204	0	0.7.6.345361	0	0.004911057
204	0	0.7.6.345422	0	0.004911057
204	0	0.7.6.345483	0	0.004911057
204	0	0.7.6.345764	0	0.004911057
204	0	0.7.6.346281	0	0.004911057
204	0	0.7.6.346324	0	0.004911057
204	0	0.7.6.346483	0	0.004911057
204	0	0.7.6.346654	0	0.004911057
204	0	0.7.6.346672	0	0.004911057
204	0	0.7.6.346949	0	0.004911057
204	0	0.7.6.347911	0	0.004911057
204	0	0.7.6.348296	0	0.004911057
204	0	0.7.6.348958	0	0.004911057
204	0	0.7.6.349048	0	0.004911057
204	0	0.7.6.349266	0	0.0692668
204	0	0.7.6.349901	0	0.004911057
204	0	0.7.6.350202	0	0.004911057
204	0	0.7.6.350624	0	0.004911057
204	0	0.7.6.350805	0	0.004911057
204	0	0.7.6.350809	0	0.0692668
204	0	0.7.6.351145	0	0.004911057
204	0	0.7.6.351716	0	0.004911057
204	0	0.7.6.351786	0	0.004911057
204	0	0.7.6.351790	0	0.004911057
204	0	0.7.6.3518	0	0.07735697
204	0	0.7.6.352198	1	0.0781332
204	0	0.7.6.352521	0	0.004911057
204	0	0.7.6.352573	0	0.0692668
204	0	0.7.6.35336	0	0.004911057
204	0	0.7.6.35340	0	0.004911057
204	0	0.7.6.353541	0	0.0692668
204	0	0.7.6.353560	0	0.004911057
204	0	0.7.6.353683	0	0.004911057
204	0	0.7.6.354013	0	0.004911057
204	0	0.7.6.354701	0	0.004911057
204	0	0.7.6.354735	0	0.004911057
204	0	0.7.6.355148	0	0.004911057
204	0	0.7.6.355634	0	0.004911057
204	0	0.7.6.356098	0	0.004911057
204	0	0.7.6.356314	0	0.0692668
204	0	0.7.6.357461	0	0.004911057
204	0	0.7.6.359291	0	0.004911057
204	0	0.7.6.359536	0	0.0692668
204	0	0.7.6.359623	0	0.004911057
204	0	0.7.6.36003	0	0.004911057
204	0	0.7.6.360511	0	0.004911057
204	0	0.7.6.360550	0	0.004911057
204	0	0.7.6.360578	0	0.0692668
204	0	0.7.6.360727	0	0.0692668
204	0	0.7.6.360730	0	0.0692668
204	0	0.7.6.360760	0	0.004911057
204	0	0.7.6.360983	0	0.004911057
204	0	0.7.6.361905	1	0.0781332
204	0	0.7.6.362394	0	0.004911057
204	0	0.7.6.363452	0	0.004911057
204	0	0.7.6.36351	0	0.0692668
204	0	0.7.6.364369	0	0.0692668
204	0	0.7.6.36460	0	0.004911057
204	0	0.7.6.364829	0	0.004911057
204	0	0.7.6.364915	-1	0.004911057
204	0	0.7.6.365295	0	0.004911057
204	0	0.7.6.365374	0	0.004911057
204	0	0.7.6.365569	0	0.004911057
204	0	0.7.6.366129	0	0.004911057
204	0	0.7.6.366271	0	0.004911057
204	0	0.7.6.366443	1	0.08760684
204	0	0.7.6.366800	0	0.004911057
204	0	0.7.6.3671	0	0.07735697
204	0	0.7.6.367121	1	0.08760684
204	0	0.7.6.367513	0	0.07735697
204	0	0.7.6.368047	0	0.004911057
204	0	0.7.6.369288	1	0.1728395
204	0	0.7.6.369326	0	0.1728395
204	0	0.7.6.3694	0	0.004911057
204	0	0.7.6.369560	0	0.004911057
204	0	0.7.6.370301	0	0.004911057
204	0	0.7.6.370326	0	0.0692668
204	0	0.7.6.371368	0	0.0692668
204	0	0.7.6.371595	0	0.004911057
204	0	0.7.6.371669	0	0.004911057
204	0	0.7.6.371806	0	0.0692668
204	0	0.7.6.371979	0	0.0692668
204	0	0.7.6.372304	0	0.004911057
204	0	0.7.6.372737	0	0.004911057
204	0	0.7.6.373216	0	0.004911057
204	0	0.7.6.373514	0	0.004911057
204	0	0.7.6.373631	0	0.004911057
204	0	0.7.6.374116	0	0.004911057
204	0	0.7.6.374451	0	0.004911057
204	0	0.7.6.374485	0	0.004911057
204	0	0.7.6.374557	0	0.004911057
204	0	0.7.6.374732	0	0.004911057
204	0	0.7.6.374754	1	0.08855291
204	0	0.7.6.374795	0	0.004911057
204	0	0.7.6.374815	0	0.004911057
204	0	0.7.6.3752	0	0.07735697
204	0	0.7.6.375221	0	0.004911057
204	0	0.7.6.3754	0	0.07735697
204	0	0.7.6.375504	0	0.004911057
204	0	0.7.6.3756	0	0.07735697
204	0	0.7.6.37573	0	0.0692668
204	0	0.7.6.375949	0	0.0692668
204	0	0.7.6.376310	0	0.0692668
204	0	0.7.6.37792	0	0.004911057
204	0	0.7.6.38358	0	0.004911057
204	0	0.7.6.3846	0	0.07735697
204	0	0.7.6.387706	0	0.004911057
204	0	0.7.6.387965	0	0.004911057
204	0	0.7.6.388189	0	0.004911057
204	0	0.7.6.388369	0	0.004911057
204	0	0.7.6.388583	0	0.0781332
204	0	0.7.6.38890	0	0.004911057
204	0	0.7.6.389594	0	0.004911057
204	0	0.7.6.38985	1	0.0781332
204	0	0.7.6.390488	0	0.004911057
204	0	0.7.6.390555	0	0.004911057
204	0	0.7.6.390829	0	0.004911057
204	0	0.7.6.39097	0	0.0781332
204	0	0.7.6.391026	0	0.004911057
204	0	0.7.6.391082	0	0.004911057
204	0	0.7.6.391273	0	0.004911057
204	0	0.7.6.391277	0	0.004911057
204	0	0.7.6.391316	0	0.004911057
204	0	0.7.6.391337	0	0.004911057
204	0	0.7.6.391799	0	0.004911057
204	0	0.7.6.391937	0	0.004911057
204	0	0.7.6.392095	0	0.004911057
204	0	0.7.6.392268	0	0.004911057
204	0	0.7.6.393229	0	0.004911057
204	0	0.7.6.393944	0	0.004911057
204	0	0.7.6.394043	0	0.004911057
204	0	0.7.6.394082	0	0.004911057
204	0	0.7.6.394540	0	0.004911057
204	0	0.7.6.394619	0	0.004911057
204	0	0.7.6.394852	0	0.004911057
204	0	0.7.6.398517	0	0.004911057
204	0	0.7.6.398650	0	0.004911057
204	0	0.7.6.399599	0	0.0692668
204	0	0.7.6.399758	0	0.08251748
204	0	0.7.6.399908	0	0.004911057
204	0	0.7.6.400485	0	0.004911057
204	0	0.7.6.400861	0	0.0692668
204	0	0.7.6.401236	0	0.004911057
204	0	0.7.6.401276	0	0.004911057
204	0	0.7.6.401437	0	0.004911057
204	0	0.7.6.4016	0	0.004911057
204	0	0.7.6.401802	0	0.0692668
204	0	0.7.6.401856	0	0.08251748
204	0	0.7.6.401973	0	0.004911057
204	0	0.7.6.403294	-1	0.004911057
204	0	0.7.6.403345	0	0.004911057
204	0	0.7.6.4034	0	0.07735697
204	0	0.7.6.403479	-1	0.0781332
204	0	0.7.6.403768	-1	0.004911057
204	0	0.7.6.404477	-1	0.0692668
204	0	0.7.6.404995	0	0.0692668
204	0	0.7.6.405098	0	0.004911057
204	0	0.7.6.405121	0	0.07735697
204	0	0.7.6.4052	0	0.07735697
204	0	0.7.6.405300	0	0.004911057
204	0	0.7.6.405362	0	0.0692668
204	0	0.7.6.405865	0	0.004911057
204	0	0.7.6.405882	0	0.0692668
204	0	0.7.6.4069	0	0.07735697
204	0	0.7.6.407048	0	0.0692668
204	0	0.7.6.407069	0	0.004911057
204	0	0.7.6.407158	0	0.004911057
204	0	0.7.6.407171	0	0.004911057
204	0	0.7.6.407936	0	0.004911057
204	0	0.7.6.408211	0	0.004911057
204	0	0.7.6.409751	0	0.004911057
204	0	0.7.6.410123	0	0.004911057
204	0	0.7.6.411450	0	0.004911057
204	0	0.7.6.411774	0	0.004911057
204	0	0.7.6.411795	0	0.004911057
204	0	0.7.6.412443	0	0.004911057
204	0	0.7.6.412497	0	0.004911057
204	0	0.7.6.412874	0	0.004911057
204	0	0.7.6.413302	0	0.0692668
204	0	0.7.6.414128	0	0.004911057
204	0	0.7.6.414411	0	0.004911057
204	0	0.7.6.414468	0	0.0692668
204	0	0.7.6.414654	0	0.004911057
204	0	0.7.6.414826	1	0.1728395
204	0	0.7.6.415399	0	0.0692668
204	0	0.7.6.415515	0	0.0692668
204	0	0.7.6.415766	0	0.004911057
204	0	0.7.6.416230	1	0.08760684
204	0	0.7.6.416611	0	0.004911057
204	0	0.7.6.416682	0	0.0692668
204	0	0.7.6.416724	0	0.004911057
204	0	0.7.6.417228	0	0.004911057
204	0	0.7.6.417260	1	0.08760684
204	0	0.7.6.418115	0	0.004911057
204	0	0.7.6.418121	0	0.0692668
204	0	0.7.6.418444	0	0.004911057
204	0	0.7.6.418570	0	0.0692668
204	0	0.7.6.419198	0	0.004911057
204	0	0.7.6.4192	0	0.07735697
204	0	0.7.6.419390	0	0.0692668
204	0	0.7.6.419651	0	0.004911057
204	0	0.7.6.419684	0	0.004911057
204	0	0.7.6.420296	0	0.0692668
204	0	0.7.6.420323	0	0.0692668
204	0	0.7.6.420457	0	0.0692668
204	0	0.7.6.420495	0	0.0692668
204	0	0.7.6.420690	0	0.004911057
204	0	0.7.6.420790	0	0.004911057
204	0	0.7.6.420830	0	0.004911057
204	0	0.7.6.429479	0	0.004911057
204	0	0.7.6.429509	0	0.0692668
204	0	0.7.6.429594	0	0.004911057
204	0	0.7.6.429602	0	0.004911057
204	0	0.7.6.430038	0	0.0692668
204	0	0.7.6.430604	0	0.004911057
204	0	0.7.6.430632	0	0.004911057
204	0	0.7.6.430802	0	0.004911057
204	0	0.7.6.431103	0	0.004911057
204	0	0.7.6.431306	0	0.004911057
204	0	0.7.6.431584	0	0.004911057
204	0	0.7.6.432056	0	0.004911057
204	0	0.7.6.432288	0	0.004911057
204	0	0.7.6.432367	0	0.004911057
204	0	0.7.6.432586	0	0.004911057
204	0	0.7.6.432672	0	0.07735697
204	0	0.7.6.432931	0	0.0692668
204	0	0.7.6.433135	0	0.0692668
204	0	0.7.6.433141	0	0.004911057
204	0	0.7.6.433193	0	0.004911057
204	0	0.7.6.433232	0	0.004911057
204	0	0.7.6.433282	0	0.07735697
204	0	0.7.6.433459	0	0.004911057
204	0	0.7.6.433634	0	0.004911057
204	0	0.7.6.434078	0	0.004911057
204	0	0.7.6.434894	0	0.004911057
204	0	0.7.6.435057	0	0.004911057
204	0	0.7.6.438245	0	0.0692668
204	0	0.7.6.438878	0	0.004911057
204	0	0.7.6.439252	0	0.004911057
204	0	0.7.6.439856	0	0.004911057
204	0	0.7.6.439950	0	0.004911057
204	0	0.7.6.439954	0	0.004911057
204	0	0.7.6.439958	0	0.004911057
204	0	0.7.6.440195	0	0.004911057
204	0	0.7.6.440869	0	0.004911057
204	0	0.7.6.441435	0	0.004911057
204	0	0.7.6.441608	0	0.004911057
204	0	0.7.6.443163	0	0.004911057
204	0	0.7.6.443265	0	0.004911057
204	0	0.7.6.443357	0	0.004911057
204	0	0.7.6.443570	0	0.004911057
204	0	0.7.6.444195	0	0.004911057
204	0	0.7.6.444574	0	0.004911057
204	0	0.7.6.444811	0	0.004911057
204	0	0.7.6.445146	0	0.004911057
204	0	0.7.6.445768	0	0.004911057
204	0	0.7.6.446004	0	0.004911057
204	0	0.7.6.446266	0	0.004911057
204	0	0.7.6.446863	0	0.004911057
204	0	0.7.6.447183	0	0.004911057
204	0	0.7.6.447466	0	0.004911057
204	0	0.7.6.447583	0	0.004911057
204	0	0.7.6.449930	0	0.004911057
204	0	0.7.6.450660	0	0.004911057
204	0	0.7.6.450890	0	0.004911057
204	0	0.7.6.452616	0	0.004911057
204	0	0.7.6.453312	0	0.004911057
204	0	0.7.6.454576	0	0.004911057
204	0	0.7.6.454630	0	0.004911057
204	0	0.7.6.455813	0	0.004911057
204	0	0.7.6.457290	0	0.004911057
204	0	0.7.6.457761	1	0.08855291
204	0	0.7.6.457765	0	0.0692668
204	0	0.7.6.458049	0	0.0692668
204	0	0.7.6.459104	0	0.004911057
204	0	0.7.6.459134	0	0.0692668
204	0	0.7.6.460293	0	0.0692668
204	0	0.7.6.460302	0	0.0692668
204	0	0.7.6.460505	0	0.0692668
204	0	0.7.6.460793	0	0.0692668
204	0	0.7.6.461098	0	0.004911057
204	0	0.7.6.461303	0	0.004911057
204	0	0.7.6.462082	0	0.0692668
204	0	0.7.6.462176	0	0.004911057
204	0	0.7.6.462482	0	0.0692668
204	0	0.7.6.462672	0	0.07735697
204	0	0.7.6.462895	0	0.004911057
204	0	0.7.6.462912	0	0.004911057
204	0	0.7.6.463158	0	0.0692668
204	0	0.7.6.463564	0	0.0692668
204	0	0.7.6.463578	0	0.0692668
204	0	0.7.6.463607	0	0.0692668
204	0	0.7.6.464043	0	0.0692668
204	0	0.7.6.464084	1	0.08855291
204	0	0.7.6.464893	0	0.07735697
204	0	0.7.6.464990	0	0.0692668
204	0	0.7.6.465085	0	0.004911057
204	0	0.7.6.465171	0	0.004911057
204	0	0.7.6.465329	0	0.004911057
204	0	0.7.6.465475	1	0.08760684
204	0	0.7.6.465476	1	0.08760684
204	0	0.7.6.465665	0	0.004911057
204	0	0.7.6.466119	0	0.004911057
204	0	0.7.6.466270	0	0.0692668
204	0	0.7.6.466506	0	0.004911057
204	0	0.7.6.466663	0	0.0692668
204	0	0.7.6.466891	1	0.0781332
204	0	0.7.6.4671	0	0.07735697
204	0	0.7.6.467187	0	0.004911057
204	0	0.7.6.467201	0	0.004911057
204	0	0.7.6.467288	0	0.004911057
204	0	0.7.6.467622	1	0.0781332
204	0	0.7.6.467809	0	0.004911057
204	0	0.7.6.468046	0	0.004911057
204	0	0.7.6.468100	0	0.004911057
204	0	0.7.6.468232	0	0.0692668
204	0	0.7.6.468258	0	0.004911057
204	0	0.7.6.468319	1	0.08855291
204	0	0.7.6.468322	1	0.08855291
204	0	0.7.6.468339	0	0.0692668
204	0	0.7.6.468361	0	0.0692668
204	0	0.7.6.468369	0	0.0692668
204	0	0.7.6.468381	0	0.0692668
204	0	0.7.6.468385	0	0.0692668
204	0	0.7.6.468421	0	0.0692668
204	0	0.7.6.468479	0	0.0692668
204	0	0.7.6.468481	0	0.004911057
204	0	0.7.6.468854	0	0.0692668
204	0	0.7.6.468996	1	0.08855291
204	0	0.7.6.469073	0	0.004911057
204	0	0.7.6.469232	0	0.004911057
204	0	0.7.6.469340	1	0.0781332
204	0	0.7.6.469836	1	0.0781332
204	0	0.7.6.469873	1	0.0781332
204	0	0.7.6.469885	1	0.0781332
204	0	0.7.6.470238	0	0.004911057
204	0	0.7.6.4723	0	0.004911057
204	0	0.7.6.4794	0	0.07735697
204	0	0.7.6.480310	0	0.004911057
204	0	0.7.6.480354	0	0.0692668
204	0	0.7.6.480375	0	0.0692668
204	0	0.7.6.480411	0	0.0692668
204	0	0.7.6.480664	0	0.004911057
204	0	0.7.6.480696	0	0.004911057
204	0	0.7.6.480735	0	0.004911057
204	0	0.7.6.4816	0	0.07735697
204	0	0.7.6.482094	0	0.004911057
204	0	0.7.6.482702	0	0.004911057
204	0	0.7.6.482735	0	0.004911057
204	0	0.7.6.482996	0	0.004911057
204	0	0.7.6.483301	0	0.004911057
204	0	0.7.6.483813	0	0.004911057
204	0	0.7.6.4840	0	0.004911057
204	0	0.7.6.484061	0	0.004911057
204	0	0.7.6.484784	0	0.004911057
204	0	0.7.6.484799	0	0.004911057
204	0	0.7.6.484863	0	0.004911057
204	0	0.7.6.486085	0	0.004911057
204	0	0.7.6.486186	0	0.0692668
204	0	0.7.6.486203	0	0.0692668
204	0	0.7.6.486436	-1	0.004911057
204	0	0.7.6.486763	0	0.0692668
204	0	0.7.6.486895	0	0.004911057
204	0	0.7.6.487422	0	0.004911057
204	0	0.7.6.487921	1	0.0781332
204	0	0.7.6.488331	0	0.004911057
204	0	0.7.6.490212	0	0.004911057
204	0	0.7.6.490252	0	0.004911057
204	0	0.7.6.490320	0	0.004911057
204	0	0.7.6.490541	0	0.004911057
204	0	0.7.6.490591	0	0.0692668
204	0	0.7.6.490966	-1	0.004911057
204	0	0.7.6.491530	0	0.004911057
204	0	0.7.6.491868	0	0.004911057
204	0	0.7.6.491921	0	0.004911057
204	0	0.7.6.492010	0	0.0692668
204	0	0.7.6.492016	0	0.004911057
204	0	0.7.6.492885	0	0.004911057
204	0	0.7.6.492898	0	0.004911057
204	0	0.7.6.493420	0	0.004911057
204	0	0.7.6.493432	0	0.004911057
204	0	0.7.6.493499	0	0.004911057
204	0	0.7.6.493556	0	0.004911057
204	0	0.7.6.494119	0	0.004911057
204	0	0.7.6.494212	0	0.004911057
204	0	0.7.6.494694	0	0.08760684
204	0	0.7.6.494725	1	0.0781332
204	0	0.7.6.494860	0	0.004911057
204	0	0.7.6.494973	0	0.004911057
204	0	0.7.6.495	0	0.07735697
204	0	0.7.6.495355	0	0.004911057
204	0	0.7.6.496029	0	0.004911057
204	0	0.7.6.496360	0	0.004911057
204	0	0.7.6.496532	0	0.004911057
204	0	0.7.6.497076	0	0.004911057
204	0	0.7.6.497628	0	0.07735697
204	0	0.7.6.497772	0	0.004911057
204	0	0.7.6.497938	0	0.004911057
204	0	0.7.6.498856	1	0.004911057
204	0	0.7.6.499626	0	0.004911057
204	0	0.7.6.499817	0	0.004911057
204	0	0.7.6.500005	0	0.004911057
204	0	0.7.6.501663	0	0.004911057
204	0	0.7.6.502757	1	0.0781332
204	0	0.7.6.502778	0	0.0692668
204	0	0.7.6.503128	0	0.004911057
204	0	0.7.6.503316	0	0.004911057
204	0	0.7.6.503662	0	0.004911057
204	0	0.7.6.503795	0	0.004911057
204	0	0.7.6.503931	0	0.004911057
204	0	0.7.6.503968	0	0.004911057
204	0	0.7.6.504145	0	0.004911057
204	0	0.7.6.504172	0	0.004911057
204	0	0.7.6.504608	0	0.004911057
204	0	0.7.6.505001	0	0.004911057
204	0	0.7.6.505079	0	0.004911057
204	0	0.7.6.505420	0	0.004911057
204	0	0.7.6.505695	0	0.004911057
204	0	0.7.6.506192	1	0.08760684
204	0	0.7.6.506293	0	0.08251748
204	0	0.7.6.506347	0	0.0781332
204	0	0.7.6.506355	0	0.004911057
204	0	0.7.6.506458	0	0.0781332
204	0	0.7.6.506504	0	0.004911057
204	0	0.7.6.507178	0	0.004911057
204	0	0.7.6.507524	0	0.004911057
204	0	0.7.6.507638	0	0.004911057
204	0	0.7.6.507909	1	0.0781332
204	0	0.7.6.507927	0	0.004911057
204	0	0.7.6.508136	0	0.004911057
204	0	0.7.6.508743	0	0.004911057
204	0	0.7.6.509101	0	0.004911057
204	0	0.7.6.509167	0	0.004911057
204	0	0.7.6.509405	0	0.004911057
204	0	0.7.6.514442	0	0.004911057
204	0	0.7.6.514467	0	0.004911057
204	0	0.7.6.515113	0	0.004911057
204	0	0.7.6.5152	1	0.0781332
204	0	0.7.6.515297	0	0.0692668
204	0	0.7.6.516050	0	0.004911057
204	0	0.7.6.516912	0	0.004911057
204	0	0.7.6.518331	0	0.004911057
204	0	0.7.6.518481	-1	0.004911057
204	0	0.7.6.518911	-1	0.004911057
204	0	0.7.6.518924	0	0.004911057
204	0	0.7.6.519132	-1	0.0692668
204	0	0.7.6.519182	0	0.0692668
204	0	0.7.6.519467	-1	0.0692668
204	0	0.7.6.519717	-1	0.004911057
204	0	0.7.6.519838	-1	0.004911057
204	0	0.7.6.520260	0	0.004911057
204	0	0.7.6.520584	0	0.004911057
204	0	0.7.6.520593	0	0.004911057
204	0	0.7.6.520595	0	0.0692668
204	0	0.7.6.520610	0	0.004911057
204	0	0.7.6.520629	0	0.08251748
204	0	0.7.6.520677	0	0.08251748
204	0	0.7.6.520688	0	0.004911057
204	0	0.7.6.521146	0	0.004911057
204	0	0.7.6.521378	0	0.004911057
204	0	0.7.6.521533	1	0.0781332
204	0	0.7.6.522022	0	0.0692668
204	0	0.7.6.522741	0	0.0692668
204	0	0.7.6.523173	0	0.004911057
204	0	0.7.6.523217	0	0.004911057
204	0	0.7.6.523687	0	0.004911057
204	0	0.7.6.524301	0	0.004911057
204	0	0.7.6.524504	0	0.0692668
204	0	0.7.6.525412	0	0.0692668
204	0	0.7.6.525845	0	0.0692668
204	0	0.7.6.526639	0	0.0692668
204	0	0.7.6.527170	0	0.0692668
204	0	0.7.6.527256	0	0.004911057
204	0	0.7.6.527469	0	0.004911057
204	0	0.7.6.527581	0	0.004911057
204	0	0.7.6.527818	0	0.08251748
204	0	0.7.6.528498	0	0.004911057
204	0	0.7.6.529365	0	0.004911057
204	0	0.7.6.529523	0	0.0692668
204	0	0.7.6.529610	0	0.004911057
204	0	0.7.6.529658	0	0.004911057
204	0	0.7.6.529696	0	0.0692668
204	0	0.7.6.529790	0	0.004911057
204	0	0.7.6.530568	0	0.004911057
204	0	0.7.6.531315	0	0.004911057
204	0	0.7.6.532043	0	0.004911057
204	0	0.7.6.532109	0	0.004911057
204	0	0.7.6.532136	0	0.004911057
204	0	0.7.6.532262	0	0.0692668
204	0	0.7.6.532561	0	0.004911057
204	0	0.7.6.533376	0	0.004911057
204	0	0.7.6.533501	0	0.0692668
204	0	0.7.6.533685	0	0.004911057
204	0	0.7.6.533810	0	0.004911057
204	0	0.7.6.534395	0	0.004911057
204	0	0.7.6.534830	0	0.004911057
204	0	0.7.6.536340	0	0.004911057
204	0	0.7.6.536969	0	0.004911057
204	0	0.7.6.537443	0	0.004911057
204	0	0.7.6.537454	0	0.004911057
204	0	0.7.6.537557	1	0.0781332
204	0	0.7.6.537678	0	0.0692668
204	0	0.7.6.538035	0	0.004911057
204	0	0.7.6.538567	0	0.004911057
204	0	0.7.6.538577	0	0.004911057
204	0	0.7.6.538940	0	0.004911057
204	0	0.7.6.539283	0	0.08251748
204	0	0.7.6.539543	0	0.0692668
204	0	0.7.6.539734	0	0.004911057
204	0	0.7.6.539753	0	0.004911057
204	0	0.7.6.540628	0	0.004911057
204	0	0.7.6.540653	0	0.0692668
204	0	0.7.6.540787	0	0.004911057
204	0	0.7.6.540842	0	0.004911057
204	0	0.7.6.541147	0	0.004911057
204	0	0.7.6.541522	0	0.004911057
204	0	0.7.6.541702	0	0.004911057
204	0	0.7.6.542054	0	0.004911057
204	0	0.7.6.546607	0	0.004911057
204	0	0.7.6.547260	0	0.004911057
204	0	0.7.6.547905	0	0.0692668
204	0	0.7.6.548410	0	0.004911057
204	0	0.7.6.548779	1	0.0781332
204	0	0.7.6.548934	0	0.004911057
204	0	0.7.6.549035	0	0.004911057
204	0	0.7.6.549876	0	0.004911057
204	0	0.7.6.5510	0	0.004911057
204	0	0.7.6.551059	0	0.004911057
204	0	0.7.6.551200	0	0.004911057
204	0	0.7.6.551808	0	0.004911057
204	0	0.7.6.552062	0	0.004911057
204	0	0.7.6.552146	0	0.004911057
204	0	0.7.6.552196	0	0.004911057
204	0	0.7.6.552491	0	0.004911057
204	0	0.7.6.552514	0	0.004911057
204	0	0.7.6.552815	0	0.004911057
204	0	0.7.6.552979	0	0.004911057
204	0	0.7.6.553373	0	0.004911057
204	0	0.7.6.553538	0	0.004911057
204	0	0.7.6.553651	0	0.004911057
204	0	0.7.6.553849	0	0.004911057
204	0	0.7.6.554049	0	0.004911057
204	0	0.7.6.554118	0	0.004911057
204	0	0.7.6.554545	0	0.004911057
204	0	0.7.6.554558	0	0.004911057
204	0	0.7.6.554562	0	0.004911057
204	0	0.7.6.556671	0	0.0692668
204	0	0.7.6.556756	0	0.004911057
204	0	0.7.6.557741	0	0.004911057
204	0	0.7.6.558812	0	0.004911057
204	0	0.7.6.559259	0	0.004911057
204	0	0.7.6.563389	-1	0.004911057
204	0	0.7.6.563951	0	0.004911057
204	0	0.7.6.567271	0	0.004911057
204	0	0.7.6.567275	0	0.004911057
204	0	0.7.6.567639	0	0.004911057
204	0	0.7.6.568246	0	0.0692668
204	0	0.7.6.569099	0	0.0692668
204	0	0.7.6.569397	0	0.004911057
204	0	0.7.6.573015	0	0.004911057
204	0	0.7.6.573146	0	0.004911057
204	0	0.7.6.574533	0	0.004911057
204	0	0.7.6.575100	0	0.004911057
204	0	0.7.6.576046	0	0.0692668
204	0	0.7.6.576835	0	0.0781332
204	0	0.7.6.577855	0	0.0781332
204	0	0.7.6.583031	0	0.004911057
204	0	0.7.6.586023	0	0.07735697
204	0	0.7.6.586332	0	0.0692668
204	0	0.7.6.588333	0	0.004911057
204	0	0.7.6.592410	0	0.004911057
204	0	0.7.6.592997	0	0.0692668
204	0	0.7.6.593433	0	0.004911057
204	0	0.7.6.593639	0	0.0692668
204	0	0.7.6.594112	0	0.0692668
204	0	0.7.6.594134	0	0.0692668
204	0	0.7.6.594282	0	0.0692668
204	0	0.7.6.599788	0	0.07735697
204	0	0.7.6.601086	0	0.004911057
204	0	0.7.6.601412	0	0.004911057
204	0	0.7.6.601753	0	0.004911057
204	0	0.7.6.60200	0	0.004911057
204	0	0.7.6.60220	0	0.004911057
204	0	0.7.6.602407	0	0.004911057
204	0	0.7.6.603423	0	0.004911057
204	0	0.7.6.603745	0	0.0692668
204	0	0.7.6.603902	0	0.004911057
204	0	0.7.6.604008	0	0.004911057
204	0	0.7.6.60535	0	0.004911057
204	0	0.7.6.608255	0	0.004911057
204	0	0.7.6.608374	0	0.004911057
204	0	0.7.6.610051	0	0.0692668
204	0	0.7.6.61042	0	0.004911057
204	0	0.7.6.61103	0	0.004911057
204	0	0.7.6.611475	0	0.0781332
204	0	0.7.6.61155	0	0.0692668
204	0	0.7.6.61296	0	0.0692668
204	0	0.7.6.613845	0	0.0692668
204	0	0.7.6.61399	0	0.004911057
204	0	0.7.6.614244	0	0.004911057
204	0	0.7.6.61474	0	0.0692668
204	0	0.7.6.615	0	0.07735697
204	0	0.7.6.61509	0	0.004911057
204	0	0.7.6.61604	1	0.0781332
204	0	0.7.6.61643	1	0.0781332
204	0	0.7.6.6165	0	0.004911057
204	0	0.7.6.61736	1	0.0781332
204	0	0.7.6.617876	0	0.004911057
204	0	0.7.6.61837	1	0.1728395
204	0	0.7.6.61863	0	0.0692668
204	0	0.7.6.619601	0	0.0692668
204	0	0.7.6.619987	0	0.004911057
204	0	0.7.6.619988	0	0.004911057
204	0	0.7.6.62110	0	0.0692668
204	0	0.7.6.621621	0	0.004911057
204	0	0.7.6.62234	0	0.004911057
204	0	0.7.6.623002	0	0.004911057
204	0	0.7.6.623054	0	0.0692668
204	0	0.7.6.62399	0	0.004911057
204	0	0.7.6.624511	0	0.004911057
204	0	0.7.6.62545	0	0.004911057
204	0	0.7.6.625735	-1	0.004911057
204	0	0.7.6.627673	0	0.0692668
204	0	0.7.6.628269	0	0.0692668
204	0	0.7.6.62884	0	0.004911057
204	0	0.7.6.628913	0	0.08251748
204	0	0.7.6.6290	1	0.0781332
204	0	0.7.6.629151	0	0.0692668
204	0	0.7.6.629446	0	0.0692668
204	0	0.7.6.629507	0	0.004911057
204	0	0.7.6.630145	0	0.0692668
204	0	0.7.6.630812	0	0.0692668
204	0	0.7.6.630821	0	0.0692668
204	0	0.7.6.630828	0	0.004911057
204	0	0.7.6.630908	0	0.004911057
204	0	0.7.6.630941	0	0.004911057
204	0	0.7.6.631296	0	0.004911057
204	0	0.7.6.63266	0	0.004911057
204	0	0.7.6.63348	0	0.004911057
204	0	0.7.6.63805	0	0.004911057
204	0	0.7.6.63808	0	0.004911057
204	0	0.7.6.63963	0	0.004911057
204	0	0.7.6.64006	0	0.004911057
204	0	0.7.6.64173	0	0.0692668
204	0	0.7.6.64331	0	0.004911057
204	0	0.7.6.64548	0	0.004911057
204	0	0.7.6.64904	0	0.004911057
204	0	0.7.6.6522	0	0.004911057
204	0	0.7.6.65243	0	0.004911057
204	0	0.7.6.65524	0	0.0781332
204	0	0.7.6.65985	0	0.004911057
204	0	0.7.6.66217	0	0.004911057
204	0	0.7.6.663991	0	0.0692668
204	0	0.7.6.664001	0	0.0692668
204	0	0.7.6.664082	0	0.07735697
204	0	0.7.6.664297	0	0.0692668
204	0	0.7.6.664638	1	0.08760684
204	0	0.7.6.665524	0	0.07735697
204	0	0.7.6.665591	0	0.004911057
204	0	0.7.6.665645	0	0.004911057
204	0	0.7.6.665661	1	0.0781332
204	0	0.7.6.665903	0	0.004911057
204	0	0.7.6.665929	0	0.0692668
204	0	0.7.6.665996	0	0.07735697
204	0	0.7.6.666356	0	0.004911057
204	0	0.7.6.666416	0	0.07735697
204	0	0.7.6.666430	0	0.07735697
204	0	0.7.6.666663	0	0.004911057
204	0	0.7.6.667234	0	0.004911057
204	0	0.7.6.667261	0	0.004911057
204	0	0.7.6.667503	0	0.004911057
204	0	0.7.6.668695	0	0.004911057
204	0	0.7.6.668776	0	0.004911057
204	0	0.7.6.668905	0	0.004911057
204	0	0.7.6.669176	0	0.004911057
204	0	0.7.6.669368	0	0.004911057
204	0	0.7.6.669584	0	0.004911057
204	0	0.7.6.669737	0	0.0692668
204	0	0.7.6.670238	0	0.004911057
204	0	0.7.6.670500	1	0.1728395
204	0	0.7.6.670509	1	0.08855291
204	0	0.7.6.670533	1	0.08855291
204	0	0.7.6.670541	1	0.08855291
204	0	0.7.6.670612	1	0.08855291
204	0	0.7.6.670677	0	0.07735697
204	0	0.7.6.671172	0	0.004911057
204	0	0.7.6.671921	0	0.004911057
204	0	0.7.6.672218	0	0.004911057
204	0	0.7.6.672312	0	0.004911057
204	0	0.7.6.672393	0	0.004911057
204	0	0.7.6.673205	-1	0.004911057
204	0	0.7.6.673656	-1	0.004911057
204	0	0.7.6.673927	-1	0.004911057
204	0	0.7.6.67420	0	0.004911057
204	0	0.7.6.674458	-1	0.004911057
204	0	0.7.6.675188	-1	0.004911057
204	0	0.7.6.675851	0	0.004911057
204	0	0.7.6.677097	0	0.004911057
204	0	0.7.6.677859	0	0.004911057
204	0	0.7.6.678379	0	0.004911057
204	0	0.7.6.678630	0	0.004911057
204	0	0.7.6.679183	0	0.004911057
204	0	0.7.6.679509	0	0.004911057
204	0	0.7.6.679993	0	0.004911057
204	0	0.7.6.681052	0	0.004911057
204	0	0.7.6.682797	0	0.004911057
204	0	0.7.6.683685	0	0.004911057
204	0	0.7.6.68395	0	0.004911057
204	0	0.7.6.68515	0	0.004911057
204	0	0.7.6.68524	0	0.004911057
204	0	0.7.6.685406	0	0.004911057
204	0	0.7.6.68708	0	0.004911057
204	0	0.7.6.688356	0	0.004911057
204	0	0.7.6.689070	0	0.004911057
204	0	0.7.6.689421	0	0.004911057
204	0	0.7.6.689575	0	0.0692668
204	0	0.7.6.690425	0	0.004911057
204	0	0.7.6.690909	0	0.004911057
204	0	0.7.6.69194	0	0.0692668
204	0	0.7.6.691974	0	0.0692668
204	0	0.7.6.692171	0	0.004911057
204	0	0.7.6.692172	0	0.0692668
204	0	0.7.6.692493	0	0.004911057
204	0	0.7.6.693471	0	0.0692668
204	0	0.7.6.693641	0	0.004911057
204	0	0.7.6.69412	0	0.004911057
204	0	0.7.6.695220	0	0.0692668
204	0	0.7.6.695650	0	0.004911057
204	0	0.7.6.696876	1	0.0781332
204	0	0.7.6.69782	0	0.004911057
204	0	0.7.6.698154	1	0.0781332
204	0	0.7.6.698165	0	0.0692668
204	0	0.7.6.69821	0	0.004911057
204	0	0.7.6.698646	0	0.004911057
204	0	0.7.6.698800	0	0.0692668
204	0	0.7.6.698978	0	0.004911057
204	0	0.7.6.699390	0	0.004911057
204	0	0.7.6.69982	0	0.004911057
204	0	0.7.6.699957	0	0.0692668
204	0	0.7.6.700065	0	0.004911057
204	0	0.7.6.700814	0	0.004911057
204	0	0.7.6.701058	0	0.004911057
204	0	0.7.6.701409	0	0.0692668
204	0	0.7.6.702554	1	0.0781332
204	0	0.7.6.703222	0	0.004911057
204	0	0.7.6.703576	0	0.004911057
204	0	0.7.6.70365	0	0.004911057
204	0	0.7.6.703741	0	0.004911057
204	0	0.7.6.703887	0	0.004911057
204	0	0.7.6.704170	0	0.004911057
204	0	0.7.6.704823	0	0.004911057
204	0	0.7.6.705319	0	0.004911057
204	0	0.7.6.705341	0	0.004911057
204	0	0.7.6.705348	0	0.004911057
204	0	0.7.6.70541	0	0.004911057
204	0	0.7.6.705576	0	0.004911057
204	0	0.7.6.705786	0	0.004911057
204	0	0.7.6.705884	0	0.004911057
204	0	0.7.6.706059	0	0.004911057
204	0	0.7.6.706085	0	0.004911057
204	0	0.7.6.706713	-1	0.0781332
204	0	0.7.6.707193	0	0.004911057
204	0	0.7.6.707268	0	0.004911057
204	0	0.7.6.707711	0	0.004911057
204	0	0.7.6.707917	1	0.08855291
204	0	0.7.6.708028	0	0.004911057
204	0	0.7.6.70866	0	0.004911057
204	0	0.7.6.709022	0	0.004911057
204	0	0.7.6.70924	0	0.004911057
204	0	0.7.6.709240	1	0.0781332
204	0	0.7.6.709602	0	0.004911057
204	0	0.7.6.709740	0	0.004911057
204	0	0.7.6.710146	0	0.004911057
204	0	0.7.6.710401	0	0.004911057
204	0	0.7.6.711027	0	0.004911057
204	0	0.7.6.711276	0	0.004911057
204	0	0.7.6.711374	1	0.0781332
204	0	0.7.6.711387	0	0.004911057
204	0	0.7.6.711677	0	0.08251748
204	0	0.7.6.71207	0	0.004911057
204	0	0.7.6.712244	0	0.004911057
204	0	0.7.6.712348	1	0.08855291
204	0	0.7.6.712511	0	0.004911057
204	0	0.7.6.712616	0	0.004911057
204	0	0.7.6.712764	0	0.004911057
204	0	0.7.6.712863	0	0.004911057
204	0	0.7.6.71342	0	0.004911057
204	0	0.7.6.71504	0	0.004911057
204	0	0.7.6.716786	0	0.004911057
204	0	0.7.6.716928	0	0.004911057
204	0	0.7.6.717542	0	0.004911057
204	0	0.7.6.71758	0	0.004911057
204	0	0.7.6.71768	0	0.004911057
204	0	0.7.6.718663	0	0.004911057
204	0	0.7.6.718673	1	0.08760684
204	0	0.7.6.719688	0	0.004911057
204	0	0.7.6.720584	0	0.004911057
204	0	0.7.6.720977	0	0.004911057
204	0	0.7.6.721077	0	0.004911057
204	0	0.7.6.721674	0	0.004911057
204	0	0.7.6.721780	0	0.004911057
204	0	0.7.6.721802	0	0.004911057
204	0	0.7.6.721811	0	0.004911057
204	0	0.7.6.722157	1	0.0781332
204	0	0.7.6.722366	0	0.004911057
204	0	0.7.6.723121	0	0.08251748
204	0	0.7.6.723226	0	0.004911057
204	0	0.7.6.724330	0	0.004911057
204	0	0.7.6.724514	0	0.004911057
204	0	0.7.6.725478	0	0.0692668
204	0	0.7.6.726814	0	0.0692668
204	0	0.7.6.727332	0	0.004911057
204	0	0.7.6.72785	0	0.0692668
204	0	0.7.6.727954	0	0.004911057
204	0	0.7.6.728485	0	0.004911057
204	0	0.7.6.728546	0	0.004911057
204	0	0.7.6.730961	1	0.07735697
204	0	0.7.6.731168	1	0.0781332
204	0	0.7.6.731429	0	0.004911057
204	0	0.7.6.73155	0	0.004911057
204	0	0.7.6.732716	0	0.004911057
204	0	0.7.6.733219	0	0.004911057
204	0	0.7.6.733236	0	0.004911057
204	0	0.7.6.733548	0	0.004911057
204	0	0.7.6.73369	0	0.0692668
204	0	0.7.6.734610	0	0.004911057
204	0	0.7.6.735122	0	0.0692668
204	0	0.7.6.735557	0	0.004911057
204	0	0.7.6.735892	0	0.004911057
204	0	0.7.6.736325	0	0.0692668
204	0	0.7.6.736514	0	0.004911057
204	0	0.7.6.738078	0	0.0692668
204	0	0.7.6.738605	0	0.004911057
204	0	0.7.6.74032	0	0.004911057
204	0	0.7.6.742828	0	0.004911057
204	0	0.7.6.743378	0	0.004911057
204	0	0.7.6.743538	0	0.004911057
204	0	0.7.6.743951	0	0.004911057
204	0	0.7.6.744484	0	0.004911057
204	0	0.7.6.744979	0	0.004911057
204	0	0.7.6.745597	0	0.004911057
204	0	0.7.6.745611	0	0.004911057
204	0	0.7.6.746107	0	0.004911057
204	0	0.7.6.746270	0	0.004911057
204	0	0.7.6.746430	0	0.004911057
204	0	0.7.6.746458	0	0.004911057
204	0	0.7.6.746477	0	0.004911057
204	0	0.7.6.746481	0	0.004911057
204	0	0.7.6.746788	0	0.004911057
204	0	0.7.6.749952	0	0.0692668
204	0	0.7.6.750898	0	0.004911057
204	0	0.7.6.751254	0	0.004911057
204	0	0.7.6.751394	0	0.004911057
204	0	0.7.6.751415	0	0.004911057
204	0	0.7.6.751945	0	0.004911057
204	0	0.7.6.752162	0	0.004911057
204	0	0.7.6.753042	0	0.004911057
204	0	0.7.6.753330	0	0.004911057
204	0	0.7.6.753380	0	0.0692668
204	0	0.7.6.753605	0	0.0692668
204	0	0.7.6.753936	0	0.004911057
204	0	0.7.6.754476	0	0.004911057
204	0	0.7.6.754973	0	0.004911057
204	0	0.7.6.755675	0	0.004911057
204	0	0.7.6.75581	0	0.004911057
204	0	0.7.6.756200	0	0.004911057
204	0	0.7.6.756750	0	0.0692668
204	0	0.7.6.756825	0	0.004911057
204	0	0.7.6.75783	0	0.004911057
204	0	0.7.6.758003	0	0.004911057
204	0	0.7.6.758195	0	0.0692668
204	0	0.7.6.758453	0	0.004911057
204	0	0.7.6.758851	0	0.004911057
204	0	0.7.6.75907	0	0.004911057
204	0	0.7.6.759695	0	0.004911057
204	0	0.7.6.759698	0	0.004911057
204	0	0.7.6.759812	1	0.08855291
204	0	0.7.6.759825	0	0.004911057
204	0	0.7.6.76139	0	0.004911057
204	0	0.7.6.7617	0	0.004911057
204	0	0.7.6.761863	0	0.004911057
204	0	0.7.6.76271	0	0.004911057
204	0	0.7.6.763056	0	0.004911057
204	0	0.7.6.76356	0	0.004911057
204	0	0.7.6.763611	0	0.004911057
204	0	0.7.6.763946	0	0.0692668
204	0	0.7.6.76414	0	0.004911057
204	0	0.7.6.764572	0	0.004911057
204	0	0.7.6.76469	0	0.004911057
204	0	0.7.6.76566	0	0.004911057
204	0	0.7.6.765918	0	0.004911057
204	0	0.7.6.765928	0	0.004911057
204	0	0.7.6.76595	0	0.004911057
204	0	0.7.6.766143	0	0.004911057
204	0	0.7.6.766867	0	0.004911057
204	0	0.7.6.767486	0	0.004911057
204	0	0.7.6.767814	0	0.004911057
204	0	0.7.6.768001	0	0.004911057
204	0	0.7.6.768227	0	0.004911057
204	0	0.7.6.768230	0	0.004911057
204	0	0.7.6.768923	0	0.004911057
204	0	0.7.6.769454	0	0.004911057
204	0	0.7.6.769498	0	0.004911057
204	0	0.7.6.769536	0	0.004911057
204	0	0.7.6.769616	0	0.004911057
204	0	0.7.6.769685	0	0.004911057
204	0	0.7.6.769950	0	0.004911057
204	0	0.7.6.77054	0	0.004911057
204	0	0.7.6.770754	0	0.004911057
204	0	0.7.6.770851	0	0.004911057
204	0	0.7.6.771085	0	0.004911057
204	0	0.7.6.771117	0	0.004911057
204	0	0.7.6.771141	0	0.004911057
204	0	0.7.6.771391	0	0.004911057
204	0	0.7.6.771469	0	0.004911057
204	0	0.7.6.771807	-1	0.0692668
204	0	0.7.6.772441	0	0.004911057
204	0	0.7.6.772769	0	0.004911057
204	0	0.7.6.772840	0	0.0692668
204	0	0.7.6.77607	0	0.004911057
204	0	0.7.6.77959	0	0.004911057
204	0	0.7.6.78131	0	0.004911057
204	0	0.7.6.78207	0	0.004911057
204	0	0.7.6.78456	0	0.004911057
204	0	0.7.6.78530	0	0.004911057
204	0	0.7.6.78569	0	0.004911057
204	0	0.7.6.79599	0	0.004911057
204	0	0.7.6.79926	0	0.004911057
204	0	0.7.6.79958	0	0.004911057
204	0	0.7.6.80099	0	0.004911057
204	0	0.7.6.80228	0	0.004911057
204	0	0.7.6.80516	1	0.0781332
204	0	0.7.6.80587	0	0.004911057
204	0	0.7.6.80643	0	0.004911057
204	0	0.7.6.81034	0	0.0692668
204	0	0.7.6.81039	0	0.004911057
204	0	0.7.6.81046	0	0.0692668
204	0	0.7.6.81288	0	0.004911057
204	0	0.7.6.81373	0	0.004911057
204	0	0.7.6.81738	0	0.0692668
204	0	0.7.6.82032	0	0.004911057
204	0	0.7.6.82139	0	0.004911057
204	0	0.7.6.82717	0	0.004911057
204	0	0.7.6.83798	0	0.004911057
204	0	0.7.6.83844	0	0.004911057
204	0	0.7.6.83861	0	0.004911057
204	0	0.7.6.83899	0	0.004911057
204	0	0.7.6.83939	0	0.004911057
204	0	0.7.6.83960	0	0.004911057
204	0	0.7.6.84106	1	0.08855291
204	0	0.7.6.84203	1	0.08760684
204	0	0.7.6.84472	0	0.004911057
204	0	0.7.6.84712	0	0.004911057
204	0	0.7.6.84760	0	0.004911057
204	0	0.7.6.85738	0	0.004911057
204	0	0.7.6.85899	0	0.004911057
204	0	0.7.6.8637	0	0.004911057
204	0	0.7.6.86445	0	0.004911057
204	0	0.7.6.8651	0	0.0692668
204	0	0.7.6.87123	0	0.004911057
204	0	0.7.6.8714	0	0.004911057
204	0	0.7.6.87251	0	0.004911057
204	0	0.7.6.87388	0	0.004911057
204	0	0.7.6.87407	0	0.004911057
204	0	0.7.6.87632	1	0.004911057
204	0	0.7.6.87922	-1	0.004911057
204	0	0.7.6.87986	0	0.004911057
204	0	0.7.6.88386	0	0.004911057
204	0	0.7.6.88558	0	0.004911057
204	0	0.7.6.88622	0	0.004911057
204	0	0.7.6.88670	0	0.004911057
204	0	0.7.6.88987	0	0.004911057
204	0	0.7.6.89	0	0.004911057
204	0	0.7.6.89470	0	0.004911057
204	0	0.7.6.89479	0	0.004911057
204	0	0.7.6.89891	0	0.004911057
204	0	0.7.6.89993	0	0.004911057
204	0	0.7.6.9124	0	0.004911057
204	0	0.7.6.91314	1	0.0781332
204	0	0.7.6.91327	1	0.0781332
204	0	0.7.6.91345	0	0.004911057
204	0	0.7.6.91741	0	0.004911057
204	0	0.7.6.91936	0	0.004911057
204	0	0.7.6.92038	1	0.0781332
204	0	0.7.6.92547	0	0.004911057
204	0	0.7.6.92553	0	0.004911057
204	0	0.7.6.92918	0	0.004911057
204	0	0.7.6.92980	0	0.0692668
204	0	0.7.6.93050	0	0.0692668
204	0	0.7.6.93180	0	0.004911057
204	0	0.7.6.93244	0	0.004911057
204	0	0.7.6.93245	0	0.004911057
204	0	0.7.6.93592	0	0.0692668
204	0	0.7.6.93639	0	0.004911057
204	0	0.7.6.93654	0	0.004911057
204	0	0.7.6.93877	0	0.004911057
204	0	0.7.6.93915	0	0.004911057
204	0	0.7.6.94016	0	0.0692668
204	0	0.7.6.94038	0	0.0692668
204	0	0.7.6.94085	0	0.004911057
204	0	0.7.6.94133	0	0.004911057
204	0	0.7.6.94187	0	0.004911057
204	0	0.7.6.95112	0	0.004911057
204	0	0.7.6.95792	0	0.004911057
204	0	0.7.6.97034	0	0.004911057
204	0	0.7.6.97083	-1	0.004911057
204	0	0.7.6.97155	-1	0.0692668
204	0	0.7.6.97296	0	0.004911057
204	0	0.7.6.97467	0	0.004911057
204	0	0.7.6.97666	0	0.004911057
204	0	0.7.6.97750	0	0.004911057
204	0	0.7.6.98008	0	0.004911057
204	0	0.7.6.98028	0	0.0692668
204	0	0.7.6.98284	0	0.0692668
204	0	0.7.6.98424	0	0.004911057
204	0	0.7.6.9857	0	0.004911057
204	0	0.7.6.98728	0	0.004911057
204	0	0.7.6.99532	0	0.004911057
204	0	0.7.6.99664	0	0.004911057
204	0	0.7.6.99987	0	0.004911057
205	0	0.7.47.1000153	0	0.02693124
205	0	0.7.47.1001700	1	0.02725846
205	0	0.7.47.1002464	0	0.02693124
205	0	0.7.47.1002950	1	0.02726757
205	0	0.7.47.1003416	0	0.002247894
205	0	0.7.47.1003913	-1	0.02728587
205	0	0.7.47.1004196	0	0.02693124
205	0	0.7.47.1005607	1	0.02725846
205	0	0.7.47.1006128	1	0.02693124
205	0	0.7.47.1006274	1	0.02713079
205	0	0.7.47.1006317	0	0.002247894
205	0	0.7.47.1006429	0	0.02693124
205	0	0.7.47.1006582	0	0.002247894
205	0	0.7.47.1007226	0	0.02693124
205	0	0.7.47.1007711	0	0.002247894
205	0	0.7.47.1008089	0	0.002247894
205	0	0.7.47.1008943	0	0.02728587
205	0	0.7.47.1009035	1	0.02713079
205	0	0.7.47.1009036	0	0.02728587
205	0	0.7.47.1009136	1	0.04340836
205	0	0.7.47.1009173	0	0.02726757
205	0	0.7.47.1009813	0	0.002247894
205	0	0.7.47.1020824	0	0.002247894
205	0	0.7.47.10211	0	0.02728587
205	0	0.7.47.1021884	0	0.002247894
205	0	0.7.47.1022133	0	0.002247894
205	0	0.7.47.1023062	0	0.002247894
205	0	0.7.47.1025427	0	0.002247894
205	0	0.7.47.1027259	0	0.02693124
205	0	0.7.47.1027565	0	0.02693124
205	0	0.7.47.1027641	0	0.002247894
205	0	0.7.47.1027645	0	0.02693124
205	0	0.7.47.1027690	0	0.02728587
205	0	0.7.47.1027806	0	0.002247894
205	0	0.7.47.1027892	-2	0.02728587
205	0	0.7.47.1028903	0	0.002247894
205	0	0.7.47.1029210	0	0.002247894
205	0	0.7.47.1029259	-2	0.02726757
205	0	0.7.47.1029804	0	0.002247894
205	0	0.7.47.10347	0	0.02726757
205	0	0.7.47.103570	0	0.02693124
205	0	0.7.47.1039138	0	0.02726757
205	0	0.7.47.1039676	0	0.002247894
205	0	0.7.47.10410	1	0.02713079
205	0	0.7.47.1045270	0	0.02693124
205	0	0.7.47.1046430	0	0.02728587
205	0	0.7.47.1046436	0	0.02728587
205	0	0.7.47.1047732	0	0.002247894
205	0	0.7.47.105020	0	0.002247894
205	0	0.7.47.1052806	0	0.002247894
205	0	0.7.47.1053042	0	0.02728587
205	0	0.7.47.1054159	-2	0.02693124
205	0	0.7.47.1055016	0	0.02693124
205	0	0.7.47.105629	0	0.02693124
205	0	0.7.47.1056561	0	0.02693124
205	0	0.7.47.1057033	0	0.002247894
205	0	0.7.47.1057797	0	0.02726757
205	0	0.7.47.1060959	0	0.002247894
205	0	0.7.47.1063350	0	0.002247894
205	0	0.7.47.1063858	0	0.002247894
205	0	0.7.47.1065174	0	0.02693124
205	0	0.7.47.106832	0	0.02728587
205	0	0.7.47.10700	0	0.02728587
205	0	0.7.47.107011	0	0.02726757
205	0	0.7.47.1070462	0	0.002247894
205	0	0.7.47.1071124	0	0.02728587
205	0	0.7.47.1071687	0	0.002247894
205	0	0.7.47.1071781	0	0.002247894
205	0	0.7.47.1073661	0	0.002247894
205	0	0.7.47.1075386	0	0.002247894
205	0	0.7.47.1076511	0	0.002247894
205	0	0.7.47.1077820	0	0.002247894
205	0	0.7.47.1078480	0	0.002247894
205	0	0.7.47.1078949	0	0.002247894
205	0	0.7.47.1080872	0	0.002247894
205	0	0.7.47.1081238	0	0.02693124
205	0	0.7.47.1081276	0	0.02728587
205	0	0.7.47.1081814	0	0.002247894
205	0	0.7.47.1084606	0	0.002247894
205	0	0.7.47.1084896	0	0.002247894
205	0	0.7.47.10903	0	0.002247894
205	0	0.7.47.109112	0	0.02726757
205	0	0.7.47.109632	0	0.002247894
205	0	0.7.47.1097124	0	0.002247894
205	0	0.7.47.10973	1	0.02726757
205	0	0.7.47.1097532	0	0.002247894
205	0	0.7.47.1098263	0	0.02726757
205	0	0.7.47.1098688	-2	0.02713079
205	0	0.7.47.1098701	1	0.02726757
205	0	0.7.47.1098878	0	0.002247894
205	0	0.7.47.1098936	0	0.002247894
205	0	0.7.47.10990	0	0.02726757
205	0	0.7.47.1099197	0	0.02726757
205	0	0.7.47.1099992	0	0.02726757
205	0	0.7.47.1100230	0	0.02726757
205	0	0.7.47.1102984	0	0.002247894
205	0	0.7.47.1103029	0	0.002247894
205	0	0.7.47.1103311	0	0.002247894
205	0	0.7.47.1105534	0	0.002247894
205	0	0.7.47.1105617	0	0.02726757
205	0	0.7.47.1105923	0	0.002247894
205	0	0.7.47.1105960	0	0.002247894
205	0	0.7.47.1106133	0	0.002247894
205	0	0.7.47.1106281	1	0.02725846
205	0	0.7.47.1108306	1	0.02693124
205	0	0.7.47.11085	1	0.02728587
205	0	0.7.47.1115033	0	0.02693124
205	0	0.7.47.1115144	0	0.002247894
205	0	0.7.47.1115146	0	0.02726757
205	0	0.7.47.111815	0	0.002247894
205	0	0.7.47.1122374	0	0.002247894
205	0	0.7.47.1124238	0	0.002247894
205	0	0.7.47.1124679	0	0.02728587
205	0	0.7.47.1124793	0	0.02693124
205	0	0.7.47.1125039	0	0.02693124
205	0	0.7.47.1125471	0	0.02693124
205	0	0.7.47.1125796	0	0.002247894
205	0	0.7.47.1125926	0	0.002247894
205	0	0.7.47.1127154	-2	0.02693124
205	0	0.7.47.1127535	-1	0.002247894
205	0	0.7.47.113063	0	0.002247894
205	0	0.7.47.1131	0	0.002247894
205	0	0.7.47.1131481	0	0.02693124
205	0	0.7.47.1131508	0	0.002247894
205	0	0.7.47.1131751	0	0.002247894
205	0	0.7.47.1131831	0	0.02693124
205	0	0.7.47.113287	0	0.002247894
205	0	0.7.47.1133665	0	0.02726757
205	0	0.7.47.1134232	0	0.02726757
205	0	0.7.47.1134264	0	0.02693124
205	0	0.7.47.1134877	-1	0.002247894
205	0	0.7.47.1137287	0	0.002247894
205	0	0.7.47.1138626	0	0.02693124
205	0	0.7.47.1138907	0	0.002247894
205	0	0.7.47.1139838	0	0.002247894
205	0	0.7.47.1140581	0	0.02693124
205	0	0.7.47.1140632	0	0.02693124
205	0	0.7.47.1140865	-1	0.02693124
205	0	0.7.47.1141232	0	0.02693124
205	0	0.7.47.114127	0	0.002247894
205	0	0.7.47.1142724	0	0.02693124
205	0	0.7.47.1142871	0	0.02728587
205	0	0.7.47.114336	0	0.02693124
205	0	0.7.47.1144193	0	0.002247894
205	0	0.7.47.11450	0	0.02728587
205	0	0.7.47.1145083	0	0.002247894
205	0	0.7.47.1145145	0	0.02728587
205	0	0.7.47.1145561	0	0.02693124
205	0	0.7.47.1145770	0	0.02693124
205	0	0.7.47.1145945	0	0.02693124
205	0	0.7.47.1146356	0	0.002247894
205	0	0.7.47.1147292	0	0.002247894
205	0	0.7.47.1147330	0	0.002247894
205	0	0.7.47.1148597	0	0.02693124
205	0	0.7.47.1149334	0	0.002247894
205	0	0.7.47.115090	0	0.02693124
205	0	0.7.47.1152378	0	0.02693124
205	0	0.7.47.1152379	0	0.02693124
205	0	0.7.47.11533	0	0.02726757
205	0	0.7.47.1153351	0	0.02693124
205	0	0.7.47.1153376	0	0.02693124
205	0	0.7.47.1153593	0	0.02693124
205	0	0.7.47.1153645	0	0.002247894
205	0	0.7.47.1153774	0	0.002247894
205	0	0.7.47.1154016	0	0.02693124
205	0	0.7.47.1155479	0	0.002247894
205	0	0.7.47.1155669	0	0.02693124
205	0	0.7.47.1155686	0	0.02693124
205	0	0.7.47.1155797	0	0.02693124
205	0	0.7.47.1156020	0	0.002247894
205	0	0.7.47.1156560	-1	0.02726757
205	0	0.7.47.1156913	0	0.02693124
205	0	0.7.47.1157170	0	0.002247894
205	0	0.7.47.1158081	0	0.02693124
205	0	0.7.47.1158151	0	0.002247894
205	0	0.7.47.1158540	0	0.002247894
205	0	0.7.47.1159650	0	0.02693124
205	0	0.7.47.1159709	0	0.002247894
205	0	0.7.47.1160353	0	0.02726757
205	0	0.7.47.1161228	0	0.02693124
205	0	0.7.47.1161705	0	0.02693124
205	0	0.7.47.1162275	0	0.002247894
205	0	0.7.47.1162579	0	0.02728587
205	0	0.7.47.1163744	0	0.02693124
205	0	0.7.47.1163788	0	0.002247894
205	0	0.7.47.1163865	0	0.02726757
205	0	0.7.47.1163873	0	0.002247894
205	0	0.7.47.1163966	0	0.002247894
205	0	0.7.47.1163992	0	0.002247894
205	0	0.7.47.1164884	0	0.02728587
205	0	0.7.47.1164982	0	0.002247894
205	0	0.7.47.1166255	0	0.002247894
205	0	0.7.47.1166351	0	0.002247894
205	0	0.7.47.1166460	0	0.02693124
205	0	0.7.47.116654	0	0.002247894
205	0	0.7.47.1167274	0	0.002247894
205	0	0.7.47.116771	0	0.02726757
205	0	0.7.47.1167758	0	0.002247894
205	0	0.7.47.116795	0	0.002247894
205	0	0.7.47.1168138	0	0.002247894
205	0	0.7.47.116865	1	0.02693124
205	0	0.7.47.1168658	0	0.002247894
205	0	0.7.47.1172285	0	0.02726757
205	0	0.7.47.117411	0	0.002247894
205	0	0.7.47.117582	0	0.002247894
205	0	0.7.47.1179096	0	0.002247894
205	0	0.7.47.1180248	0	0.002247894
205	0	0.7.47.1181016	1	0.02693124
205	0	0.7.47.1181339	1	0.02725846
205	0	0.7.47.1183975	0	0.02693124
205	0	0.7.47.1185043	-1	0.002247894
205	0	0.7.47.1189820	1	0.02693124
205	0	0.7.47.1190277	-1	0.02693124
205	0	0.7.47.1190769	1	0.02713079
205	0	0.7.47.119129	-1	0.02693124
205	0	0.7.47.1191365	0	0.02693124
205	0	0.7.47.1193919	0	0.02693124
205	0	0.7.47.1195949	1	0.02713079
205	0	0.7.47.1196525	1	0.02725846
205	0	0.7.47.119750	-1	0.02693124
205	0	0.7.47.1197538	0	0.02693124
205	0	0.7.47.1199025	1	0.02725846
205	0	0.7.47.119953	-2	0.02726757
205	0	0.7.47.1201087	-1	0.02728587
205	0	0.7.47.1201172	1	0.02725846
205	0	0.7.47.1201355	1	0.02713079
205	0	0.7.47.12023	1	0.02713079
205	0	0.7.47.1202479	0	0.02693124
205	0	0.7.47.1203617	0	0.02726757
205	0	0.7.47.120363	-1	0.02693124
205	0	0.7.47.1203849	-1	0.02693124
205	0	0.7.47.1204400	1	0.02725846
205	0	0.7.47.12046	1	0.02713079
205	0	0.7.47.120468	0	0.02693124
205	0	0.7.47.1204746	1	0.02693124
205	0	0.7.47.120490	0	0.02693124
205	0	0.7.47.1206652	1	0.02693124
205	0	0.7.47.1207025	1	0.02725846
205	0	0.7.47.1207439	1	0.02725846
205	0	0.7.47.1208602	0	0.002247894
205	0	0.7.47.1209128	0	0.02693124
205	0	0.7.47.121146	0	0.02726757
205	0	0.7.47.121419	0	0.002247894
205	0	0.7.47.1214727	-1	0.02726757
205	0	0.7.47.121673	1	0.02693124
205	0	0.7.47.1216873	1	0.002247894
205	0	0.7.47.121745	1	0.002247894
205	0	0.7.47.121844	0	0.02693124
205	0	0.7.47.1218666	0	0.02693124
205	0	0.7.47.1219087	0	0.02693124
205	0	0.7.47.121929	1	0.02693124
205	0	0.7.47.1220822	0	0.002247894
205	0	0.7.47.1221081	1	0.02725846
205	0	0.7.47.1222404	0	0.04340836
205	0	0.7.47.1222517	1	0.02713079
205	0	0.7.47.1224100	1	0.02693124
205	0	0.7.47.122432	0	0.02693124
205	0	0.7.47.1224356	0	0.02693124
205	0	0.7.47.1225412	1	0.02713079
205	0	0.7.47.1225627	1	0.02725846
205	0	0.7.47.1226037	0	0.002247894
205	0	0.7.47.1226468	1	0.02725846
205	0	0.7.47.1226641	1	0.02728587
205	0	0.7.47.1226969	0	0.02693124
205	0	0.7.47.1227907	0	0.02727273
205	0	0.7.47.1229329	1	0.02693124
205	0	0.7.47.1230161	0	0.02693124
205	0	0.7.47.1230949	0	0.02693124
205	0	0.7.47.1231434	0	0.02693124
205	0	0.7.47.1232309	1	0.02725846
205	0	0.7.47.1233853	1	0.02713079
205	0	0.7.47.1233882	0	0.02726757
205	0	0.7.47.1235410	1	0.02727273
205	0	0.7.47.1235948	0	0.002247894
205	0	0.7.47.1236407	0	0.02693124
205	0	0.7.47.1236502	1	0.02693124
205	0	0.7.47.1236570	0	0.002247894
205	0	0.7.47.1236607	1	0.02693124
205	0	0.7.47.1236745	0	0.002247894
205	0	0.7.47.1236841	0	0.002247894
205	0	0.7.47.12370	0	0.002247894
205	0	0.7.47.1237035	-1	0.002247894
205	0	0.7.47.1237317	0	0.002247894
205	0	0.7.47.123741	0	0.002247894
205	0	0.7.47.1237489	1	0.02725846
205	0	0.7.47.1239394	0	0.02693124
205	0	0.7.47.12398	0	0.002247894
205	0	0.7.47.1240204	0	0.02726757
205	0	0.7.47.1240546	0	0.02728587
205	0	0.7.47.1240664	0	0.02693124
205	0	0.7.47.1240666	0	0.002247894
205	0	0.7.47.124366	0	0.02693124
205	0	0.7.47.12809	0	0.02693124
205	0	0.7.47.12827	-1	0.02726757
205	0	0.7.47.128457	0	0.002247894
205	0	0.7.47.1293744	0	0.02726757
205	0	0.7.47.1294547	0	0.02693124
205	0	0.7.47.1296199	-1	0.02693124
205	0	0.7.47.1296890	-1	0.02693124
205	0	0.7.47.1296895	0	0.02728587
205	0	0.7.47.1296916	0	0.02693124
205	0	0.7.47.1297053	0	0.02693124
205	0	0.7.47.1297068	0	0.02693124
205	0	0.7.47.1297236	0	0.02693124
205	0	0.7.47.1297696	0	0.02693124
205	0	0.7.47.1298871	-1	0.02693124
205	0	0.7.47.1299097	-2	0.02693124
205	0	0.7.47.1300201	0	0.02693124
205	0	0.7.47.1300401	0	0.002247894
205	0	0.7.47.13009	0	0.02693124
205	0	0.7.47.1301431	-1	0.02693124
205	0	0.7.47.130261	0	0.02693124
205	0	0.7.47.1303210	0	0.002247894
205	0	0.7.47.1303292	0	0.02693124
205	0	0.7.47.1303770	0	0.02693124
205	0	0.7.47.1304623	0	0.002247894
205	0	0.7.47.1305524	0	0.002247894
205	0	0.7.47.1305724	0	0.02693124
205	0	0.7.47.1305801	0	0.02693124
205	0	0.7.47.1306343	0	0.02728587
205	0	0.7.47.1306774	0	0.002247894
205	0	0.7.47.13077	0	0.02728587
205	0	0.7.47.1307916	0	0.02693124
205	0	0.7.47.1309076	0	0.02728587
205	0	0.7.47.130940	0	0.02693124
205	0	0.7.47.1310187	0	0.02693124
205	0	0.7.47.1310910	0	0.02693124
205	0	0.7.47.1311367	0	0.02693124
205	0	0.7.47.1311801	0	0.02693124
205	0	0.7.47.1312220	0	0.002247894
205	0	0.7.47.1313123	0	0.02693124
205	0	0.7.47.1313368	0	0.02693124
205	0	0.7.47.1314223	0	0.02728587
205	0	0.7.47.1314318	0	0.02693124
205	0	0.7.47.1314379	0	0.02693124
205	0	0.7.47.1314449	0	0.002247894
205	0	0.7.47.1314617	-2	0.002247894
205	0	0.7.47.1314643	0	0.002247894
205	0	0.7.47.131567	0	0.02693124
205	0	0.7.47.1315854	0	0.02693124
205	0	0.7.47.1317985	0	0.02693124
205	0	0.7.47.1318779	0	0.02693124
205	0	0.7.47.1319070	0	0.02693124
205	0	0.7.47.1320	0	0.002247894
205	0	0.7.47.1320451	0	0.02693124
205	0	0.7.47.1321056	0	0.02693124
205	0	0.7.47.1321897	0	0.02693124
205	0	0.7.47.1322205	0	0.02693124
205	0	0.7.47.1323346	0	0.02693124
205	0	0.7.47.1325083	0	0.02693124
205	0	0.7.47.1325549	0	0.02693124
205	0	0.7.47.1326665	0	0.02693124
205	0	0.7.47.1326743	0	0.02693124
205	0	0.7.47.1326938	0	0.02693124
205	0	0.7.47.1328478	0	0.02693124
205	0	0.7.47.1328815	0	0.02725846
205	0	0.7.47.1329872	0	0.02693124
205	0	0.7.47.1330185	0	0.02693124
205	0	0.7.47.1330197	0	0.02693124
205	0	0.7.47.1331003	0	0.02726757
205	0	0.7.47.1331046	0	0.002247894
205	0	0.7.47.1331506	0	0.02693124
205	0	0.7.47.1332251	0	0.02693124
205	0	0.7.47.1332452	0	0.02728587
205	0	0.7.47.1332711	0	0.02693124
205	0	0.7.47.1333179	0	0.002247894
205	0	0.7.47.133505	0	0.02693124
205	0	0.7.47.1335186	-1	0.02693124
205	0	0.7.47.133605	0	0.02693124
205	0	0.7.47.1336173	0	0.02693124
205	0	0.7.47.1336336	0	0.02693124
205	0	0.7.47.1336565	0	0.002247894
205	0	0.7.47.1336721	0	0.02693124
205	0	0.7.47.1337058	0	0.02693124
205	0	0.7.47.1337284	0	0.02693124
205	0	0.7.47.1337511	0	0.02726757
205	0	0.7.47.133808	0	0.02693124
205	0	0.7.47.1339514	0	0.02693124
205	0	0.7.47.1340262	0	0.02693124
205	0	0.7.47.1341797	0	0.02693124
205	0	0.7.47.1341986	-1	0.02693124
205	0	0.7.47.1341987	-1	0.02693124
205	0	0.7.47.134202	0	0.02693124
205	0	0.7.47.1342077	0	0.02693124
205	0	0.7.47.134310	1	0.002247894
205	0	0.7.47.134371	0	0.02693124
205	0	0.7.47.1344225	0	0.02693124
205	0	0.7.47.1345398	0	0.002247894
205	0	0.7.47.1346534	0	0.02726757
205	0	0.7.47.1346768	0	0.02693124
205	0	0.7.47.1346918	0	0.02693124
205	0	0.7.47.1347049	0	0.02693124
205	0	0.7.47.13477	0	0.002247894
205	0	0.7.47.135012	0	0.02693124
205	0	0.7.47.1351872	1	0.02693124
205	0	0.7.47.1353241	0	0.002247894
205	0	0.7.47.1353341	1	0.02693124
205	0	0.7.47.1353346	1	0.02693124
205	0	0.7.47.1354214	0	0.02693124
205	0	0.7.47.135486	0	0.02728587
205	0	0.7.47.1355027	-1	0.02728587
205	0	0.7.47.1355797	1	0.02693124
205	0	0.7.47.1356778	0	0.02693124
205	0	0.7.47.1357104	0	0.002247894
205	0	0.7.47.1357372	0	0.02726757
205	0	0.7.47.1358202	0	0.02693124
205	0	0.7.47.1358422	0	0.02693124
205	0	0.7.47.1358767	1	0.02693124
205	0	0.7.47.1358779	1	0.02693124
205	0	0.7.47.135899	0	0.002247894
205	0	0.7.47.1360403	0	0.002247894
205	0	0.7.47.1360571	0	0.002247894
205	0	0.7.47.136175	0	0.002247894
205	0	0.7.47.1362924	0	0.002247894
205	0	0.7.47.13630	0	0.002247894
205	0	0.7.47.1363251	0	0.002247894
205	0	0.7.47.1363301	0	0.002247894
205	0	0.7.47.136409	0	0.02693124
205	0	0.7.47.1364895	-1	0.002247894
205	0	0.7.47.1365327	0	0.02693124
205	0	0.7.47.1366173	-1	0.02693124
205	0	0.7.47.136773	0	0.02693124
205	0	0.7.47.1367755	1	0.02725846
205	0	0.7.47.136787	0	0.02693124
205	0	0.7.47.1369259	0	0.02693124
205	0	0.7.47.1369518	0	0.002247894
205	0	0.7.47.1370095	0	0.002247894
205	0	0.7.47.1370410	0	0.002247894
205	0	0.7.47.1371139	0	0.002247894
205	0	0.7.47.1371892	1	0.02728587
205	0	0.7.47.137195	0	0.002247894
205	0	0.7.47.1372959	1	0.02693124
205	0	0.7.47.1372973	0	0.02726757
205	0	0.7.47.1373247	0	0.02693124
205	0	0.7.47.1373494	0	0.002247894
205	0	0.7.47.137434	0	0.002247894
205	0	0.7.47.1374565	1	0.02713079
205	0	0.7.47.1374790	0	0.02693124
205	0	0.7.47.1375196	0	0.002247894
205	0	0.7.47.1375351	0	0.02726757
205	0	0.7.47.1375365	0	0.02726757
205	0	0.7.47.1376848	0	0.02726757
205	0	0.7.47.1376895	0	0.002247894
205	0	0.7.47.1379129	1	0.002247894
205	0	0.7.47.1379197	0	0.002247894
205	0	0.7.47.1380266	0	0.02693124
205	0	0.7.47.1380564	0	0.02728587
205	0	0.7.47.138170	1	0.02693124
205	0	0.7.47.1383504	0	0.02693124
205	0	0.7.47.1385347	1	0.02727273
205	0	0.7.47.1385474	0	0.02726757
205	0	0.7.47.138611	0	0.02693124
205	0	0.7.47.138705	0	0.02693124
205	0	0.7.47.1387059	0	0.002247894
205	0	0.7.47.1387463	0	0.002247894
205	0	0.7.47.1388082	1	0.02725846
205	0	0.7.47.1388639	0	0.002247894
205	0	0.7.47.1389316	1	0.02725846
205	0	0.7.47.1390399	0	0.002247894
205	0	0.7.47.1390877	0	0.002247894
205	0	0.7.47.139110	-1	0.002247894
205	0	0.7.47.1391124	0	0.002247894
205	0	0.7.47.139218	0	0.02693124
205	0	0.7.47.1392704	1	0.02726757
205	0	0.7.47.1392772	1	0.02725846
205	0	0.7.47.1393397	0	0.02693124
205	0	0.7.47.139353	1	0.02693124
205	0	0.7.47.1393739	0	0.02693124
205	0	0.7.47.1394642	1	0.02693124
205	0	0.7.47.1394986	0	0.02726757
205	0	0.7.47.1395824	1	0.02728587
205	0	0.7.47.1397434	1	0.02713079
205	0	0.7.47.1398230	0	0.002247894
205	0	0.7.47.1398302	0	0.02693124
205	0	0.7.47.1398882	0	0.002247894
205	0	0.7.47.1398974	0	0.02693124
205	0	0.7.47.1399002	0	0.002247894
205	0	0.7.47.14003	-1	0.02726757
205	0	0.7.47.1400319	1	0.02726757
205	0	0.7.47.1401175	0	0.02726757
205	0	0.7.47.1401450	0	0.02693124
205	0	0.7.47.1401890	0	0.02726757
205	0	0.7.47.1402719	0	0.02693124
205	0	0.7.47.1402744	0	0.002247894
205	0	0.7.47.1403740	1	0.02725846
205	0	0.7.47.1404683	0	0.02727273
205	0	0.7.47.1405334	0	0.02693124
205	0	0.7.47.1405652	0	0.02726757
205	0	0.7.47.140572	0	0.02693124
205	0	0.7.47.1405913	0	0.02693124
205	0	0.7.47.1406188	0	0.02726757
205	0	0.7.47.1406847	0	0.002247894
205	0	0.7.47.1407437	0	0.002247894
205	0	0.7.47.1407815	0	0.002247894
205	0	0.7.47.1407816	0	0.002247894
205	0	0.7.47.1409867	0	0.02728587
205	0	0.7.47.1410038	-1	0.02726757
205	0	0.7.47.1412596	0	0.002247894
205	0	0.7.47.1413116	0	0.002247894
205	0	0.7.47.141364	0	0.02693124
205	0	0.7.47.1414450	0	0.002247894
205	0	0.7.47.1414916	0	0.002247894
205	0	0.7.47.141494	0	0.002247894
205	0	0.7.47.1415544	1	0.02725846
205	0	0.7.47.1415699	0	0.002247894
205	0	0.7.47.1415917	0	0.02726757
205	0	0.7.47.1416151	0	0.002247894
205	0	0.7.47.14165	0	0.002247894
205	0	0.7.47.1417760	0	0.002247894
205	0	0.7.47.141784	0	0.02726757
205	0	0.7.47.1418173	0	0.02693124
205	0	0.7.47.1418242	1	0.02693124
205	0	0.7.47.141934	0	0.002247894
205	0	0.7.47.141940	0	0.02693124
205	0	0.7.47.1419538	1	0.02728587
205	0	0.7.47.141967	0	0.02693124
205	0	0.7.47.1420316	0	0.002247894
205	0	0.7.47.1420326	0	0.02693124
205	0	0.7.47.1420338	0	0.02693124
205	0	0.7.47.1421420	1	0.02693124
205	0	0.7.47.1421617	-1	0.02728587
205	0	0.7.47.1421982	0	0.002247894
205	0	0.7.47.1422357	0	0.002247894
205	0	0.7.47.1425563	0	0.002247894
205	0	0.7.47.1426371	0	0.002247894
205	0	0.7.47.1426959	0	0.002247894
205	0	0.7.47.1427347	0	0.02693124
205	0	0.7.47.1434602	0	0.02726757
205	0	0.7.47.1434849	0	0.002247894
205	0	0.7.47.1435180	1	0.02725846
205	0	0.7.47.1435301	0	0.02693124
205	0	0.7.47.1435423	0	0.02728587
205	0	0.7.47.1435504	-1	0.04340836
205	0	0.7.47.1435567	0	0.02693124
205	0	0.7.47.1435576	1	0.02693124
205	0	0.7.47.1435584	0	0.002247894
205	0	0.7.47.1435586	1	0.02693124
205	0	0.7.47.1435592	0	0.02728587
205	0	0.7.47.1435608	0	0.02693124
205	0	0.7.47.1435631	1	0.02725846
205	0	0.7.47.1435688	0	0.02728587
205	0	0.7.47.1435946	1	0.02693124
205	0	0.7.47.1436297	0	0.02728587
205	0	0.7.47.1436309	1	0.04340836
205	0	0.7.47.1437101	0	0.02728587
205	0	0.7.47.1437875	0	0.02728587
205	0	0.7.47.1438197	1	0.02713079
205	0	0.7.47.1438398	0	0.02728587
205	0	0.7.47.1438531	0	0.02725846
205	0	0.7.47.1438674	0	0.02693124
205	0	0.7.47.1438684	0	0.02728587
205	0	0.7.47.1438895	0	0.02693124
205	0	0.7.47.1439031	0	0.02693124
205	0	0.7.47.1439144	0	0.02693124
205	0	0.7.47.1439332	0	0.002247894
205	0	0.7.47.1439616	0	0.002247894
205	0	0.7.47.1439667	1	0.02693124
205	0	0.7.47.1440705	0	0.02693124
205	0	0.7.47.1440922	0	0.02693124
205	0	0.7.47.1442180	0	0.02693124
205	0	0.7.47.1442269	0	0.002247894
205	0	0.7.47.1442452	1	0.02728587
205	0	0.7.47.1442641	0	0.002247894
205	0	0.7.47.1442662	0	0.02693124
205	0	0.7.47.1443331	0	0.02693124
205	0	0.7.47.144346	0	0.02728587
205	0	0.7.47.1443604	0	0.02693124
205	0	0.7.47.1443717	0	0.02728587
205	0	0.7.47.1443836	0	0.02693124
205	0	0.7.47.1444046	0	0.02693124
205	0	0.7.47.144424	0	0.02693124
205	0	0.7.47.1444565	0	0.02728587
205	0	0.7.47.1445207	0	0.002247894
205	0	0.7.47.14458	1	0.02725846
205	0	0.7.47.1446123	0	0.002247894
205	0	0.7.47.1446607	0	0.02726757
205	0	0.7.47.14467	1	0.02693124
205	0	0.7.47.1446895	0	0.02693124
205	0	0.7.47.1447302	0	0.002247894
205	0	0.7.47.1447402	0	0.02728587
205	0	0.7.47.1447879	0	0.02693124
205	0	0.7.47.1448842	0	0.002247894
205	0	0.7.47.1449029	1	0.02693124
205	0	0.7.47.1449032	1	0.02693124
205	0	0.7.47.1449051	0	0.002247894
205	0	0.7.47.1449461	0	0.002247894
205	0	0.7.47.14509	0	0.02726757
205	0	0.7.47.1452159	0	0.002247894
205	0	0.7.47.1453341	0	0.002247894
205	0	0.7.47.1453381	0	0.02693124
205	0	0.7.47.1453465	0	0.02726757
205	0	0.7.47.1453470	0	0.02728587
205	0	0.7.47.1454266	0	0.02728587
205	0	0.7.47.1454576	0	0.02728587
205	0	0.7.47.1454632	0	0.02726757
205	0	0.7.47.1454775	0	0.02728587
205	0	0.7.47.1454853	1	0.02693124
205	0	0.7.47.1454913	1	0.02713079
205	0	0.7.47.1455086	0	0.02728587
205	0	0.7.47.145598	0	0.02693124
205	0	0.7.47.145868	0	0.002247894
205	0	0.7.47.14643	1	0.02727273
205	0	0.7.47.14687	0	0.02728587
205	0	0.7.47.148430	0	0.02693124
205	0	0.7.47.14951	0	0.002247894
205	0	0.7.47.149557	0	0.002247894
205	0	0.7.47.149598	0	0.002247894
205	0	0.7.47.149911	0	0.002247894
205	0	0.7.47.150290	0	0.002247894
205	0	0.7.47.150553	0	0.002247894
205	0	0.7.47.150854	0	0.002247894
205	0	0.7.47.150991	0	0.002247894
205	0	0.7.47.151892	0	0.002247894
205	0	0.7.47.152299	0	0.002247894
205	0	0.7.47.152314	0	0.002247894
205	0	0.7.47.154133	0	0.002247894
205	0	0.7.47.154803	0	0.002247894
205	0	0.7.47.155067	0	0.002247894
205	0	0.7.47.155318	0	0.02726757
205	0	0.7.47.15621	0	0.02693124
205	0	0.7.47.157068	0	0.02693124
205	0	0.7.47.15718	0	0.002247894
205	0	0.7.47.157495	0	0.002247894
205	0	0.7.47.157977	0	0.002247894
205	0	0.7.47.158670	0	0.002247894
205	0	0.7.47.159655	1	0.02693124
205	0	0.7.47.159700	0	0.02726757
205	0	0.7.47.159897	0	0.02726757
205	0	0.7.47.160588	1	0.02728587
205	0	0.7.47.160835	0	0.002247894
205	0	0.7.47.161033	1	0.02728587
205	0	0.7.47.161170	1	0.02727273
205	0	0.7.47.161393	0	0.02693124
205	0	0.7.47.161567	1	0.02693124
205	0	0.7.47.161801	1	0.02725846
205	0	0.7.47.16181	0	0.002247894
205	0	0.7.47.162447	0	0.02693124
205	0	0.7.47.162539	1	0.02727273
205	0	0.7.47.162654	0	0.02726757
205	0	0.7.47.162679	1	0.04340836
205	0	0.7.47.163080	1	0.02725846
205	0	0.7.47.163231	0	0.002247894
205	0	0.7.47.1635	0	0.002247894
205	0	0.7.47.163558	1	0.02725846
205	0	0.7.47.163643	1	0.02727273
205	0	0.7.47.164372	1	0.02713079
205	0	0.7.47.164615	1	0.02725846
205	0	0.7.47.165531	1	0.02725846
205	0	0.7.47.165587	0	0.02726757
205	0	0.7.47.165656	1	0.02713079
205	0	0.7.47.165706	1	0.02725846
205	0	0.7.47.165712	0	0.02693124
205	0	0.7.47.165749	1	0.02727273
205	0	0.7.47.165987	0	0.002247894
205	0	0.7.47.166344	0	0.002247894
205	0	0.7.47.166425	1	0.02725846
205	0	0.7.47.166780	1	0.02727273
205	0	0.7.47.166934	1	0.02727273
205	0	0.7.47.167242	1	0.02713079
205	0	0.7.47.168090	1	0.02693124
205	0	0.7.47.168394	1	0.02725846
205	0	0.7.47.168436	0	0.002247894
205	0	0.7.47.168702	1	0.02693124
205	0	0.7.47.168899	1	0.02725846
205	0	0.7.47.169089	0	0.02728587
205	0	0.7.47.169850	1	0.02727273
205	0	0.7.47.170222	1	0.02725846
205	0	0.7.47.171657	1	0.02725846
205	0	0.7.47.171776	1	0.02713079
205	0	0.7.47.171819	1	0.02725846
205	0	0.7.47.172003	1	0.02725846
205	0	0.7.47.172005	1	0.02727273
205	0	0.7.47.172533	1	0.02725846
205	0	0.7.47.173032	1	0.02725846
205	0	0.7.47.173354	1	0.02725846
205	0	0.7.47.1737	0	0.002247894
205	0	0.7.47.17468	0	0.002247894
205	0	0.7.47.174700	0	0.02693124
205	0	0.7.47.175083	1	0.02725846
205	0	0.7.47.175824	1	0.02725846
205	0	0.7.47.176038	1	0.02727273
205	0	0.7.47.176210	1	0.02727273
205	0	0.7.47.176733	1	0.02727273
205	0	0.7.47.176796	1	0.02693124
205	0	0.7.47.177000	0	0.002247894
205	0	0.7.47.177101	1	0.02725846
205	0	0.7.47.177315	0	0.02728587
205	0	0.7.47.177514	1	0.02725846
205	0	0.7.47.178099	1	0.02727273
205	0	0.7.47.178105	1	0.02725846
205	0	0.7.47.179077	1	0.02725846
205	0	0.7.47.179147	1	0.02725846
205	0	0.7.47.179176	1	0.02725846
205	0	0.7.47.179178	0	0.002247894
205	0	0.7.47.180826	1	0.02693124
205	0	0.7.47.181166	1	0.02725846
205	0	0.7.47.181233	0	0.002247894
205	0	0.7.47.181717	0	0.002247894
205	0	0.7.47.182092	1	0.02713079
205	0	0.7.47.182521	1	0.02725846
205	0	0.7.47.182599	0	0.002247894
205	0	0.7.47.182857	1	0.02725846
205	0	0.7.47.184327	1	0.02713079
205	0	0.7.47.184448	1	0.02725846
205	0	0.7.47.184486	1	0.02725846
205	0	0.7.47.185548	1	0.04340836
205	0	0.7.47.185622	0	0.02726757
205	0	0.7.47.185989	0	0.02693124
205	0	0.7.47.186174	1	0.02725846
205	0	0.7.47.186343	1	0.02728587
205	0	0.7.47.186621	1	0.02725846
205	0	0.7.47.186622	1	0.02725846
205	0	0.7.47.186669	1	0.02713079
205	0	0.7.47.186686	1	0.02693124
205	0	0.7.47.186893	1	0.02727273
205	0	0.7.47.186957	1	0.02725846
205	0	0.7.47.187185	0	0.002247894
205	0	0.7.47.187371	1	0.02693124
205	0	0.7.47.187391	1	0.02713079
205	0	0.7.47.187741	1	0.02713079
205	0	0.7.47.188088	1	0.02725846
205	0	0.7.47.188209	1	0.02713079
205	0	0.7.47.188514	0	0.02725846
205	0	0.7.47.189107	1	0.02713079
205	0	0.7.47.189376	1	0.02713079
205	0	0.7.47.189728	1	0.02727273
205	0	0.7.47.190924	1	0.02727273
205	0	0.7.47.190943	1	0.02693124
205	0	0.7.47.191366	1	0.02727273
205	0	0.7.47.191428	0	0.02693124
205	0	0.7.47.191456	0	0.002247894
205	0	0.7.47.191883	1	0.02713079
205	0	0.7.47.191944	1	0.02713079
205	0	0.7.47.192421	0	0.02693124
205	0	0.7.47.192975	1	0.02725846
205	0	0.7.47.193419	0	0.02727273
205	0	0.7.47.193624	0	0.002247894
205	0	0.7.47.193798	1	0.02725846
205	0	0.7.47.193858	1	0.02725846
205	0	0.7.47.193914	1	0.02727273
205	0	0.7.47.194541	0	0.002247894
205	0	0.7.47.195155	1	0.02727273
205	0	0.7.47.195461	0	0.002247894
205	0	0.7.47.195790	0	0.002247894
205	0	0.7.47.196845	1	0.02725846
205	0	0.7.47.197668	1	0.02725846
205	0	0.7.47.197807	1	0.02725846
205	0	0.7.47.197830	0	0.02693124
205	0	0.7.47.198305	0	0.02693124
205	0	0.7.47.19888	0	0.002247894
205	0	0.7.47.198923	1	0.02727273
205	0	0.7.47.200316	1	0.02725846
205	0	0.7.47.200474	0	0.02725846
205	0	0.7.47.200479	1	0.02713079
205	0	0.7.47.200659	1	0.02725846
205	0	0.7.47.200732	0	0.02726757
205	0	0.7.47.200753	1	0.02727273
205	0	0.7.47.20155	0	0.02726757
205	0	0.7.47.201803	0	0.02725846
205	0	0.7.47.202370	0	0.02693124
205	0	0.7.47.202444	1	0.02727273
205	0	0.7.47.202478	1	0.02725846
205	0	0.7.47.203140	1	0.02693124
205	0	0.7.47.20355	0	0.002247894
205	0	0.7.47.203797	1	0.02725846
205	0	0.7.47.204451	1	0.02725846
205	0	0.7.47.204600	1	0.02725846
205	0	0.7.47.204641	1	0.02713079
205	0	0.7.47.204999	1	0.02725846
205	0	0.7.47.20502	0	0.002247894
205	0	0.7.47.205154	1	0.02725846
205	0	0.7.47.205171	1	0.02693124
205	0	0.7.47.205172	1	0.02728587
205	0	0.7.47.205759	-2	0.02727273
205	0	0.7.47.205990	1	0.02725846
205	0	0.7.47.206276	0	0.02726757
205	0	0.7.47.206345	0	0.002247894
205	0	0.7.47.206650	1	0.02725846
205	0	0.7.47.207582	0	0.02728587
205	0	0.7.47.207883	1	0.02713079
205	0	0.7.47.209115	0	0.02693124
205	0	0.7.47.212343	1	0.02728587
205	0	0.7.47.212499	1	0.02713079
205	0	0.7.47.212906	1	0.02725846
205	0	0.7.47.212993	1	0.02693124
205	0	0.7.47.213305	1	0.02713079
205	0	0.7.47.213956	1	0.02725846
205	0	0.7.47.214340	1	0.02727273
205	0	0.7.47.214483	1	0.02725846
205	0	0.7.47.214525	0	0.02727273
205	0	0.7.47.2148	-1	0.02728587
205	0	0.7.47.214805	0	0.002247894
205	0	0.7.47.214942	1	0.02725846
205	0	0.7.47.214999	1	0.02725846
205	0	0.7.47.215267	1	0.02725846
205	0	0.7.47.215306	1	0.02725846
205	0	0.7.47.215340	1	0.02725846
205	0	0.7.47.215356	1	0.02725846
205	0	0.7.47.2154	0	0.002247894
205	0	0.7.47.215680	0	0.02693124
205	0	0.7.47.216019	0	0.002247894
205	0	0.7.47.216213	1	0.02725846
205	0	0.7.47.216473	1	0.02725846
205	0	0.7.47.216601	1	0.02725846
205	0	0.7.47.216642	1	0.02725846
205	0	0.7.47.2167	0	0.002247894
205	0	0.7.47.217040	1	0.02725846
205	0	0.7.47.2173	0	0.002247894
205	0	0.7.47.217575	1	0.02727273
205	0	0.7.47.217870	0	0.02726757
205	0	0.7.47.218432	1	0.02725846
205	0	0.7.47.218981	0	0.02693124
205	0	0.7.47.219708	0	0.02693124
205	0	0.7.47.219898	1	0.02713079
205	0	0.7.47.220541	1	0.02727273
205	0	0.7.47.220821	0	0.02726757
205	0	0.7.47.221141	0	0.002247894
205	0	0.7.47.222008	1	0.02725846
205	0	0.7.47.222147	0	0.002247894
205	0	0.7.47.222620	1	0.02713079
205	0	0.7.47.222751	1	0.02725846
205	0	0.7.47.222972	-1	0.02726757
205	0	0.7.47.223169	1	0.04340836
205	0	0.7.47.223343	1	0.02727273
205	0	0.7.47.223837	1	0.02727273
205	0	0.7.47.223950	0	0.002247894
205	0	0.7.47.224003	0	0.002247894
205	0	0.7.47.224071	0	0.02693124
205	0	0.7.47.224212	0	0.002247894
205	0	0.7.47.224489	0	0.02693124
205	0	0.7.47.224600	1	0.02725846
205	0	0.7.47.224646	0	0.02726757
205	0	0.7.47.225192	0	0.02726757
205	0	0.7.47.225272	0	0.02693124
205	0	0.7.47.225330	0	0.002247894
205	0	0.7.47.225556	1	0.02725846
205	0	0.7.47.2258	1	0.02728587
205	0	0.7.47.2264	0	0.002247894
205	0	0.7.47.226427	1	0.02727273
205	0	0.7.47.226779	0	0.02693124
205	0	0.7.47.227011	0	0.02693124
205	0	0.7.47.227046	0	0.002247894
205	0	0.7.47.227273	1	0.02693124
205	0	0.7.47.2273	0	0.02693124
205	0	0.7.47.227374	0	0.02693124
205	0	0.7.47.227540	0	0.002247894
205	0	0.7.47.227762	1	0.02725846
205	0	0.7.47.228207	1	0.02725846
205	0	0.7.47.228254	1	0.04340836
205	0	0.7.47.228511	0	0.002247894
205	0	0.7.47.228580	1	0.02713079
205	0	0.7.47.228843	0	0.002247894
205	0	0.7.47.229435	0	0.002247894
205	0	0.7.47.229508	0	0.002247894
205	0	0.7.47.229653	1	0.02725846
205	0	0.7.47.229861	0	0.02693124
205	0	0.7.47.229999	1	0.02713079
205	0	0.7.47.231015	0	0.002247894
205	0	0.7.47.232352	1	0.02725846
205	0	0.7.47.232373	0	0.002247894
205	0	0.7.47.232523	1	0.02713079
205	0	0.7.47.232695	1	0.02713079
205	0	0.7.47.233383	0	0.02728587
205	0	0.7.47.233806	0	0.02728587
205	0	0.7.47.234070	0	0.02726757
205	0	0.7.47.234482	0	0.002247894
205	0	0.7.47.234701	0	0.02726757
205	0	0.7.47.235614	0	0.002247894
205	0	0.7.47.235795	1	0.02727273
205	0	0.7.47.235957	0	0.002247894
205	0	0.7.47.236063	0	0.002247894
205	0	0.7.47.23793	0	0.02726757
205	0	0.7.47.23991	0	0.02726757
205	0	0.7.47.24117	0	0.02726757
205	0	0.7.47.24328	0	0.02693124
205	0	0.7.47.245512	-2	0.002247894
205	0	0.7.47.245644	0	0.002247894
205	0	0.7.47.245704	0	0.002247894
205	0	0.7.47.245941	0	0.002247894
205	0	0.7.47.246453	0	0.002247894
205	0	0.7.47.247746	0	0.002247894
205	0	0.7.47.24796	0	0.002247894
205	0	0.7.47.249615	0	0.02693124
205	0	0.7.47.24966	0	0.002247894
205	0	0.7.47.249997	1	0.02693124
205	0	0.7.47.2503	0	0.02693124
205	0	0.7.47.251317	1	0.02728587
205	0	0.7.47.251925	0	0.02693124
205	0	0.7.47.251979	1	0.02728587
205	0	0.7.47.252174	0	0.002247894
205	0	0.7.47.252292	0	0.02693124
205	0	0.7.47.252399	0	0.002247894
205	0	0.7.47.25267	0	0.02726757
205	0	0.7.47.25456	1	0.02693124
205	0	0.7.47.258856	0	0.02728587
205	0	0.7.47.259053	0	0.02693124
205	0	0.7.47.259080	-1	0.02728587
205	0	0.7.47.262052	0	0.02693124
205	0	0.7.47.262442	0	0.02693124
205	0	0.7.47.263629	0	0.02728587
205	0	0.7.47.265526	0	0.002247894
205	0	0.7.47.265724	0	0.002247894
205	0	0.7.47.266066	0	0.02693124
205	0	0.7.47.266494	0	0.002247894
205	0	0.7.47.26655	1	0.02725846
205	0	0.7.47.267081	0	0.002247894
205	0	0.7.47.267273	0	0.002247894
205	0	0.7.47.267545	0	0.002247894
205	0	0.7.47.271353	1	0.02725846
205	0	0.7.47.273626	0	0.02693124
205	0	0.7.47.274100	1	0.02693124
205	0	0.7.47.275220	0	0.02693124
205	0	0.7.47.2766	-1	0.02728587
205	0	0.7.47.277171	0	0.02693124
205	0	0.7.47.277298	1	0.02725846
205	0	0.7.47.2774	0	0.02728587
205	0	0.7.47.277411	1	0.02726757
205	0	0.7.47.27900	0	0.002247894
205	0	0.7.47.281293	0	0.002247894
205	0	0.7.47.284723	0	0.02726757
205	0	0.7.47.284725	0	0.02728587
205	0	0.7.47.286426	1	0.02693124
205	0	0.7.47.287104	0	0.02693124
205	0	0.7.47.287175	1	0.02693124
205	0	0.7.47.28804	0	0.002247894
205	0	0.7.47.2888	0	0.02693124
205	0	0.7.47.28912	0	0.002247894
205	0	0.7.47.28952	0	0.02725846
205	0	0.7.47.289990	0	0.04340836
205	0	0.7.47.29183	1	0.02727273
205	0	0.7.47.291841	0	0.02693124
205	0	0.7.47.291931	0	0.02726757
205	0	0.7.47.293569	0	0.02725846
205	0	0.7.47.294414	0	0.002247894
205	0	0.7.47.296492	0	0.02693124
205	0	0.7.47.297593	1	0.02713079
205	0	0.7.47.299593	0	0.02693124
205	0	0.7.47.3016	0	0.02726757
205	0	0.7.47.302107	0	0.002247894
205	0	0.7.47.302864	0	0.02726757
205	0	0.7.47.30356	-1	0.02728587
205	0	0.7.47.303636	0	0.002247894
205	0	0.7.47.303702	0	0.02693124
205	0	0.7.47.304142	0	0.02693124
205	0	0.7.47.304648	0	0.02693124
205	0	0.7.47.304829	0	0.02693124
205	0	0.7.47.30585	0	0.02693124
205	0	0.7.47.30618	0	0.002247894
205	0	0.7.47.306647	0	0.02693124
205	0	0.7.47.3090	0	0.02693124
205	0	0.7.47.311443	0	0.02693124
205	0	0.7.47.31227	-1	0.02693124
205	0	0.7.47.31481	0	0.02728587
205	0	0.7.47.316512	0	0.02693124
205	0	0.7.47.316550	0	0.002247894
205	0	0.7.47.319443	0	0.002247894
205	0	0.7.47.3200	0	0.002247894
205	0	0.7.47.32019	-2	0.02728587
205	0	0.7.47.323717	1	0.02693124
205	0	0.7.47.327106	1	0.02725846
205	0	0.7.47.328323	0	0.02726757
205	0	0.7.47.329025	0	0.002247894
205	0	0.7.47.33029	1	0.02693124
205	0	0.7.47.331266	0	0.02726757
205	0	0.7.47.332138	1	0.02693124
205	0	0.7.47.33239	1	0.02713079
205	0	0.7.47.33376	0	0.02728587
205	0	0.7.47.334591	0	0.002247894
205	0	0.7.47.335807	0	0.02693124
205	0	0.7.47.336201	0	0.02726757
205	0	0.7.47.338455	1	0.02693124
205	0	0.7.47.338484	0	0.02693124
205	0	0.7.47.338545	1	0.02693124
205	0	0.7.47.338757	0	0.002247894
205	0	0.7.47.338985	0	0.02726757
205	0	0.7.47.339022	1	0.02728587
205	0	0.7.47.339091	0	0.002247894
205	0	0.7.47.339131	0	0.02693124
205	0	0.7.47.339178	0	0.02693124
205	0	0.7.47.339469	0	0.002247894
205	0	0.7.47.339521	0	0.002247894
205	0	0.7.47.339677	0	0.02693124
205	0	0.7.47.339697	0	0.02693124
205	0	0.7.47.339907	0	0.02728587
205	0	0.7.47.340370	0	0.02726757
205	0	0.7.47.342857	0	0.02728587
205	0	0.7.47.344384	0	0.02693124
205	0	0.7.47.344417	-1	0.02728587
205	0	0.7.47.344550	-1	0.02693124
205	0	0.7.47.344840	0	0.02693124
205	0	0.7.47.348212	0	0.002247894
205	0	0.7.47.348320	0	0.002247894
205	0	0.7.47.348619	0	0.02693124
205	0	0.7.47.348675	0	0.02728587
205	0	0.7.47.348845	0	0.02726757
205	0	0.7.47.349357	1	0.02693124
205	0	0.7.47.35041	0	0.002247894
205	0	0.7.47.350772	0	0.002247894
205	0	0.7.47.351003	0	0.02728587
205	0	0.7.47.352082	1	0.02728587
205	0	0.7.47.35245	1	0.02713079
205	0	0.7.47.353063	1	0.02726757
205	0	0.7.47.353698	0	0.02693124
205	0	0.7.47.353909	0	0.02726757
205	0	0.7.47.354408	0	0.02693124
205	0	0.7.47.355382	0	0.02728587
205	0	0.7.47.355985	0	0.02728587
205	0	0.7.47.355989	0	0.02693124
205	0	0.7.47.356211	0	0.02693124
205	0	0.7.47.356583	0	0.02693124
205	0	0.7.47.35686	-1	0.02693124
205	0	0.7.47.356879	0	0.002247894
205	0	0.7.47.357281	0	0.02693124
205	0	0.7.47.357308	0	0.02728587
205	0	0.7.47.357478	0	0.02693124
205	0	0.7.47.3575	0	0.02693124
205	0	0.7.47.357691	0	0.02693124
205	0	0.7.47.358553	0	0.02693124
205	0	0.7.47.358861	0	0.02693124
205	0	0.7.47.359443	0	0.02726757
205	0	0.7.47.359512	-1	0.02726757
205	0	0.7.47.359756	1	0.02725846
205	0	0.7.47.35981	0	0.02693124
205	0	0.7.47.360467	0	0.02728587
205	0	0.7.47.36067	0	0.02693124
205	0	0.7.47.36074	0	0.02726757
205	0	0.7.47.360944	0	0.02726757
205	0	0.7.47.361452	0	0.02693124
205	0	0.7.47.361545	0	0.02693124
205	0	0.7.47.36208	0	0.002247894
205	0	0.7.47.362082	1	0.02725846
205	0	0.7.47.363031	0	0.02726757
205	0	0.7.47.363232	0	0.02693124
205	0	0.7.47.363339	0	0.002247894
205	0	0.7.47.363456	0	0.02728587
205	0	0.7.47.364016	0	0.002247894
205	0	0.7.47.364061	0	0.02693124
205	0	0.7.47.364518	0	0.02693124
205	0	0.7.47.364778	0	0.02693124
205	0	0.7.47.364836	0	0.02693124
205	0	0.7.47.365265	0	0.02693124
205	0	0.7.47.36545	0	0.002247894
205	0	0.7.47.36632	1	0.02693124
205	0	0.7.47.366782	0	0.002247894
205	0	0.7.47.366922	0	0.02693124
205	0	0.7.47.367455	0	0.002247894
205	0	0.7.47.367872	0	0.02693124
205	0	0.7.47.368097	0	0.02693124
205	0	0.7.47.368257	0	0.002247894
205	0	0.7.47.36832	0	0.02693124
205	0	0.7.47.368363	0	0.002247894
205	0	0.7.47.371408	0	0.002247894
205	0	0.7.47.371498	0	0.002247894
205	0	0.7.47.373633	0	0.002247894
205	0	0.7.47.373816	0	0.002247894
205	0	0.7.47.374457	0	0.02693124
205	0	0.7.47.374495	0	0.002247894
205	0	0.7.47.374682	0	0.02728587
205	0	0.7.47.374709	0	0.02726757
205	0	0.7.47.375559	0	0.002247894
205	0	0.7.47.376768	0	0.002247894
205	0	0.7.47.377193	0	0.002247894
205	0	0.7.47.378006	0	0.02693124
205	0	0.7.47.379275	1	0.02727273
205	0	0.7.47.38	0	0.002247894
205	0	0.7.47.385396	0	0.02693124
205	0	0.7.47.385463	0	0.02693124
205	0	0.7.47.385524	0	0.002247894
205	0	0.7.47.386866	0	0.002247894
205	0	0.7.47.38701	0	0.02693124
205	0	0.7.47.387333	0	0.002247894
205	0	0.7.47.388381	0	0.002247894
205	0	0.7.47.389003	0	0.002247894
205	0	0.7.47.39118	0	0.002247894
205	0	0.7.47.39787	0	0.02693124
205	0	0.7.47.40223	0	0.02726757
205	0	0.7.47.407010	0	0.02693124
205	0	0.7.47.407063	0	0.02726757
205	0	0.7.47.408851	0	0.02726757
205	0	0.7.47.409495	0	0.002247894
205	0	0.7.47.409628	0	0.02693124
205	0	0.7.47.410295	0	0.002247894
205	0	0.7.47.411409	0	0.002247894
205	0	0.7.47.411457	1	0.02693124
205	0	0.7.47.413036	1	0.02693124
205	0	0.7.47.413044	0	0.02728587
205	0	0.7.47.41317	0	0.02693124
205	0	0.7.47.413360	0	0.02728587
205	0	0.7.47.414362	0	0.02728587
205	0	0.7.47.414378	0	0.002247894
205	0	0.7.47.414768	0	0.002247894
205	0	0.7.47.414858	-1	0.02728587
205	0	0.7.47.415214	0	0.02726757
205	0	0.7.47.415330	0	0.002247894
205	0	0.7.47.415366	0	0.02726757
205	0	0.7.47.415385	0	0.02726757
205	0	0.7.47.415805	1	0.02693124
205	0	0.7.47.415851	0	0.002247894
205	0	0.7.47.416084	0	0.002247894
205	0	0.7.47.416760	0	0.002247894
205	0	0.7.47.416769	1	0.02727273
205	0	0.7.47.416886	0	0.02728587
205	0	0.7.47.417565	0	0.02693124
205	0	0.7.47.418174	1	0.02713079
205	0	0.7.47.418275	0	0.002247894
205	0	0.7.47.418529	0	0.02693124
205	0	0.7.47.4195	0	0.02726757
205	0	0.7.47.419647	1	0.02725846
205	0	0.7.47.419966	0	0.02693124
205	0	0.7.47.421510	1	0.02725846
205	0	0.7.47.421774	0	0.02693124
205	0	0.7.47.422490	0	0.02693124
205	0	0.7.47.423651	0	0.02726757
205	0	0.7.47.424434	1	0.02725846
205	0	0.7.47.424835	0	0.002247894
205	0	0.7.47.425109	0	0.02726757
205	0	0.7.47.426245	0	0.02728587
205	0	0.7.47.426304	0	0.02726757
205	0	0.7.47.426438	0	0.02726757
205	0	0.7.47.426440	0	0.02693124
205	0	0.7.47.426493	0	0.02726757
205	0	0.7.47.426643	1	0.02725846
205	0	0.7.47.426667	0	0.02728587
205	0	0.7.47.426724	1	0.02725846
205	0	0.7.47.426775	0	0.002247894
205	0	0.7.47.426789	1	0.02693124
205	0	0.7.47.428159	0	0.002247894
205	0	0.7.47.428167	0	0.02693124
205	0	0.7.47.428531	0	0.02728587
205	0	0.7.47.428642	0	0.02728587
205	0	0.7.47.429287	0	0.02693124
205	0	0.7.47.429394	0	0.002247894
205	0	0.7.47.429500	0	0.002247894
205	0	0.7.47.429833	0	0.002247894
205	0	0.7.47.430544	0	0.002247894
205	0	0.7.47.430616	0	0.02693124
205	0	0.7.47.431594	1	0.002247894
205	0	0.7.47.431610	1	0.02693124
205	0	0.7.47.43255	0	0.002247894
205	0	0.7.47.433241	1	0.02693124
205	0	0.7.47.433530	0	0.02693124
205	0	0.7.47.433903	0	0.02693124
205	0	0.7.47.433967	0	0.02693124
205	0	0.7.47.434207	1	0.02693124
205	0	0.7.47.434590	0	0.002247894
205	0	0.7.47.434724	1	0.02693124
205	0	0.7.47.434747	0	0.002247894
205	0	0.7.47.434804	1	0.02693124
205	0	0.7.47.435096	0	0.02693124
205	0	0.7.47.435137	1	0.02693124
205	0	0.7.47.435138	1	0.002247894
205	0	0.7.47.435489	0	0.02693124
205	0	0.7.47.435572	0	0.002247894
205	0	0.7.47.437712	0	0.02693124
205	0	0.7.47.438190	0	0.002247894
205	0	0.7.47.438535	0	0.02693124
205	0	0.7.47.43862	0	0.002247894
205	0	0.7.47.441762	0	0.002247894
205	0	0.7.47.442314	0	0.02693124
205	0	0.7.47.442694	0	0.002247894
205	0	0.7.47.449074	0	0.002247894
205	0	0.7.47.449688	0	0.02693124
205	0	0.7.47.449730	0	0.02693124
205	0	0.7.47.449790	0	0.02726757
205	0	0.7.47.45004	0	0.002247894
205	0	0.7.47.450582	0	0.002247894
205	0	0.7.47.451058	0	0.02728587
205	0	0.7.47.451862	0	0.002247894
205	0	0.7.47.452618	0	0.02693124
205	0	0.7.47.452678	0	0.02726757
205	0	0.7.47.452811	0	0.02726757
205	0	0.7.47.453251	0	0.002247894
205	0	0.7.47.453683	0	0.002247894
205	0	0.7.47.453953	1	0.02725846
205	0	0.7.47.454003	0	0.02728587
205	0	0.7.47.457541	0	0.002247894
205	0	0.7.47.458559	0	0.002247894
205	0	0.7.47.459056	0	0.002247894
205	0	0.7.47.459100	0	0.02693124
205	0	0.7.47.459109	0	0.002247894
205	0	0.7.47.459802	0	0.02693124
205	0	0.7.47.46042	0	0.002247894
205	0	0.7.47.46181	0	0.02693124
205	0	0.7.47.464596	0	0.002247894
205	0	0.7.47.465384	-2	0.002247894
205	0	0.7.47.465963	0	0.002247894
205	0	0.7.47.466393	0	0.02726757
205	0	0.7.47.470264	0	0.002247894
205	0	0.7.47.470723	0	0.002247894
205	0	0.7.47.470936	0	0.002247894
205	0	0.7.47.471333	0	0.002247894
205	0	0.7.47.471782	0	0.002247894
205	0	0.7.47.472920	0	0.002247894
205	0	0.7.47.474048	0	0.002247894
205	0	0.7.47.474216	-2	0.002247894
205	0	0.7.47.475661	0	0.002247894
205	0	0.7.47.475986	0	0.02693124
205	0	0.7.47.47637	0	0.02728587
205	0	0.7.47.476590	0	0.02693124
205	0	0.7.47.477195	0	0.002247894
205	0	0.7.47.478177	0	0.002247894
205	0	0.7.47.47898	0	0.002247894
205	0	0.7.47.479381	0	0.002247894
205	0	0.7.47.481000	0	0.002247894
205	0	0.7.47.482491	0	0.002247894
205	0	0.7.47.484036	1	0.02693124
205	0	0.7.47.484359	0	0.02693124
205	0	0.7.47.484566	0	0.002247894
205	0	0.7.47.484971	1	0.02727273
205	0	0.7.47.4851	0	0.02726757
205	0	0.7.47.485504	0	0.02727273
205	0	0.7.47.485653	0	0.002247894
205	0	0.7.47.48788	0	0.02693124
205	0	0.7.47.489380	0	0.002247894
205	0	0.7.47.49283	0	0.02693124
205	0	0.7.47.501227	0	0.02693124
205	0	0.7.47.501267	0	0.002247894
205	0	0.7.47.501268	1	0.002247894
205	0	0.7.47.501514	0	0.02693124
205	0	0.7.47.501541	0	0.002247894
205	0	0.7.47.502090	1	0.02693124
205	0	0.7.47.503769	0	0.002247894
205	0	0.7.47.505386	0	0.002247894
205	0	0.7.47.505741	0	0.02726757
205	0	0.7.47.505833	0	0.002247894
205	0	0.7.47.506624	0	0.002247894
205	0	0.7.47.508157	0	0.02693124
205	0	0.7.47.509083	0	0.02693124
205	0	0.7.47.509902	0	0.002247894
205	0	0.7.47.509942	0	0.002247894
205	0	0.7.47.510343	0	0.02693124
205	0	0.7.47.511233	0	0.02693124
205	0	0.7.47.511758	0	0.002247894
205	0	0.7.47.514826	0	0.002247894
205	0	0.7.47.517871	0	0.02693124
205	0	0.7.47.518192	0	0.002247894
205	0	0.7.47.519293	1	0.02725846
205	0	0.7.47.520131	0	0.002247894
205	0	0.7.47.520282	0	0.02693124
205	0	0.7.47.520474	0	0.002247894
205	0	0.7.47.521717	0	0.02693124
205	0	0.7.47.521916	0	0.002247894
205	0	0.7.47.522503	0	0.002247894
205	0	0.7.47.522890	0	0.002247894
205	0	0.7.47.527658	1	0.02693124
205	0	0.7.47.528485	0	0.02693124
205	0	0.7.47.529010	0	0.002247894
205	0	0.7.47.530074	0	0.002247894
205	0	0.7.47.530315	0	0.02726757
205	0	0.7.47.531928	0	0.02726757
205	0	0.7.47.533533	0	0.02693124
205	0	0.7.47.534024	0	0.002247894
205	0	0.7.47.534723	0	0.002247894
205	0	0.7.47.536432	0	0.002247894
205	0	0.7.47.536931	0	0.002247894
205	0	0.7.47.538633	0	0.02693124
205	0	0.7.47.539935	0	0.002247894
205	0	0.7.47.541526	0	0.02693124
205	0	0.7.47.541661	0	0.002247894
205	0	0.7.47.546789	0	0.02693124
205	0	0.7.47.548914	0	0.02726757
205	0	0.7.47.548962	0	0.002247894
205	0	0.7.47.549021	0	0.002247894
205	0	0.7.47.549289	1	0.02725846
205	0	0.7.47.549545	0	0.02693124
205	0	0.7.47.549910	0	0.02726757
205	0	0.7.47.551110	0	0.02726757
205	0	0.7.47.551164	0	0.02693124
205	0	0.7.47.5518	1	0.02713079
205	0	0.7.47.55563	0	0.002247894
205	0	0.7.47.55896	0	0.002247894
205	0	0.7.47.56115	0	0.02693124
205	0	0.7.47.565308	0	0.02693124
205	0	0.7.47.565369	0	0.002247894
205	0	0.7.47.566878	0	0.02728587
205	0	0.7.47.568527	0	0.002247894
205	0	0.7.47.568936	0	0.02693124
205	0	0.7.47.5697	1	0.02728587
205	0	0.7.47.569764	0	0.002247894
205	0	0.7.47.57054	0	0.02693124
205	0	0.7.47.571751	0	0.002247894
205	0	0.7.47.57259	-1	0.02728587
205	0	0.7.47.57438	0	0.02693124
205	0	0.7.47.574745	0	0.002247894
205	0	0.7.47.575436	0	0.002247894
205	0	0.7.47.57686	0	0.002247894
205	0	0.7.47.577025	0	0.002247894
205	0	0.7.47.577105	0	0.02693124
205	0	0.7.47.578107	0	0.002247894
205	0	0.7.47.578572	0	0.002247894
205	0	0.7.47.578744	0	0.02726757
205	0	0.7.47.578777	0	0.02693124
205	0	0.7.47.578804	0	0.002247894
205	0	0.7.47.578875	0	0.02726757
205	0	0.7.47.58005	0	0.02693124
205	0	0.7.47.581299	0	0.02726757
205	0	0.7.47.581373	0	0.02726757
205	0	0.7.47.581375	-1	0.02726757
205	0	0.7.47.581447	0	0.002247894
205	0	0.7.47.581614	0	0.002247894
205	0	0.7.47.581618	0	0.002247894
205	0	0.7.47.581741	0	0.02726757
205	0	0.7.47.58184	0	0.02693124
205	0	0.7.47.581962	0	0.02693124
205	0	0.7.47.582785	0	0.02726757
205	0	0.7.47.583044	0	0.002247894
205	0	0.7.47.583962	0	0.02726757
205	0	0.7.47.584182	0	0.002247894
205	0	0.7.47.584235	-1	0.02726757
205	0	0.7.47.584343	0	0.02726757
205	0	0.7.47.584397	0	0.02726757
205	0	0.7.47.584444	0	0.002247894
205	0	0.7.47.587810	0	0.002247894
205	0	0.7.47.58810	-1	0.02693124
205	0	0.7.47.588958	1	0.02693124
205	0	0.7.47.59029	-1	0.002247894
205	0	0.7.47.591052	1	0.02725846
205	0	0.7.47.59213	0	0.002247894
205	0	0.7.47.592272	0	0.02693124
205	0	0.7.47.592363	0	0.002247894
205	0	0.7.47.5924	1	0.02713079
205	0	0.7.47.5927	1	0.02713079
205	0	0.7.47.593094	1	0.02693124
205	0	0.7.47.597341	0	0.02693124
205	0	0.7.47.597586	0	0.02728587
205	0	0.7.47.597684	0	0.02725846
205	0	0.7.47.598240	0	0.02726757
205	0	0.7.47.599245	1	0.02693124
205	0	0.7.47.599973	0	0.02693124
205	0	0.7.47.602015	1	0.02693124
205	0	0.7.47.602054	0	0.02726757
205	0	0.7.47.602163	1	0.02725846
205	0	0.7.47.603233	0	0.002247894
205	0	0.7.47.6033	0	0.002247894
205	0	0.7.47.603584	1	0.02727273
205	0	0.7.47.604415	0	0.02693124
205	0	0.7.47.604802	0	0.02693124
205	0	0.7.47.605095	0	0.02693124
205	0	0.7.47.605165	0	0.002247894
205	0	0.7.47.605963	0	0.02728587
205	0	0.7.47.6063	0	0.02693124
205	0	0.7.47.60686	0	0.002247894
205	0	0.7.47.607454	0	0.02693124
205	0	0.7.47.608147	0	0.002247894
205	0	0.7.47.608991	0	0.02693124
205	0	0.7.47.610897	0	0.02693124
205	0	0.7.47.610917	0	0.02693124
205	0	0.7.47.611044	0	0.02693124
205	0	0.7.47.611321	0	0.02693124
205	0	0.7.47.611721	0	0.02726757
205	0	0.7.47.614267	0	0.02693124
205	0	0.7.47.614753	0	0.02693124
205	0	0.7.47.615182	0	0.02728587
205	0	0.7.47.6152	-2	0.02726757
205	0	0.7.47.615860	0	0.02693124
205	0	0.7.47.616048	0	0.02693124
205	0	0.7.47.6177	0	0.002247894
205	0	0.7.47.617854	0	0.02693124
205	0	0.7.47.619012	0	0.02693124
205	0	0.7.47.619849	0	0.002247894
205	0	0.7.47.620018	0	0.02693124
205	0	0.7.47.620605	0	0.02693124
205	0	0.7.47.621735	0	0.002247894
205	0	0.7.47.622786	0	0.002247894
205	0	0.7.47.624836	0	0.02693124
205	0	0.7.47.626579	0	0.02693124
205	0	0.7.47.627622	0	0.002247894
205	0	0.7.47.628556	1	0.02693124
205	0	0.7.47.629980	0	0.002247894
205	0	0.7.47.630301	0	0.002247894
205	0	0.7.47.631774	0	0.02693124
205	0	0.7.47.631830	0	0.02728587
205	0	0.7.47.633462	0	0.02693124
205	0	0.7.47.6378	1	0.02693124
205	0	0.7.47.638050	0	0.002247894
205	0	0.7.47.639805	0	0.02726757
205	0	0.7.47.640102	-1	0.02693124
205	0	0.7.47.640171	0	0.02693124
205	0	0.7.47.640285	0	0.02693124
205	0	0.7.47.640341	1	0.02693124
205	0	0.7.47.6413	1	0.02713079
205	0	0.7.47.6418	0	0.02693124
205	0	0.7.47.643706	0	0.002247894
205	0	0.7.47.645470	0	0.002247894
205	0	0.7.47.645551	0	0.02728587
205	0	0.7.47.646402	0	0.02693124
205	0	0.7.47.647078	0	0.002247894
205	0	0.7.47.64759	0	0.02726757
205	0	0.7.47.6480	0	0.002247894
205	0	0.7.47.6498	0	0.02726757
205	0	0.7.47.652337	1	0.02725846
205	0	0.7.47.654009	0	0.002247894
205	0	0.7.47.654376	0	0.002247894
205	0	0.7.47.655165	0	0.002247894
205	0	0.7.47.655257	0	0.002247894
205	0	0.7.47.655858	1	0.02693124
205	0	0.7.47.658489	0	0.002247894
205	0	0.7.47.658497	0	0.002247894
205	0	0.7.47.660447	0	0.002247894
205	0	0.7.47.663114	0	0.002247894
205	0	0.7.47.663570	0	0.002247894
205	0	0.7.47.663627	0	0.002247894
205	0	0.7.47.664321	0	0.002247894
205	0	0.7.47.664456	0	0.002247894
205	0	0.7.47.665767	1	0.02728587
205	0	0.7.47.666120	0	0.002247894
205	0	0.7.47.668630	0	0.02693124
205	0	0.7.47.669224	1	0.02693124
205	0	0.7.47.670066	1	0.02693124
205	0	0.7.47.670668	0	0.002247894
205	0	0.7.47.671727	0	0.002247894
205	0	0.7.47.673807	0	0.002247894
205	0	0.7.47.674137	-1	0.02693124
205	0	0.7.47.674196	-1	0.02693124
205	0	0.7.47.6747	0	0.02693124
205	0	0.7.47.675526	0	0.002247894
205	0	0.7.47.676202	0	0.002247894
205	0	0.7.47.676388	0	0.002247894
205	0	0.7.47.676539	0	0.02693124
205	0	0.7.47.676933	0	0.002247894
205	0	0.7.47.678076	0	0.02693124
205	0	0.7.47.678127	1	0.02726757
205	0	0.7.47.678151	0	0.002247894
205	0	0.7.47.679825	0	0.002247894
205	0	0.7.47.680290	0	0.02693124
205	0	0.7.47.680965	1	0.02693124
205	0	0.7.47.681676	0	0.02728587
205	0	0.7.47.682633	0	0.02726757
205	0	0.7.47.682671	0	0.02726757
205	0	0.7.47.683136	0	0.02693124
205	0	0.7.47.683148	0	0.02693124
205	0	0.7.47.683237	0	0.02726757
205	0	0.7.47.683273	0	0.02693124
205	0	0.7.47.6839	0	0.002247894
205	0	0.7.47.684062	1	0.02728587
205	0	0.7.47.685504	-1	0.02726757
205	0	0.7.47.685566	0	0.002247894
205	0	0.7.47.686076	0	0.02693124
205	0	0.7.47.686507	0	0.002247894
205	0	0.7.47.687034	1	0.02725846
205	0	0.7.47.687276	0	0.02693124
205	0	0.7.47.687677	1	0.02725846
205	0	0.7.47.687897	0	0.002247894
205	0	0.7.47.688837	0	0.02693124
205	0	0.7.47.689170	0	0.002247894
205	0	0.7.47.690032	0	0.002247894
205	0	0.7.47.690250	1	0.02727273
205	0	0.7.47.690510	0	0.002247894
205	0	0.7.47.691050	0	0.02693124
205	0	0.7.47.691072	0	0.02693124
205	0	0.7.47.692182	0	0.002247894
205	0	0.7.47.692623	0	0.002247894
205	0	0.7.47.693003	0	0.002247894
205	0	0.7.47.693058	0	0.02725846
205	0	0.7.47.693505	0	0.02726757
205	0	0.7.47.693557	0	0.02726757
205	0	0.7.47.693759	0	0.002247894
205	0	0.7.47.694076	0	0.002247894
205	0	0.7.47.694492	0	0.02728587
205	0	0.7.47.695745	1	0.02693124
205	0	0.7.47.698725	0	0.02693124
205	0	0.7.47.698767	0	0.02728587
205	0	0.7.47.699262	0	0.02693124
205	0	0.7.47.699365	0	0.02726757
205	0	0.7.47.699519	0	0.02726757
205	0	0.7.47.699760	0	0.02693124
205	0	0.7.47.699793	1	0.02727273
205	0	0.7.47.701056	0	0.02693124
205	0	0.7.47.701146	1	0.02727273
205	0	0.7.47.701443	0	0.002247894
205	0	0.7.47.702599	0	0.002247894
205	0	0.7.47.703085	0	0.002247894
205	0	0.7.47.704736	0	0.002247894
205	0	0.7.47.705732	0	0.002247894
205	0	0.7.47.706338	0	0.02693124
205	0	0.7.47.707196	0	0.002247894
205	0	0.7.47.708592	1	0.02693124
205	0	0.7.47.708787	0	0.02693124
205	0	0.7.47.709256	0	0.002247894
205	0	0.7.47.709318	0	0.02726757
205	0	0.7.47.709985	0	0.02693124
205	0	0.7.47.710152	0	0.002247894
205	0	0.7.47.711326	0	0.002247894
205	0	0.7.47.715396	0	0.02693124
205	0	0.7.47.717716	0	0.02693124
205	0	0.7.47.719327	0	0.002247894
205	0	0.7.47.724463	1	0.02727273
205	0	0.7.47.726774	0	0.02693124
205	0	0.7.47.727471	0	0.002247894
205	0	0.7.47.727488	0	0.02726757
205	0	0.7.47.727628	0	0.02728587
205	0	0.7.47.727773	0	0.002247894
205	0	0.7.47.728040	0	0.02728587
205	0	0.7.47.729135	1	0.02693124
205	0	0.7.47.732413	0	0.02728587
205	0	0.7.47.732808	1	0.02693124
205	0	0.7.47.733207	0	0.002247894
205	0	0.7.47.733312	1	0.02726757
205	0	0.7.47.733371	1	0.02725846
205	0	0.7.47.733598	0	0.002247894
205	0	0.7.47.733938	0	0.002247894
205	0	0.7.47.734300	1	0.02726757
205	0	0.7.47.735319	0	0.002247894
205	0	0.7.47.735397	0	0.002247894
205	0	0.7.47.735805	0	0.002247894
205	0	0.7.47.735906	0	0.02693124
205	0	0.7.47.736141	0	0.02693124
205	0	0.7.47.737056	1	0.02725846
205	0	0.7.47.737157	0	0.002247894
205	0	0.7.47.737510	0	0.02693124
205	0	0.7.47.7387	1	0.02693124
205	0	0.7.47.740581	0	0.02693124
205	0	0.7.47.749297	0	0.02693124
205	0	0.7.47.750806	0	0.002247894
205	0	0.7.47.751554	0	0.002247894
205	0	0.7.47.751929	0	0.02693124
205	0	0.7.47.7520	0	0.02728587
205	0	0.7.47.752274	1	0.02713079
205	0	0.7.47.752275	1	0.02725846
205	0	0.7.47.752346	1	0.02725846
205	0	0.7.47.752456	1	0.02727273
205	0	0.7.47.752471	0	0.02693124
205	0	0.7.47.752697	0	0.02693124
205	0	0.7.47.752847	0	0.02693124
205	0	0.7.47.753063	0	0.002247894
205	0	0.7.47.753565	0	0.02693124
205	0	0.7.47.754151	0	0.02693124
205	0	0.7.47.75523	1	0.02693124
205	0	0.7.47.755760	0	0.002247894
205	0	0.7.47.75578	0	0.002247894
205	0	0.7.47.756475	1	0.02725846
205	0	0.7.47.757409	0	0.02693124
205	0	0.7.47.757924	0	0.002247894
205	0	0.7.47.75810	1	0.02693124
205	0	0.7.47.758700	0	0.002247894
205	0	0.7.47.758939	0	0.002247894
205	0	0.7.47.75940	0	0.02693124
205	0	0.7.47.759910	0	0.002247894
205	0	0.7.47.7604	0	0.02726757
205	0	0.7.47.76048	0	0.02693124
205	0	0.7.47.760874	0	0.002247894
205	0	0.7.47.761059	0	0.002247894
205	0	0.7.47.762028	0	0.002247894
205	0	0.7.47.76232	0	0.02693124
205	0	0.7.47.7639	0	0.02726757
205	0	0.7.47.764247	0	0.02693124
205	0	0.7.47.765237	0	0.002247894
205	0	0.7.47.765436	0	0.02693124
205	0	0.7.47.766203	0	0.002247894
205	0	0.7.47.76716	0	0.02693124
205	0	0.7.47.77339	-1	0.02693124
205	0	0.7.47.77408	-1	0.02693124
205	0	0.7.47.77412	0	0.02693124
205	0	0.7.47.78064	-1	0.02693124
205	0	0.7.47.78454	-1	0.02693124
205	0	0.7.47.78486	0	0.002247894
205	0	0.7.47.7902	0	0.02728587
205	0	0.7.47.791951	0	0.02693124
205	0	0.7.47.79239	-1	0.002247894
205	0	0.7.47.794143	0	0.02693124
205	0	0.7.47.7950	0	0.02728587
205	0	0.7.47.796094	0	0.02693124
205	0	0.7.47.799913	0	0.002247894
205	0	0.7.47.801721	1	0.02728587
205	0	0.7.47.801948	0	0.002247894
205	0	0.7.47.808342	0	0.002247894
205	0	0.7.47.808457	0	0.02726757
205	0	0.7.47.809130	0	0.002247894
205	0	0.7.47.809832	0	0.02693124
205	0	0.7.47.809840	0	0.02728587
205	0	0.7.47.810180	0	0.02728587
205	0	0.7.47.810880	0	0.02693124
205	0	0.7.47.810993	0	0.002247894
205	0	0.7.47.813169	0	0.002247894
205	0	0.7.47.813474	0	0.02693124
205	0	0.7.47.814654	0	0.002247894
205	0	0.7.47.816982	-1	0.02693124
205	0	0.7.47.81793	0	0.002247894
205	0	0.7.47.818973	0	0.002247894
205	0	0.7.47.81907	0	0.02693124
205	0	0.7.47.821377	0	0.02693124
205	0	0.7.47.821409	0	0.02693124
205	0	0.7.47.82208	0	0.002247894
205	0	0.7.47.823242	0	0.02728587
205	0	0.7.47.82356	1	0.02693124
205	0	0.7.47.826055	0	0.02693124
205	0	0.7.47.826140	-1	0.02693124
205	0	0.7.47.827163	0	0.02693124
205	0	0.7.47.828235	0	0.002247894
205	0	0.7.47.828272	0	0.02693124
205	0	0.7.47.828276	0	0.02693124
205	0	0.7.47.82831	0	0.02693124
205	0	0.7.47.828716	0	0.002247894
205	0	0.7.47.830803	0	0.02693124
205	0	0.7.47.832446	0	0.002247894
205	0	0.7.47.83287	0	0.02693124
205	0	0.7.47.8338	0	0.002247894
205	0	0.7.47.83392	0	0.02693124
205	0	0.7.47.834149	0	0.02693124
205	0	0.7.47.83429	0	0.02726757
205	0	0.7.47.834334	0	0.02693124
205	0	0.7.47.834849	0	0.002247894
205	0	0.7.47.83505	0	0.02693124
205	0	0.7.47.835379	0	0.02693124
205	0	0.7.47.835792	0	0.002247894
205	0	0.7.47.835797	0	0.002247894
205	0	0.7.47.83662	0	0.02693124
205	0	0.7.47.837687	0	0.02693124
205	0	0.7.47.838430	0	0.02693124
205	0	0.7.47.838588	0	0.02693124
205	0	0.7.47.839479	0	0.002247894
205	0	0.7.47.840133	0	0.002247894
205	0	0.7.47.840146	0	0.002247894
205	0	0.7.47.840205	0	0.002247894
205	0	0.7.47.84031	0	0.02693124
205	0	0.7.47.84353	0	0.02693124
205	0	0.7.47.84685	0	0.02693124
205	0	0.7.47.84687	1	0.02693124
205	0	0.7.47.8471	-1	0.02728587
205	0	0.7.47.849024	0	0.002247894
205	0	0.7.47.849601	0	0.002247894
205	0	0.7.47.850087	0	0.002247894
205	0	0.7.47.850523	0	0.02693124
205	0	0.7.47.850674	1	0.02693124
205	0	0.7.47.850709	1	0.02725846
205	0	0.7.47.850907	0	0.02728587
205	0	0.7.47.851201	0	0.002247894
205	0	0.7.47.851249	1	0.02693124
205	0	0.7.47.852604	0	0.002247894
205	0	0.7.47.853046	0	0.002247894
205	0	0.7.47.854493	0	0.02693124
205	0	0.7.47.854624	0	0.02693124
205	0	0.7.47.855372	0	0.002247894
205	0	0.7.47.856036	1	0.02713079
205	0	0.7.47.856131	1	0.02693124
205	0	0.7.47.856303	0	0.02726757
205	0	0.7.47.856353	0	0.02726757
205	0	0.7.47.856842	0	0.02726757
205	0	0.7.47.856956	0	0.02726757
205	0	0.7.47.857037	1	0.02725846
205	0	0.7.47.857227	0	0.02726757
205	0	0.7.47.857329	0	0.02726757
205	0	0.7.47.857352	0	0.02726757
205	0	0.7.47.857404	1	0.02727273
205	0	0.7.47.857429	1	0.02725846
205	0	0.7.47.857535	0	0.02726757
205	0	0.7.47.857549	1	0.02725846
205	0	0.7.47.857588	0	0.002247894
205	0	0.7.47.858379	1	0.02727273
205	0	0.7.47.858663	0	0.002247894
205	0	0.7.47.859618	0	0.002247894
205	0	0.7.47.859799	0	0.002247894
205	0	0.7.47.860820	1	0.02693124
205	0	0.7.47.861203	0	0.02726757
205	0	0.7.47.861359	0	0.02726757
205	0	0.7.47.861543	0	0.002247894
205	0	0.7.47.861780	0	0.002247894
205	0	0.7.47.862381	0	0.02728587
205	0	0.7.47.862382	1	0.02693124
205	0	0.7.47.86243	0	0.02693124
205	0	0.7.47.862467	0	0.002247894
205	0	0.7.47.863790	0	0.002247894
205	0	0.7.47.864463	1	0.02693124
205	0	0.7.47.86550	0	0.002247894
205	0	0.7.47.867139	1	0.02713079
205	0	0.7.47.867774	0	0.002247894
205	0	0.7.47.869661	0	0.002247894
205	0	0.7.47.870355	1	0.02693124
205	0	0.7.47.870619	0	0.002247894
205	0	0.7.47.870967	-1	0.02728587
205	0	0.7.47.871125	0	0.02693124
205	0	0.7.47.87477	1	0.02693124
205	0	0.7.47.87611	0	0.02693124
205	0	0.7.47.88040	0	0.02693124
205	0	0.7.47.884697	0	0.002247894
205	0	0.7.47.885693	0	0.02693124
205	0	0.7.47.888258	0	0.002247894
205	0	0.7.47.88897	-1	0.02693124
205	0	0.7.47.89009	0	0.02693124
205	0	0.7.47.89103	0	0.02693124
205	0	0.7.47.893123	0	0.002247894
205	0	0.7.47.894045	0	0.02693124
205	0	0.7.47.894162	0	0.002247894
205	0	0.7.47.89468	0	0.02693124
205	0	0.7.47.895515	-2	0.002247894
205	0	0.7.47.896016	1	0.02693124
205	0	0.7.47.897251	0	0.002247894
205	0	0.7.47.89756	1	0.02693124
205	0	0.7.47.897659	0	0.02693124
205	0	0.7.47.898250	1	0.02728587
205	0	0.7.47.898498	1	0.02693124
205	0	0.7.47.898616	0	0.002247894
205	0	0.7.47.898912	0	0.02726757
205	0	0.7.47.899621	-1	0.02693124
205	0	0.7.47.899683	0	0.02693124
205	0	0.7.47.899917	1	0.02693124
205	0	0.7.47.899934	0	0.002247894
205	0	0.7.47.9	0	0.002247894
205	0	0.7.47.900288	0	0.002247894
205	0	0.7.47.900293	0	0.002247894
205	0	0.7.47.900320	0	0.02726757
205	0	0.7.47.900551	0	0.02693124
205	0	0.7.47.900928	0	0.02693124
205	0	0.7.47.901005	1	0.02725846
205	0	0.7.47.901440	1	0.02693124
205	0	0.7.47.902230	0	0.02728587
205	0	0.7.47.902722	0	0.02693124
205	0	0.7.47.905489	0	0.002247894
205	0	0.7.47.90579	0	0.002247894
205	0	0.7.47.905845	0	0.002247894
205	0	0.7.47.906485	0	0.02726757
205	0	0.7.47.911755	0	0.002247894
205	0	0.7.47.912346	0	0.002247894
205	0	0.7.47.91248	1	0.02693124
205	0	0.7.47.912687	0	0.002247894
205	0	0.7.47.916449	0	0.02693124
205	0	0.7.47.916612	0	0.002247894
205	0	0.7.47.91687	0	0.002247894
205	0	0.7.47.91773	0	0.002247894
205	0	0.7.47.918411	0	0.002247894
205	0	0.7.47.919612	0	0.02693124
205	0	0.7.47.919945	1	0.02693124
205	0	0.7.47.92380	0	0.02693124
205	0	0.7.47.923966	0	0.02725846
205	0	0.7.47.925087	0	0.02726757
205	0	0.7.47.925205	0	0.002247894
205	0	0.7.47.92568	0	0.002247894
205	0	0.7.47.92797	0	0.02693124
205	0	0.7.47.928002	1	0.02693124
205	0	0.7.47.928166	0	0.02726757
205	0	0.7.47.928428	0	0.02693124
205	0	0.7.47.928445	0	0.002247894
205	0	0.7.47.928872	1	0.02693124
205	0	0.7.47.929495	0	0.002247894
205	0	0.7.47.92966	0	0.002247894
205	0	0.7.47.930550	1	0.02713079
205	0	0.7.47.930679	0	0.002247894
205	0	0.7.47.932207	1	0.02726757
205	0	0.7.47.932580	0	0.002247894
205	0	0.7.47.934128	0	0.002247894
205	0	0.7.47.935895	0	0.02693124
205	0	0.7.47.935918	0	0.02693124
205	0	0.7.47.935981	0	0.02728587
205	0	0.7.47.936836	0	0.002247894
205	0	0.7.47.937785	0	0.02693124
205	0	0.7.47.937958	0	0.002247894
205	0	0.7.47.938441	-1	0.02693124
205	0	0.7.47.938921	0	0.02693124
205	0	0.7.47.938938	0	0.02693124
205	0	0.7.47.939530	-1	0.02728587
205	0	0.7.47.939607	0	0.02728587
205	0	0.7.47.940134	1	0.02726757
205	0	0.7.47.940340	0	0.002247894
205	0	0.7.47.94085	0	0.02693124
205	0	0.7.47.940874	0	0.02728587
205	0	0.7.47.941152	0	0.002247894
205	0	0.7.47.941671	-1	0.02693124
205	0	0.7.47.941987	0	0.002247894
205	0	0.7.47.942435	0	0.02726757
205	0	0.7.47.942654	0	0.02726757
205	0	0.7.47.943158	0	0.02726757
205	0	0.7.47.944196	0	0.02693124
205	0	0.7.47.94659	0	0.02693124
205	0	0.7.47.948330	0	0.02726757
205	0	0.7.47.948715	0	0.002247894
205	0	0.7.47.949421	0	0.02693124
205	0	0.7.47.95078	0	0.002247894
205	0	0.7.47.95105	0	0.02693124
205	0	0.7.47.953321	0	0.002247894
205	0	0.7.47.954152	1	0.02726757
205	0	0.7.47.954230	1	0.02713079
205	0	0.7.47.954333	0	0.02728587
205	0	0.7.47.954485	1	0.02726757
205	0	0.7.47.954761	-1	0.002247894
205	0	0.7.47.955606	-2	0.002247894
205	0	0.7.47.955649	1	0.02725846
205	0	0.7.47.955694	1	0.02725846
205	0	0.7.47.955911	0	0.02693124
205	0	0.7.47.95602	0	0.002247894
205	0	0.7.47.957143	0	0.02693124
205	0	0.7.47.957202	-1	0.02693124
205	0	0.7.47.957597	1	0.02725846
205	0	0.7.47.957629	0	0.02693124
205	0	0.7.47.957685	1	0.02713079
205	0	0.7.47.958489	0	0.002247894
205	0	0.7.47.958790	0	0.02728587
205	0	0.7.47.959957	0	0.002247894
205	0	0.7.47.960738	1	0.04340836
205	0	0.7.47.962288	1	0.02713079
205	0	0.7.47.963055	0	0.02693124
205	0	0.7.47.96363	0	0.02693124
205	0	0.7.47.964034	0	0.002247894
205	0	0.7.47.964161	0	0.02693124
205	0	0.7.47.965734	0	0.002247894
205	0	0.7.47.965755	0	0.002247894
205	0	0.7.47.967218	0	0.002247894
205	0	0.7.47.96742	0	0.02693124
205	0	0.7.47.968609	0	0.02693124
205	0	0.7.47.971990	0	0.02693124
205	0	0.7.47.972298	1	0.02713079
205	0	0.7.47.972426	0	0.02726757
205	0	0.7.47.972670	0	0.02726757
205	0	0.7.47.973799	0	0.002247894
205	0	0.7.47.973930	0	0.02726757
205	0	0.7.47.974071	0	0.02726757
205	0	0.7.47.974554	0	0.002247894
205	0	0.7.47.974920	0	0.002247894
205	0	0.7.47.976479	0	0.002247894
205	0	0.7.47.976569	0	0.002247894
205	0	0.7.47.976736	1	0.02725846
205	0	0.7.47.976973	0	0.02728587
205	0	0.7.47.977145	1	0.02713079
205	0	0.7.47.97800	0	0.02693124
205	0	0.7.47.978351	0	0.02726757
205	0	0.7.47.979006	0	0.02728587
205	0	0.7.47.979634	0	0.02726757
205	0	0.7.47.98035	0	0.02693124
205	0	0.7.47.99262	0	0.002247894
205	0	0.7.47.993419	0	0.002247894
205	0	0.7.47.993618	0	0.002247894
205	0	0.7.47.994210	0	0.002247894
205	0	0.7.47.995054	1	0.02728587
205	0	0.7.47.996110	0	0.02693124
205	0	0.7.47.996122	0	0.02693124
205	0	0.7.47.996570	1	0.02713079
205	0	0.7.47.997544	1	0.02725846
205	0	0.7.47.997680	1	0.02725846
205	0	0.7.47.998818	1	0.002247894
205	0	0.7.47.998973	1	0.02728587
205	0	0.7.47.999334	0	0.02728587
205	0	0.7.6.100259	0	0.002247894
205	0	0.7.6.100357	0	0.02693124
205	0	0.7.6.100395	0	0.002247894
205	0	0.7.6.101231	0	0.02726757
205	0	0.7.6.101831	1	0.02726757
205	0	0.7.6.101937	0	0.002247894
205	0	0.7.6.103817	0	0.02728587
205	0	0.7.6.104338	0	0.002247894
205	0	0.7.6.104858	0	0.02726757
205	0	0.7.6.10487	-1	0.02728587
205	0	0.7.6.104880	0	0.02726757
205	0	0.7.6.104888	0	0.002247894
205	0	0.7.6.104896	0	0.02726757
205	0	0.7.6.10583	0	0.02693124
205	0	0.7.6.10616	1	0.02725846
205	0	0.7.6.106234	1	0.04340836
205	0	0.7.6.10667	0	0.02728587
205	0	0.7.6.106726	1	0.02726757
205	0	0.7.6.106760	1	0.02728587
205	0	0.7.6.106797	1	0.02713079
205	0	0.7.6.106925	1	0.02726757
205	0	0.7.6.106926	0	0.02693124
205	0	0.7.6.106948	1	0.02713079
205	0	0.7.6.106969	0	0.002247894
205	0	0.7.6.107015	0	0.02726757
205	0	0.7.6.107032	0	0.02726757
205	0	0.7.6.107049	0	0.02726757
205	0	0.7.6.107050	1	0.02725846
205	0	0.7.6.107224	0	0.02693124
205	0	0.7.6.107401	0	0.002247894
205	0	0.7.6.107424	0	0.02726757
205	0	0.7.6.107540	1	0.02693124
205	0	0.7.6.107543	1	0.02713079
205	0	0.7.6.107588	0	0.02726757
205	0	0.7.6.107748	0	0.002247894
205	0	0.7.6.108038	0	0.02693124
205	0	0.7.6.108360	0	0.02728587
205	0	0.7.6.108644	1	0.02725846
205	0	0.7.6.108925	0	0.02693124
205	0	0.7.6.109061	0	0.02693124
205	0	0.7.6.109084	0	0.02693124
205	0	0.7.6.109206	1	0.02713079
205	0	0.7.6.109447	0	0.02693124
205	0	0.7.6.109472	1	0.02728587
205	0	0.7.6.109671	1	0.02726757
205	0	0.7.6.110410	1	0.02713079
205	0	0.7.6.110417	0	0.002247894
205	0	0.7.6.110550	0	0.02726757
205	0	0.7.6.110641	0	0.002247894
205	0	0.7.6.111686	1	0.02728587
205	0	0.7.6.111821	1	0.02726757
205	0	0.7.6.111869	1	0.02728587
205	0	0.7.6.112083	0	0.02726757
205	0	0.7.6.112204	0	0.02693124
205	0	0.7.6.112991	0	0.002247894
205	0	0.7.6.113343	0	0.02693124
205	0	0.7.6.113683	0	0.002247894
205	0	0.7.6.113801	0	0.002247894
205	0	0.7.6.114393	0	0.002247894
205	0	0.7.6.114513	0	0.02693124
205	0	0.7.6.114521	0	0.02693124
205	0	0.7.6.114573	0	0.02726757
205	0	0.7.6.114720	0	0.02726757
205	0	0.7.6.114746	-2	0.02693124
205	0	0.7.6.114790	0	0.02728587
205	0	0.7.6.114907	0	0.02728587
205	0	0.7.6.115021	0	0.02726757
205	0	0.7.6.115259	0	0.02693124
205	0	0.7.6.115278	0	0.02693124
205	0	0.7.6.115475	0	0.02726757
205	0	0.7.6.115566	0	0.002247894
205	0	0.7.6.116043	0	0.002247894
205	0	0.7.6.116650	0	0.02693124
205	0	0.7.6.118309	0	0.02727273
205	0	0.7.6.118502	0	0.002247894
205	0	0.7.6.118732	0	0.002247894
205	0	0.7.6.119809	0	0.02728587
205	0	0.7.6.119812	0	0.02693124
205	0	0.7.6.120526	1	0.02728587
205	0	0.7.6.120888	0	0.02693124
205	0	0.7.6.123434	0	0.02728587
205	0	0.7.6.123494	0	0.002247894
205	0	0.7.6.123849	0	0.02693124
205	0	0.7.6.124670	0	0.02726757
205	0	0.7.6.124692	0	0.02693124
205	0	0.7.6.124818	-1	0.02726757
205	0	0.7.6.124895	0	0.002247894
205	0	0.7.6.124914	0	0.02693124
205	0	0.7.6.127956	0	0.002247894
205	0	0.7.6.128211	0	0.02725846
205	0	0.7.6.128239	0	0.002247894
205	0	0.7.6.128415	0	0.002247894
205	0	0.7.6.128421	0	0.002247894
205	0	0.7.6.128607	0	0.02728587
205	0	0.7.6.129956	0	0.02728587
205	0	0.7.6.130057	0	0.02728587
205	0	0.7.6.130060	0	0.02728587
205	0	0.7.6.130222	0	0.02726757
205	0	0.7.6.130393	0	0.02728587
205	0	0.7.6.130484	0	0.02693124
205	0	0.7.6.130832	0	0.02726757
205	0	0.7.6.130834	0	0.002247894
205	0	0.7.6.131803	0	0.002247894
205	0	0.7.6.131955	0	0.02693124
205	0	0.7.6.132938	-1	0.02726757
205	0	0.7.6.133270	0	0.02693124
205	0	0.7.6.133978	1	0.02693124
205	0	0.7.6.134735	0	0.02693124
205	0	0.7.6.135140	0	0.02726757
205	0	0.7.6.135953	0	0.02693124
205	0	0.7.6.136148	0	0.02693124
205	0	0.7.6.13631	0	0.002247894
205	0	0.7.6.136582	0	0.002247894
205	0	0.7.6.136639	0	0.02693124
205	0	0.7.6.136870	0	0.02693124
205	0	0.7.6.137185	0	0.02713079
205	0	0.7.6.137321	1	0.02728587
205	0	0.7.6.137326	0	0.02693124
205	0	0.7.6.137333	0	0.02693124
205	0	0.7.6.137771	0	0.02728587
205	0	0.7.6.137904	1	0.02713079
205	0	0.7.6.138539	0	0.02693124
205	0	0.7.6.138554	0	0.002247894
205	0	0.7.6.138971	0	0.02693124
205	0	0.7.6.139549	0	0.02693124
205	0	0.7.6.139563	0	0.02726757
205	0	0.7.6.140141	0	0.02693124
205	0	0.7.6.140348	0	0.02693124
205	0	0.7.6.140397	0	0.02726757
205	0	0.7.6.140459	0	0.02693124
205	0	0.7.6.141127	1	0.02727273
205	0	0.7.6.141276	0	0.02728587
205	0	0.7.6.141545	1	0.02726757
205	0	0.7.6.14170	0	0.002247894
205	0	0.7.6.142148	1	0.02713079
205	0	0.7.6.142331	0	0.002247894
205	0	0.7.6.142615	0	0.002247894
205	0	0.7.6.142705	0	0.02728587
205	0	0.7.6.142756	0	0.02693124
205	0	0.7.6.142763	1	0.02713079
205	0	0.7.6.143659	0	0.02728587
205	0	0.7.6.143787	0	0.02693124
205	0	0.7.6.143818	0	0.02728587
205	0	0.7.6.143891	0	0.02726757
205	0	0.7.6.144425	0	0.02693124
205	0	0.7.6.14445	0	0.002247894
205	0	0.7.6.144737	0	0.002247894
205	0	0.7.6.144933	0	0.002247894
205	0	0.7.6.145158	0	0.002247894
205	0	0.7.6.145952	0	0.002247894
205	0	0.7.6.145955	0	0.02728587
205	0	0.7.6.146188	0	0.02693124
205	0	0.7.6.148507	-1	0.002247894
205	0	0.7.6.148586	-1	0.02693124
205	0	0.7.6.149241	0	0.002247894
205	0	0.7.6.149553	0	0.002247894
205	0	0.7.6.149987	0	0.02728587
205	0	0.7.6.150137	0	0.002247894
205	0	0.7.6.150185	0	0.002247894
205	0	0.7.6.151149	0	0.002247894
205	0	0.7.6.151461	0	0.002247894
205	0	0.7.6.15166	0	0.02726757
205	0	0.7.6.152099	0	0.02726757
205	0	0.7.6.15228	1	0.02728587
205	0	0.7.6.152325	0	0.02728587
205	0	0.7.6.152845	0	0.02726757
205	0	0.7.6.153075	0	0.02693124
205	0	0.7.6.153731	0	0.002247894
205	0	0.7.6.155193	0	0.02693124
205	0	0.7.6.155432	0	0.02726757
205	0	0.7.6.155684	1	0.02693124
205	0	0.7.6.155813	1	0.02727273
205	0	0.7.6.15710	1	0.02728587
205	0	0.7.6.15933	0	0.02693124
205	0	0.7.6.16056	0	0.02728587
205	0	0.7.6.16112	-1	0.02693124
205	0	0.7.6.16511	0	0.02693124
205	0	0.7.6.165122	0	0.002247894
205	0	0.7.6.165721	0	0.02693124
205	0	0.7.6.166261	0	0.02693124
205	0	0.7.6.166395	0	0.002247894
205	0	0.7.6.166471	0	0.02726757
205	0	0.7.6.166614	0	0.002247894
205	0	0.7.6.166727	1	0.002247894
205	0	0.7.6.166746	0	0.02693124
205	0	0.7.6.166968	0	0.002247894
205	0	0.7.6.167103	0	0.02726757
205	0	0.7.6.167465	0	0.02693124
205	0	0.7.6.167875	0	0.002247894
205	0	0.7.6.16868	0	0.02728587
205	0	0.7.6.168877	0	0.02693124
205	0	0.7.6.169000	0	0.002247894
205	0	0.7.6.16903	0	0.04340836
205	0	0.7.6.169050	0	0.02693124
205	0	0.7.6.169156	-1	0.02725846
205	0	0.7.6.169408	0	0.002247894
205	0	0.7.6.16941	0	0.02726757
205	0	0.7.6.169925	-2	0.02728587
205	0	0.7.6.170010	0	0.002247894
205	0	0.7.6.170567	0	0.02726757
205	0	0.7.6.170573	1	0.02727273
205	0	0.7.6.171335	0	0.02726757
205	0	0.7.6.171417	0	0.02726757
205	0	0.7.6.171467	1	0.02713079
205	0	0.7.6.171480	1	0.02728587
205	0	0.7.6.17149	1	0.02693124
205	0	0.7.6.171563	0	0.02726757
205	0	0.7.6.171600	0	0.002247894
205	0	0.7.6.171632	0	0.02728587
205	0	0.7.6.171731	1	0.02725846
205	0	0.7.6.172106	0	0.02693124
205	0	0.7.6.172114	0	0.02693124
205	0	0.7.6.172178	0	0.002247894
205	0	0.7.6.172347	-2	0.02726757
205	0	0.7.6.172397	0	0.02726757
205	0	0.7.6.17245	-2	0.02726757
205	0	0.7.6.172460	0	0.02728587
205	0	0.7.6.172557	0	0.02726757
205	0	0.7.6.172984	0	0.002247894
205	0	0.7.6.173195	0	0.002247894
205	0	0.7.6.173223	1	0.02693124
205	0	0.7.6.173533	0	0.02726757
205	0	0.7.6.173786	0	0.02726757
205	0	0.7.6.173812	1	0.02725846
205	0	0.7.6.173867	0	0.02726757
205	0	0.7.6.174383	1	0.02725846
205	0	0.7.6.174682	1	0.02725846
205	0	0.7.6.174697	0	0.02725846
205	0	0.7.6.174708	0	0.02693124
205	0	0.7.6.174951	0	0.02726757
205	0	0.7.6.175809	0	0.02728587
205	0	0.7.6.175856	0	0.002247894
205	0	0.7.6.175857	0	0.002247894
205	0	0.7.6.176106	0	0.02726757
205	0	0.7.6.176371	0	0.02693124
205	0	0.7.6.17698	1	0.002247894
205	0	0.7.6.177126	0	0.02693124
205	0	0.7.6.177523	0	0.002247894
205	0	0.7.6.177675	0	0.02726757
205	0	0.7.6.177792	-2	0.002247894
205	0	0.7.6.178000	1	0.02728587
205	0	0.7.6.178009	0	0.02693124
205	0	0.7.6.178394	0	0.02693124
205	0	0.7.6.179168	0	0.02693124
205	0	0.7.6.179792	0	0.02693124
205	0	0.7.6.179935	1	0.02727273
205	0	0.7.6.180156	1	0.02713079
205	0	0.7.6.180273	1	0.02725846
205	0	0.7.6.180278	1	0.02725846
205	0	0.7.6.180539	0	0.02726757
205	0	0.7.6.180569	1	0.04340836
205	0	0.7.6.180733	1	0.02713079
205	0	0.7.6.180870	0	0.02693124
205	0	0.7.6.180885	1	0.02713079
205	0	0.7.6.181000	1	0.02725846
205	0	0.7.6.181408	0	0.002247894
205	0	0.7.6.181430	1	0.02727273
205	0	0.7.6.1817	0	0.02693124
205	0	0.7.6.181844	0	0.04340836
205	0	0.7.6.181910	0	0.002247894
205	0	0.7.6.18196	1	0.02728587
205	0	0.7.6.182232	0	0.002247894
205	0	0.7.6.182474	0	0.002247894
205	0	0.7.6.182609	0	0.02726757
205	0	0.7.6.183069	1	0.02725846
205	0	0.7.6.18312	1	0.02693124
205	0	0.7.6.183413	0	0.02728587
205	0	0.7.6.183953	1	0.02725846
205	0	0.7.6.184017	1	0.02725846
205	0	0.7.6.184173	1	0.02725846
205	0	0.7.6.184367	0	0.002247894
205	0	0.7.6.184424	0	0.02693124
205	0	0.7.6.184584	0	0.02713079
205	0	0.7.6.184744	0	0.02693124
205	0	0.7.6.184751	0	0.02693124
205	0	0.7.6.184887	0	0.002247894
205	0	0.7.6.184960	1	0.02728587
205	0	0.7.6.185543	0	0.02726757
205	0	0.7.6.185941	0	0.02728587
205	0	0.7.6.18662	0	0.02728587
205	0	0.7.6.18787	0	0.02726757
205	0	0.7.6.188170	0	0.002247894
205	0	0.7.6.18934	0	0.02726757
205	0	0.7.6.189791	0	0.02693124
205	0	0.7.6.190002	0	0.002247894
205	0	0.7.6.190039	0	0.02726757
205	0	0.7.6.190055	0	0.02693124
205	0	0.7.6.190181	0	0.02693124
205	0	0.7.6.190369	0	0.02693124
205	0	0.7.6.190419	1	0.02693124
205	0	0.7.6.190420	0	0.02726757
205	0	0.7.6.192799	0	0.002247894
205	0	0.7.6.192851	0	0.002247894
205	0	0.7.6.193003	0	0.002247894
205	0	0.7.6.193354	0	0.002247894
205	0	0.7.6.193377	0	0.002247894
205	0	0.7.6.193595	0	0.002247894
205	0	0.7.6.193769	0	0.02693124
205	0	0.7.6.193888	0	0.02693124
205	0	0.7.6.193963	0	0.002247894
205	0	0.7.6.194135	0	0.002247894
205	0	0.7.6.194881	0	0.02725846
205	0	0.7.6.195013	0	0.02728587
205	0	0.7.6.195286	0	0.002247894
205	0	0.7.6.195906	0	0.002247894
205	0	0.7.6.196245	0	0.02726757
205	0	0.7.6.196684	0	0.02728587
205	0	0.7.6.197248	0	0.02693124
205	0	0.7.6.197907	0	0.002247894
205	0	0.7.6.198012	0	0.002247894
205	0	0.7.6.20027	0	0.02726757
205	0	0.7.6.20211	0	0.02726757
205	0	0.7.6.204799	-2	0.002247894
205	0	0.7.6.206123	0	0.002247894
205	0	0.7.6.206917	0	0.002247894
205	0	0.7.6.207097	0	0.002247894
205	0	0.7.6.207591	0	0.002247894
205	0	0.7.6.207642	0	0.002247894
205	0	0.7.6.20784	0	0.002247894
205	0	0.7.6.208050	0	0.02726757
205	0	0.7.6.209349	-1	0.002247894
205	0	0.7.6.209692	0	0.02726757
205	0	0.7.6.217584	0	0.002247894
205	0	0.7.6.218002	0	0.02726757
205	0	0.7.6.218084	0	0.02728587
205	0	0.7.6.218322	0	0.02693124
205	0	0.7.6.219811	0	0.02693124
205	0	0.7.6.22345	0	0.002247894
205	0	0.7.6.228272	0	0.02693124
205	0	0.7.6.228307	1	0.02693124
205	0	0.7.6.228591	1	0.02693124
205	0	0.7.6.228967	0	0.002247894
205	0	0.7.6.22910	0	0.002247894
205	0	0.7.6.229285	1	0.02693124
205	0	0.7.6.22993	0	0.002247894
205	0	0.7.6.229940	0	0.002247894
205	0	0.7.6.229983	0	0.002247894
205	0	0.7.6.230072	0	0.002247894
205	0	0.7.6.230430	0	0.002247894
205	0	0.7.6.230796	0	0.02693124
205	0	0.7.6.232139	0	0.002247894
205	0	0.7.6.232176	0	0.002247894
205	0	0.7.6.232503	1	0.02693124
205	0	0.7.6.233149	0	0.02693124
205	0	0.7.6.23334	1	0.04340836
205	0	0.7.6.23376	0	0.02726757
205	0	0.7.6.23398	1	0.04340836
205	0	0.7.6.234042	0	0.002247894
205	0	0.7.6.234979	0	0.02726757
205	0	0.7.6.235734	0	0.02726757
205	0	0.7.6.235974	0	0.02726757
205	0	0.7.6.237169	0	0.002247894
205	0	0.7.6.237713	0	0.02728587
205	0	0.7.6.237778	1	0.02693124
205	0	0.7.6.237786	1	0.02726757
205	0	0.7.6.238239	0	0.02726757
205	0	0.7.6.238593	0	0.02726757
205	0	0.7.6.23877	0	0.02693124
205	0	0.7.6.239393	0	0.02726757
205	0	0.7.6.239856	0	0.002247894
205	0	0.7.6.240055	0	0.002247894
205	0	0.7.6.24023	0	0.002247894
205	0	0.7.6.241039	0	0.02693124
205	0	0.7.6.241098	1	0.02728587
205	0	0.7.6.248225	0	0.002247894
205	0	0.7.6.248246	0	0.02726757
205	0	0.7.6.248260	0	0.02726757
205	0	0.7.6.248421	0	0.002247894
205	0	0.7.6.249122	-1	0.02726757
205	0	0.7.6.249686	0	0.002247894
205	0	0.7.6.249804	0	0.02726757
205	0	0.7.6.249850	0	0.002247894
205	0	0.7.6.250448	0	0.02728587
205	0	0.7.6.250557	0	0.002247894
205	0	0.7.6.250693	0	0.002247894
205	0	0.7.6.251150	0	0.02726757
205	0	0.7.6.251325	0	0.002247894
205	0	0.7.6.251644	0	0.02726757
205	0	0.7.6.251768	0	0.002247894
205	0	0.7.6.251865	0	0.002247894
205	0	0.7.6.251992	0	0.02726757
205	0	0.7.6.252142	0	0.002247894
205	0	0.7.6.252438	0	0.002247894
205	0	0.7.6.252463	-2	0.002247894
205	0	0.7.6.252796	0	0.02726757
205	0	0.7.6.252807	0	0.002247894
205	0	0.7.6.253244	0	0.002247894
205	0	0.7.6.253608	0	0.002247894
205	0	0.7.6.254136	0	0.002247894
205	0	0.7.6.254230	0	0.02693124
205	0	0.7.6.254814	0	0.02693124
205	0	0.7.6.255128	0	0.002247894
205	0	0.7.6.256196	0	0.02693124
205	0	0.7.6.256201	0	0.02693124
205	0	0.7.6.256446	0	0.02693124
205	0	0.7.6.257054	0	0.02693124
205	0	0.7.6.257809	0	0.02726757
205	0	0.7.6.259679	0	0.02693124
205	0	0.7.6.260077	0	0.02726757
205	0	0.7.6.260737	0	0.02693124
205	0	0.7.6.260887	0	0.02693124
205	0	0.7.6.261052	0	0.02728587
205	0	0.7.6.261346	0	0.002247894
205	0	0.7.6.2614	-1	0.02728587
205	0	0.7.6.263276	0	0.02726757
205	0	0.7.6.264302	0	0.02693124
205	0	0.7.6.264899	1	0.02693124
205	0	0.7.6.2651	0	0.02728587
205	0	0.7.6.266920	0	0.02726757
205	0	0.7.6.267148	-1	0.02726757
205	0	0.7.6.267716	0	0.02726757
205	0	0.7.6.267796	1	0.02726757
205	0	0.7.6.268220	0	0.02726757
205	0	0.7.6.268291	0	0.002247894
205	0	0.7.6.268534	0	0.02726757
205	0	0.7.6.269139	0	0.02726757
205	0	0.7.6.269279	-2	0.02726757
205	0	0.7.6.270165	0	0.02693124
205	0	0.7.6.270411	0	0.02726757
205	0	0.7.6.270841	-1	0.02728587
205	0	0.7.6.271291	0	0.02726757
205	0	0.7.6.271454	0	0.02726757
205	0	0.7.6.271541	0	0.02726757
205	0	0.7.6.271645	0	0.02726757
205	0	0.7.6.272054	0	0.02728587
205	0	0.7.6.272891	0	0.02726757
205	0	0.7.6.273768	0	0.02726757
205	0	0.7.6.27389	0	0.002247894
205	0	0.7.6.274009	0	0.02726757
205	0	0.7.6.274037	0	0.002247894
205	0	0.7.6.274226	0	0.02726757
205	0	0.7.6.27426	0	0.002247894
205	0	0.7.6.2744	0	0.02728587
205	0	0.7.6.274504	0	0.02726757
205	0	0.7.6.274713	0	0.02726757
205	0	0.7.6.275209	0	0.02713079
205	0	0.7.6.275946	0	0.02728587
205	0	0.7.6.276424	1	0.02693124
205	0	0.7.6.276438	0	0.02728587
205	0	0.7.6.276889	0	0.02693124
205	0	0.7.6.278147	0	0.02726757
205	0	0.7.6.278423	0	0.02693124
205	0	0.7.6.278606	0	0.02726757
205	0	0.7.6.279660	0	0.02693124
205	0	0.7.6.27995	0	0.02693124
205	0	0.7.6.280284	0	0.02713079
205	0	0.7.6.2804	0	0.002247894
205	0	0.7.6.280706	0	0.02693124
205	0	0.7.6.281231	0	0.02693124
205	0	0.7.6.281376	0	0.02726757
205	0	0.7.6.282755	0	0.02693124
205	0	0.7.6.282792	0	0.02693124
205	0	0.7.6.2830	0	0.02728587
205	0	0.7.6.283332	0	0.02693124
205	0	0.7.6.283555	0	0.02693124
205	0	0.7.6.284026	0	0.002247894
205	0	0.7.6.284074	0	0.02693124
205	0	0.7.6.284763	0	0.02726757
205	0	0.7.6.285057	0	0.02693124
205	0	0.7.6.285245	0	0.002247894
205	0	0.7.6.285897	0	0.02693124
205	0	0.7.6.285934	0	0.02693124
205	0	0.7.6.286002	0	0.02693124
205	0	0.7.6.286886	0	0.002247894
205	0	0.7.6.287048	0	0.02693124
205	0	0.7.6.287142	0	0.02693124
205	0	0.7.6.287456	0	0.02693124
205	0	0.7.6.287658	1	0.02713079
205	0	0.7.6.288213	0	0.002247894
205	0	0.7.6.28834	0	0.002247894
205	0	0.7.6.288589	0	0.02693124
205	0	0.7.6.288623	0	0.002247894
205	0	0.7.6.288732	-1	0.02693124
205	0	0.7.6.288919	0	0.02693124
205	0	0.7.6.2893	1	0.02725846
205	0	0.7.6.291072	-1	0.02713079
205	0	0.7.6.291440	0	0.02693124
205	0	0.7.6.291645	0	0.02693124
205	0	0.7.6.2924	0	0.02728587
205	0	0.7.6.292761	0	0.02693124
205	0	0.7.6.292767	0	0.02693124
205	0	0.7.6.293280	0	0.002247894
205	0	0.7.6.293791	0	0.02693124
205	0	0.7.6.294001	0	0.02693124
205	0	0.7.6.294728	0	0.002247894
205	0	0.7.6.295014	0	0.02726757
205	0	0.7.6.295068	0	0.02726757
205	0	0.7.6.295070	0	0.02728587
205	0	0.7.6.295228	0	0.02693124
205	0	0.7.6.295797	0	0.02693124
205	0	0.7.6.297408	0	0.02728587
205	0	0.7.6.297664	0	0.002247894
205	0	0.7.6.297675	0	0.04340836
205	0	0.7.6.298298	1	0.02693124
205	0	0.7.6.29902	0	0.002247894
205	0	0.7.6.299321	0	0.02693124
205	0	0.7.6.299813	0	0.02726757
205	0	0.7.6.299877	1	0.02728587
205	0	0.7.6.300059	-1	0.002247894
205	0	0.7.6.300812	0	0.002247894
205	0	0.7.6.301004	0	0.02693124
205	0	0.7.6.301012	0	0.02693124
205	0	0.7.6.301019	0	0.02693124
205	0	0.7.6.301589	0	0.002247894
205	0	0.7.6.303382	0	0.002247894
205	0	0.7.6.303955	0	0.002247894
205	0	0.7.6.304023	0	0.002247894
205	0	0.7.6.304268	0	0.002247894
205	0	0.7.6.304530	0	0.002247894
205	0	0.7.6.304554	0	0.002247894
205	0	0.7.6.305256	0	0.002247894
205	0	0.7.6.305561	0	0.02693124
205	0	0.7.6.305672	0	0.002247894
205	0	0.7.6.306824	0	0.02728587
205	0	0.7.6.307437	0	0.002247894
205	0	0.7.6.307497	0	0.002247894
205	0	0.7.6.307692	0	0.002247894
205	0	0.7.6.307963	0	0.02693124
205	0	0.7.6.307998	-1	0.02728587
205	0	0.7.6.308095	1	0.02727273
205	0	0.7.6.308603	0	0.002247894
205	0	0.7.6.308681	0	0.02727273
205	0	0.7.6.308720	0	0.02726757
205	0	0.7.6.309195	0	0.002247894
205	0	0.7.6.309345	0	0.002247894
205	0	0.7.6.309586	0	0.02726757
205	0	0.7.6.310061	0	0.002247894
205	0	0.7.6.310171	0	0.002247894
205	0	0.7.6.310420	0	0.002247894
205	0	0.7.6.310621	0	0.002247894
205	0	0.7.6.310911	0	0.002247894
205	0	0.7.6.3129	1	0.02725846
205	0	0.7.6.313735	0	0.002247894
205	0	0.7.6.313786	0	0.002247894
205	0	0.7.6.313888	0	0.002247894
205	0	0.7.6.313987	0	0.002247894
205	0	0.7.6.314208	0	0.002247894
205	0	0.7.6.315437	0	0.02693124
205	0	0.7.6.315510	1	0.02693124
205	0	0.7.6.315939	1	0.02693124
205	0	0.7.6.316375	1	0.02726757
205	0	0.7.6.316542	0	0.002247894
205	0	0.7.6.317608	0	0.02726757
205	0	0.7.6.317662	0	0.02726757
205	0	0.7.6.319164	0	0.002247894
205	0	0.7.6.319222	1	0.02726757
205	0	0.7.6.319346	0	0.02726757
205	0	0.7.6.319480	0	0.002247894
205	0	0.7.6.319602	1	0.02726757
205	0	0.7.6.319840	0	0.02693124
205	0	0.7.6.319999	1	0.02713079
205	0	0.7.6.320316	1	0.02693124
205	0	0.7.6.320551	0	0.02726757
205	0	0.7.6.320593	0	0.02726757
205	0	0.7.6.320661	1	0.02726757
205	0	0.7.6.320917	0	0.002247894
205	0	0.7.6.320995	0	0.02693124
205	0	0.7.6.322398	0	0.02726757
205	0	0.7.6.322534	0	0.02726757
205	0	0.7.6.323318	0	0.02693124
205	0	0.7.6.323456	0	0.02693124
205	0	0.7.6.324500	0	0.02728587
205	0	0.7.6.324543	1	0.02725846
205	0	0.7.6.324985	0	0.02726757
205	0	0.7.6.325392	0	0.002247894
205	0	0.7.6.325499	0	0.002247894
205	0	0.7.6.325617	0	0.02693124
205	0	0.7.6.325873	0	0.02728587
205	0	0.7.6.325926	1	0.02728587
205	0	0.7.6.327070	0	0.02693124
205	0	0.7.6.327089	1	0.02728587
205	0	0.7.6.327114	0	0.02728587
205	0	0.7.6.327249	0	0.02726757
205	0	0.7.6.327330	0	0.02726757
205	0	0.7.6.327338	0	0.002247894
205	0	0.7.6.327788	0	0.02726757
205	0	0.7.6.327901	0	0.02726757
205	0	0.7.6.328268	0	0.02693124
205	0	0.7.6.328293	1	0.02728587
205	0	0.7.6.329549	0	0.002247894
205	0	0.7.6.330883	0	0.02728587
205	0	0.7.6.331568	0	0.002247894
205	0	0.7.6.331683	0	0.002247894
205	0	0.7.6.332317	-2	0.002247894
205	0	0.7.6.332739	1	0.02713079
205	0	0.7.6.332821	0	0.002247894
205	0	0.7.6.333048	0	0.02726757
205	0	0.7.6.333054	-1	0.02726757
205	0	0.7.6.333280	0	0.02726757
205	0	0.7.6.333447	1	0.02693124
205	0	0.7.6.333492	0	0.02726757
205	0	0.7.6.333578	0	0.02726757
205	0	0.7.6.334467	0	0.002247894
205	0	0.7.6.334720	0	0.002247894
205	0	0.7.6.335667	0	0.002247894
205	0	0.7.6.336005	0	0.02728587
205	0	0.7.6.336008	1	0.02713079
205	0	0.7.6.336201	1	0.02728587
205	0	0.7.6.336215	0	0.002247894
205	0	0.7.6.336219	0	0.02728587
205	0	0.7.6.336236	0	0.02693124
205	0	0.7.6.336240	1	0.02726757
205	0	0.7.6.336332	0	0.02693124
205	0	0.7.6.336582	0	0.04340836
205	0	0.7.6.336716	0	0.002247894
205	0	0.7.6.336749	0	0.002247894
205	0	0.7.6.336832	0	0.02728587
205	0	0.7.6.337039	0	0.02693124
205	0	0.7.6.337264	0	0.02693124
205	0	0.7.6.337562	0	0.02728587
205	0	0.7.6.337674	0	0.02726757
205	0	0.7.6.337855	0	0.02726757
205	0	0.7.6.338072	0	0.002247894
205	0	0.7.6.338092	0	0.02693124
205	0	0.7.6.338277	0	0.02693124
205	0	0.7.6.338360	0	0.002247894
205	0	0.7.6.339329	0	0.02726757
205	0	0.7.6.339542	0	0.002247894
205	0	0.7.6.339675	0	0.02728587
205	0	0.7.6.339816	0	0.02726757
205	0	0.7.6.340507	0	0.02693124
205	0	0.7.6.340557	0	0.02693124
205	0	0.7.6.340608	-2	0.002247894
205	0	0.7.6.340714	0	0.02726757
205	0	0.7.6.340716	1	0.02713079
205	0	0.7.6.340969	0	0.002247894
205	0	0.7.6.341190	0	0.02726757
205	0	0.7.6.341294	0	0.02728587
205	0	0.7.6.341646	0	0.02693124
205	0	0.7.6.342014	0	0.002247894
205	0	0.7.6.342729	0	0.02693124
205	0	0.7.6.342926	0	0.002247894
205	0	0.7.6.343377	1	0.02693124
205	0	0.7.6.343389	1	0.02693124
205	0	0.7.6.343399	1	0.02725846
205	0	0.7.6.343406	0	0.02693124
205	0	0.7.6.343976	0	0.002247894
205	0	0.7.6.344085	0	0.002247894
205	0	0.7.6.345419	0	0.002247894
205	0	0.7.6.345515	0	0.002247894
205	0	0.7.6.346494	0	0.02728587
205	0	0.7.6.346753	0	0.002247894
205	0	0.7.6.346903	0	0.02693124
205	0	0.7.6.347279	0	0.02728587
205	0	0.7.6.347310	0	0.02693124
205	0	0.7.6.347316	1	0.02728587
205	0	0.7.6.347325	0	0.02728587
205	0	0.7.6.347509	0	0.002247894
205	0	0.7.6.347522	0	0.02693124
205	0	0.7.6.348113	0	0.002247894
205	0	0.7.6.348937	0	0.002247894
205	0	0.7.6.349885	0	0.002247894
205	0	0.7.6.350193	0	0.02693124
205	0	0.7.6.351278	0	0.002247894
205	0	0.7.6.351966	0	0.02726757
205	0	0.7.6.352242	0	0.02693124
205	0	0.7.6.352547	0	0.002247894
205	0	0.7.6.352690	0	0.02726757
205	0	0.7.6.354159	0	0.02693124
205	0	0.7.6.354669	0	0.02693124
205	0	0.7.6.354924	0	0.02726757
205	0	0.7.6.355284	0	0.002247894
205	0	0.7.6.355293	0	0.002247894
205	0	0.7.6.355472	0	0.002247894
205	0	0.7.6.355602	0	0.02693124
205	0	0.7.6.355618	0	0.02726757
205	0	0.7.6.355630	0	0.002247894
205	0	0.7.6.356545	0	0.002247894
205	0	0.7.6.35687	0	0.02693124
205	0	0.7.6.357295	0	0.02726757
205	0	0.7.6.357787	0	0.02693124
205	0	0.7.6.357934	0	0.02726757
205	0	0.7.6.358370	0	0.02726757
205	0	0.7.6.358661	0	0.02726757
205	0	0.7.6.358835	0	0.02693124
205	0	0.7.6.359578	0	0.002247894
205	0	0.7.6.3597	-2	0.02728587
205	0	0.7.6.359911	0	0.02693124
205	0	0.7.6.360893	0	0.02693124
205	0	0.7.6.3621	0	0.02728587
205	0	0.7.6.363701	0	0.002247894
205	0	0.7.6.363802	0	0.002247894
205	0	0.7.6.364144	0	0.002247894
205	0	0.7.6.364935	0	0.002247894
205	0	0.7.6.365003	-1	0.002247894
205	0	0.7.6.36527	0	0.002247894
205	0	0.7.6.366202	0	0.002247894
205	0	0.7.6.366465	0	0.02726757
205	0	0.7.6.367023	0	0.02693124
205	0	0.7.6.367279	0	0.002247894
205	0	0.7.6.36728	0	0.002247894
205	0	0.7.6.367504	0	0.002247894
205	0	0.7.6.367768	1	0.02725846
205	0	0.7.6.367873	0	0.02728587
205	0	0.7.6.368731	1	0.02693124
205	0	0.7.6.368793	0	0.02728587
205	0	0.7.6.36916	0	0.02693124
205	0	0.7.6.369367	0	0.02693124
205	0	0.7.6.369416	0	0.02693124
205	0	0.7.6.369627	0	0.002247894
205	0	0.7.6.369808	0	0.02728587
205	0	0.7.6.369852	0	0.02693124
205	0	0.7.6.370005	0	0.02726757
205	0	0.7.6.370173	0	0.02693124
205	0	0.7.6.370746	0	0.02693124
205	0	0.7.6.370848	0	0.02693124
205	0	0.7.6.371167	0	0.02726757
205	0	0.7.6.371381	0	0.002247894
205	0	0.7.6.372279	0	0.02693124
205	0	0.7.6.372663	0	0.02726757
205	0	0.7.6.373263	0	0.002247894
205	0	0.7.6.373957	0	0.002247894
205	0	0.7.6.374041	0	0.002247894
205	0	0.7.6.374213	0	0.002247894
205	0	0.7.6.374366	0	0.002247894
205	0	0.7.6.374744	0	0.02726757
205	0	0.7.6.375327	0	0.002247894
205	0	0.7.6.375501	0	0.02693124
205	0	0.7.6.375592	0	0.02693124
205	0	0.7.6.376001	0	0.02726757
205	0	0.7.6.376185	0	0.02693124
205	0	0.7.6.37621	0	0.002247894
205	0	0.7.6.376289	0	0.002247894
205	0	0.7.6.376603	0	0.002247894
205	0	0.7.6.3870	0	0.002247894
205	0	0.7.6.387540	0	0.02693124
205	0	0.7.6.387764	0	0.002247894
205	0	0.7.6.388197	0	0.02693124
205	0	0.7.6.388593	0	0.002247894
205	0	0.7.6.388664	0	0.002247894
205	0	0.7.6.388835	0	0.02693124
205	0	0.7.6.389063	0	0.02693124
205	0	0.7.6.389380	0	0.02693124
205	0	0.7.6.390096	0	0.02726757
205	0	0.7.6.390104	0	0.002247894
205	0	0.7.6.390197	0	0.02728587
205	0	0.7.6.39053	0	0.02693124
205	0	0.7.6.391430	0	0.02693124
205	0	0.7.6.391805	0	0.02726757
205	0	0.7.6.392249	0	0.002247894
205	0	0.7.6.392380	-1	0.02693124
205	0	0.7.6.393730	0	0.002247894
205	0	0.7.6.394690	0	0.02726757
205	0	0.7.6.394844	0	0.02726757
205	0	0.7.6.397953	0	0.02728587
205	0	0.7.6.398182	0	0.002247894
205	0	0.7.6.398274	0	0.002247894
205	0	0.7.6.398767	0	0.02693124
205	0	0.7.6.398910	0	0.02693124
205	0	0.7.6.3995	0	0.02728587
205	0	0.7.6.400333	0	0.02726757
205	0	0.7.6.400417	0	0.02693124
205	0	0.7.6.400535	0	0.02728587
205	0	0.7.6.400902	0	0.02728587
205	0	0.7.6.4011	0	0.02728587
205	0	0.7.6.401662	0	0.02693124
205	0	0.7.6.4020	0	0.02693124
205	0	0.7.6.402808	0	0.02693124
205	0	0.7.6.403373	-1	0.02693124
205	0	0.7.6.403593	-1	0.02726757
205	0	0.7.6.403728	-1	0.002247894
205	0	0.7.6.403969	-1	0.002247894
205	0	0.7.6.404417	0	0.02693124
205	0	0.7.6.405362	0	0.02693124
205	0	0.7.6.405620	0	0.002247894
205	0	0.7.6.405749	0	0.02693124
205	0	0.7.6.406110	0	0.02693124
205	0	0.7.6.4073	0	0.02728587
205	0	0.7.6.407822	0	0.002247894
205	0	0.7.6.407835	0	0.02728587
205	0	0.7.6.408429	0	0.002247894
205	0	0.7.6.408790	0	0.002247894
205	0	0.7.6.409420	0	0.02728587
205	0	0.7.6.409583	0	0.002247894
205	0	0.7.6.410409	0	0.02693124
205	0	0.7.6.410600	0	0.02693124
205	0	0.7.6.410733	0	0.002247894
205	0	0.7.6.410814	0	0.002247894
205	0	0.7.6.412466	0	0.002247894
205	0	0.7.6.413120	1	0.04340836
205	0	0.7.6.413439	0	0.02726757
205	0	0.7.6.414290	0	0.02728587
205	0	0.7.6.414510	0	0.02693124
205	0	0.7.6.414522	0	0.02726757
205	0	0.7.6.414546	0	0.02693124
205	0	0.7.6.414637	0	0.002247894
205	0	0.7.6.414689	0	0.002247894
205	0	0.7.6.416073	0	0.02728587
205	0	0.7.6.416609	0	0.02726757
205	0	0.7.6.416933	0	0.02693124
205	0	0.7.6.417222	0	0.002247894
205	0	0.7.6.417278	0	0.002247894
205	0	0.7.6.417469	0	0.002247894
205	0	0.7.6.417540	0	0.002247894
205	0	0.7.6.417613	0	0.02693124
205	0	0.7.6.417664	0	0.02728587
205	0	0.7.6.417681	0	0.002247894
205	0	0.7.6.417859	0	0.02693124
205	0	0.7.6.418226	0	0.02693124
205	0	0.7.6.418798	0	0.02693124
205	0	0.7.6.419245	0	0.02728587
205	0	0.7.6.419373	0	0.002247894
205	0	0.7.6.419503	0	0.02693124
205	0	0.7.6.419848	0	0.002247894
205	0	0.7.6.419885	-2	0.02693124
205	0	0.7.6.421021	0	0.02693124
205	0	0.7.6.4259	0	0.02728587
205	0	0.7.6.429356	0	0.002247894
205	0	0.7.6.429639	0	0.002247894
205	0	0.7.6.430038	0	0.02726757
205	0	0.7.6.430151	0	0.002247894
205	0	0.7.6.430481	0	0.02728587
205	0	0.7.6.430554	0	0.02726757
205	0	0.7.6.430826	0	0.02693124
205	0	0.7.6.431525	0	0.002247894
205	0	0.7.6.432150	0	0.002247894
205	0	0.7.6.432931	0	0.02728587
205	0	0.7.6.433055	0	0.02693124
205	0	0.7.6.433214	0	0.002247894
205	0	0.7.6.433456	0	0.02693124
205	0	0.7.6.434238	0	0.002247894
205	0	0.7.6.435617	0	0.002247894
205	0	0.7.6.435732	0	0.002247894
205	0	0.7.6.435739	0	0.002247894
205	0	0.7.6.437818	0	0.02726757
205	0	0.7.6.437963	0	0.02726757
205	0	0.7.6.438385	0	0.02728587
205	0	0.7.6.438562	0	0.002247894
205	0	0.7.6.438617	0	0.002247894
205	0	0.7.6.439078	1	0.02726757
205	0	0.7.6.439322	1	0.02728587
205	0	0.7.6.439451	0	0.02726757
205	0	0.7.6.440242	1	0.02728587
205	0	0.7.6.440276	1	0.02713079
205	0	0.7.6.4404	0	0.002247894
205	0	0.7.6.440671	0	0.02726757
205	0	0.7.6.440723	1	0.02713079
205	0	0.7.6.440815	1	0.02713079
205	0	0.7.6.4422	0	0.02693124
205	0	0.7.6.442359	0	0.002247894
205	0	0.7.6.443050	1	0.02693124
205	0	0.7.6.443130	1	0.02693124
205	0	0.7.6.443144	0	0.002247894
205	0	0.7.6.443271	0	0.002247894
205	0	0.7.6.444371	-2	0.002247894
205	0	0.7.6.444637	0	0.02726757
205	0	0.7.6.444788	-1	0.02693124
205	0	0.7.6.444806	-1	0.02693124
205	0	0.7.6.445435	0	0.02693124
205	0	0.7.6.446191	0	0.002247894
205	0	0.7.6.446400	1	0.02728587
205	0	0.7.6.446467	0	0.02726757
205	0	0.7.6.446514	0	0.02726757
205	0	0.7.6.446538	1	0.02728587
205	0	0.7.6.446685	0	0.02726757
205	0	0.7.6.446857	0	0.002247894
205	0	0.7.6.447361	0	0.002247894
205	0	0.7.6.447386	0	0.002247894
205	0	0.7.6.449002	0	0.002247894
205	0	0.7.6.449646	0	0.002247894
205	0	0.7.6.449743	0	0.02726757
205	0	0.7.6.449784	1	0.02728587
205	0	0.7.6.449927	1	0.02726757
205	0	0.7.6.450224	0	0.002247894
205	0	0.7.6.450590	0	0.02726757
205	0	0.7.6.450761	0	0.02726757
205	0	0.7.6.4521	0	0.02693124
205	0	0.7.6.452815	0	0.002247894
205	0	0.7.6.452912	0	0.002247894
205	0	0.7.6.452971	0	0.02728587
205	0	0.7.6.453209	1	0.02693124
205	0	0.7.6.453575	0	0.02728587
205	0	0.7.6.453624	-1	0.02693124
205	0	0.7.6.454364	0	0.002247894
205	0	0.7.6.455874	1	0.02693124
205	0	0.7.6.456597	0	0.002247894
205	0	0.7.6.456909	0	0.02693124
205	0	0.7.6.457649	0	0.02693124
205	0	0.7.6.457714	0	0.02728587
205	0	0.7.6.458502	1	0.02713079
205	0	0.7.6.458588	0	0.02726757
205	0	0.7.6.459360	0	0.02693124
205	0	0.7.6.459988	0	0.02693124
205	0	0.7.6.460331	0	0.02693124
205	0	0.7.6.460586	1	0.02726757
205	0	0.7.6.460664	1	0.02725846
205	0	0.7.6.460973	0	0.002247894
205	0	0.7.6.463209	0	0.02726757
205	0	0.7.6.464217	1	0.02728587
205	0	0.7.6.464852	0	0.02726757
205	0	0.7.6.465134	0	0.02726757
205	0	0.7.6.465215	0	0.02693124
205	0	0.7.6.465931	1	0.02725846
205	0	0.7.6.466734	0	0.002247894
205	0	0.7.6.467	0	0.02728587
205	0	0.7.6.467155	0	0.002247894
205	0	0.7.6.467481	0	0.002247894
205	0	0.7.6.468316	0	0.02693124
205	0	0.7.6.468325	1	0.04340836
205	0	0.7.6.468488	0	0.02726757
205	0	0.7.6.468548	0	0.02726757
205	0	0.7.6.468595	0	0.02693124
205	0	0.7.6.468607	0	0.002247894
205	0	0.7.6.468612	0	0.002247894
205	0	0.7.6.4692	0	0.02726757
205	0	0.7.6.469468	0	0.002247894
205	0	0.7.6.469632	0	0.002247894
205	0	0.7.6.469709	0	0.002247894
205	0	0.7.6.481437	0	0.02726757
205	0	0.7.6.481728	0	0.02726757
205	0	0.7.6.481935	-1	0.02726757
205	0	0.7.6.482054	0	0.002247894
205	0	0.7.6.482255	0	0.02726757
205	0	0.7.6.482548	0	0.02726757
205	0	0.7.6.482640	0	0.02726757
205	0	0.7.6.482930	0	0.02726757
205	0	0.7.6.483353	-1	0.002247894
205	0	0.7.6.4836	0	0.02728587
205	0	0.7.6.483777	0	0.02693124
205	0	0.7.6.484563	0	0.002247894
205	0	0.7.6.484843	0	0.02693124
205	0	0.7.6.485397	0	0.02693124
205	0	0.7.6.485526	0	0.02693124
205	0	0.7.6.485818	0	0.002247894
205	0	0.7.6.486124	0	0.002247894
205	0	0.7.6.486183	0	0.02726757
205	0	0.7.6.486195	0	0.002247894
205	0	0.7.6.486580	0	0.002247894
205	0	0.7.6.486914	0	0.02726757
205	0	0.7.6.487006	0	0.02693124
205	0	0.7.6.487459	0	0.002247894
205	0	0.7.6.488008	1	0.02725846
205	0	0.7.6.491927	0	0.02726757
205	0	0.7.6.493615	0	0.02728587
205	0	0.7.6.494416	0	0.02693124
205	0	0.7.6.495202	0	0.02693124
205	0	0.7.6.495732	0	0.02726757
205	0	0.7.6.496840	0	0.002247894
205	0	0.7.6.497102	0	0.02728587
205	0	0.7.6.498324	0	0.02693124
205	0	0.7.6.498551	0	0.02726757
205	0	0.7.6.499837	0	0.02693124
205	0	0.7.6.501572	0	0.02693124
205	0	0.7.6.501656	0	0.02693124
205	0	0.7.6.501698	0	0.02728587
205	0	0.7.6.502838	0	0.02693124
205	0	0.7.6.503570	0	0.002247894
205	0	0.7.6.504352	0	0.002247894
205	0	0.7.6.505455	0	0.002247894
205	0	0.7.6.506017	0	0.002247894
205	0	0.7.6.506021	0	0.002247894
205	0	0.7.6.506026	0	0.002247894
205	0	0.7.6.506085	0	0.02728587
205	0	0.7.6.506314	0	0.02728587
205	0	0.7.6.506437	1	0.04340836
205	0	0.7.6.506971	0	0.002247894
205	0	0.7.6.507039	0	0.002247894
205	0	0.7.6.507725	0	0.02726757
205	0	0.7.6.508006	0	0.02693124
205	0	0.7.6.508235	0	0.002247894
205	0	0.7.6.509174	0	0.02728587
205	0	0.7.6.509525	0	0.02693124
205	0	0.7.6.514467	0	0.02728587
205	0	0.7.6.515003	-1	0.02728587
205	0	0.7.6.515059	1	0.02693124
205	0	0.7.6.515467	-1	0.02728587
205	0	0.7.6.515859	0	0.02693124
205	0	0.7.6.516098	0	0.02693124
205	0	0.7.6.516108	0	0.002247894
205	0	0.7.6.516371	0	0.02726757
205	0	0.7.6.516733	0	0.002247894
205	0	0.7.6.516851	0	0.002247894
205	0	0.7.6.517204	0	0.02693124
205	0	0.7.6.518323	0	0.02728587
205	0	0.7.6.518652	-1	0.02693124
205	0	0.7.6.519181	-1	0.02728587
205	0	0.7.6.522072	0	0.02726757
205	0	0.7.6.522297	0	0.02693124
205	0	0.7.6.522670	0	0.02693124
205	0	0.7.6.524056	0	0.02693124
205	0	0.7.6.524639	-2	0.02693124
205	0	0.7.6.524818	0	0.02693124
205	0	0.7.6.525002	0	0.002247894
205	0	0.7.6.525233	0	0.02693124
205	0	0.7.6.525499	0	0.02693124
205	0	0.7.6.526546	0	0.02728587
205	0	0.7.6.527459	0	0.02693124
205	0	0.7.6.527478	0	0.02693124
205	0	0.7.6.527675	0	0.02693124
205	0	0.7.6.527783	0	0.02693124
205	0	0.7.6.529868	0	0.02728587
205	0	0.7.6.530295	0	0.002247894
205	0	0.7.6.530526	0	0.02693124
205	0	0.7.6.531150	0	0.02726757
205	0	0.7.6.531597	0	0.02693124
205	0	0.7.6.531675	0	0.02693124
205	0	0.7.6.531936	0	0.02693124
205	0	0.7.6.532949	0	0.02693124
205	0	0.7.6.533523	0	0.02693124
205	0	0.7.6.533682	0	0.02726757
205	0	0.7.6.534111	0	0.02693124
205	0	0.7.6.534231	0	0.02693124
205	0	0.7.6.534540	0	0.02693124
205	0	0.7.6.535104	0	0.02693124
205	0	0.7.6.535266	0	0.002247894
205	0	0.7.6.535854	0	0.002247894
205	0	0.7.6.538425	0	0.002247894
205	0	0.7.6.538562	0	0.002247894
205	0	0.7.6.539051	0	0.002247894
205	0	0.7.6.539283	0	0.02693124
205	0	0.7.6.540145	0	0.002247894
205	0	0.7.6.540148	1	0.02728587
205	0	0.7.6.540628	0	0.002247894
205	0	0.7.6.541477	0	0.02726757
205	0	0.7.6.542090	0	0.002247894
205	0	0.7.6.546395	0	0.02693124
205	0	0.7.6.546475	0	0.02726757
205	0	0.7.6.547238	0	0.02693124
205	0	0.7.6.547370	0	0.002247894
205	0	0.7.6.547518	0	0.02693124
205	0	0.7.6.547932	0	0.002247894
205	0	0.7.6.548534	0	0.002247894
205	0	0.7.6.550608	0	0.002247894
205	0	0.7.6.550909	0	0.002247894
205	0	0.7.6.551542	0	0.002247894
205	0	0.7.6.551578	0	0.002247894
205	0	0.7.6.551758	0	0.002247894
205	0	0.7.6.553020	0	0.002247894
205	0	0.7.6.553509	0	0.002247894
205	0	0.7.6.553693	0	0.002247894
205	0	0.7.6.554333	0	0.002247894
205	0	0.7.6.554993	0	0.02693124
205	0	0.7.6.562955	-1	0.02728587
205	0	0.7.6.565100	0	0.002247894
205	0	0.7.6.565266	0	0.02728587
205	0	0.7.6.566510	0	0.002247894
205	0	0.7.6.566595	1	0.04340836
205	0	0.7.6.5671	1	0.02728587
205	0	0.7.6.568940	0	0.02693124
205	0	0.7.6.569220	0	0.02693124
205	0	0.7.6.569414	0	0.02726757
205	0	0.7.6.574677	0	0.02693124
205	0	0.7.6.575217	1	0.02713079
205	0	0.7.6.576329	1	0.02725846
205	0	0.7.6.576693	0	0.002247894
205	0	0.7.6.577132	1	0.02713079
205	0	0.7.6.578829	1	0.02725846
205	0	0.7.6.581733	1	0.04340836
205	0	0.7.6.582128	1	0.02713079
205	0	0.7.6.582391	1	0.02728587
205	0	0.7.6.583843	1	0.02713079
205	0	0.7.6.5856	-1	0.002247894
205	0	0.7.6.585945	0	0.02728587
205	0	0.7.6.586332	0	0.02693124
205	0	0.7.6.586785	1	0.02728587
205	0	0.7.6.591367	1	0.02727273
205	0	0.7.6.593342	1	0.02713079
205	0	0.7.6.593578	1	0.02713079
205	0	0.7.6.595324	0	0.02725846
205	0	0.7.6.595974	1	0.02725846
205	0	0.7.6.599247	0	0.02693124
205	0	0.7.6.601163	1	0.02725846
205	0	0.7.6.601510	0	0.02693124
205	0	0.7.6.601580	1	0.02713079
205	0	0.7.6.601665	1	0.02727273
205	0	0.7.6.601865	1	0.02713079
205	0	0.7.6.60209	0	0.002247894
205	0	0.7.6.602231	1	0.02713079
205	0	0.7.6.602469	1	0.02725846
205	0	0.7.6.60321	0	0.02726757
205	0	0.7.6.603592	1	0.02725846
205	0	0.7.6.60385	1	0.02713079
205	0	0.7.6.603933	1	0.04340836
205	0	0.7.6.60417	0	0.02726757
205	0	0.7.6.604753	0	0.02693124
205	0	0.7.6.606440	1	0.02693124
205	0	0.7.6.60739	0	0.002247894
205	0	0.7.6.60779	1	0.02726757
205	0	0.7.6.608102	1	0.02713079
205	0	0.7.6.608611	0	0.002247894
205	0	0.7.6.609398	0	0.002247894
205	0	0.7.6.61067	1	0.02726757
205	0	0.7.6.613867	1	0.02725846
205	0	0.7.6.613940	1	0.02713079
205	0	0.7.6.614153	1	0.02693124
205	0	0.7.6.615108	0	0.02693124
205	0	0.7.6.615989	0	0.02693124
205	0	0.7.6.617291	1	0.02725846
205	0	0.7.6.617659	1	0.02713079
205	0	0.7.6.617778	0	0.02693124
205	0	0.7.6.619010	0	0.02728587
205	0	0.7.6.619379	0	0.02726757
205	0	0.7.6.619382	0	0.002247894
205	0	0.7.6.619945	0	0.02726757
205	0	0.7.6.620156	1	0.02713079
205	0	0.7.6.62098	0	0.002247894
205	0	0.7.6.621665	0	0.002247894
205	0	0.7.6.621845	1	0.02693124
205	0	0.7.6.62198	0	0.02726757
205	0	0.7.6.622704	1	0.02713079
205	0	0.7.6.6228	0	0.02693124
205	0	0.7.6.62299	0	0.02693124
205	0	0.7.6.62300	0	0.02693124
205	0	0.7.6.624843	1	0.04340836
205	0	0.7.6.627055	1	0.02725846
205	0	0.7.6.628137	1	0.02713079
205	0	0.7.6.628756	1	0.02693124
205	0	0.7.6.628766	1	0.02725846
205	0	0.7.6.628981	0	0.02726757
205	0	0.7.6.629248	1	0.02725846
205	0	0.7.6.62940	0	0.002247894
205	0	0.7.6.629926	0	0.002247894
205	0	0.7.6.630109	0	0.02693124
205	0	0.7.6.630225	0	0.02726757
205	0	0.7.6.630725	0	0.02728587
205	0	0.7.6.631201	0	0.002247894
205	0	0.7.6.64126	1	0.02693124
205	0	0.7.6.64465	-1	0.02726757
205	0	0.7.6.64489	0	0.02693124
205	0	0.7.6.64672	0	0.02693124
205	0	0.7.6.65212	0	0.02726757
205	0	0.7.6.65255	0	0.02693124
205	0	0.7.6.65743	1	0.02725846
205	0	0.7.6.66365	0	0.002247894
205	0	0.7.6.663813	0	0.002247894
205	0	0.7.6.66385	0	0.002247894
205	0	0.7.6.66391	0	0.02726757
205	0	0.7.6.663932	0	0.02693124
205	0	0.7.6.663937	0	0.002247894
205	0	0.7.6.664143	0	0.02693124
205	0	0.7.6.664195	0	0.02693124
205	0	0.7.6.664235	0	0.002247894
205	0	0.7.6.665575	0	0.02728587
205	0	0.7.6.665605	0	0.02728587
205	0	0.7.6.665822	0	0.02726757
205	0	0.7.6.666184	0	0.002247894
205	0	0.7.6.66661	0	0.02726757
205	0	0.7.6.666650	0	0.02693124
205	0	0.7.6.66700	0	0.02693124
205	0	0.7.6.667063	0	0.002247894
205	0	0.7.6.669179	0	0.02726757
205	0	0.7.6.669270	1	0.02693124
205	0	0.7.6.669695	0	0.002247894
205	0	0.7.6.669884	0	0.02693124
205	0	0.7.6.671172	0	0.002247894
205	0	0.7.6.672024	0	0.02726757
205	0	0.7.6.672191	0	0.02726757
205	0	0.7.6.67271	0	0.02726757
205	0	0.7.6.676114	0	0.02693124
205	0	0.7.6.676983	0	0.002247894
205	0	0.7.6.678529	0	0.002247894
205	0	0.7.6.679578	1	0.02725846
205	0	0.7.6.679955	0	0.02728587
205	0	0.7.6.68090	0	0.002247894
205	0	0.7.6.681178	0	0.02693124
205	0	0.7.6.681294	0	0.02726757
205	0	0.7.6.681775	1	0.02713079
205	0	0.7.6.683622	0	0.02726757
205	0	0.7.6.684114	0	0.02726757
205	0	0.7.6.685396	1	0.02728587
205	0	0.7.6.685977	0	0.02726757
205	0	0.7.6.686964	1	0.02725846
205	0	0.7.6.687976	0	0.02693124
205	0	0.7.6.688302	0	0.02693124
205	0	0.7.6.688342	0	0.02726757
205	0	0.7.6.68842	0	0.02726757
205	0	0.7.6.688424	0	0.02728587
205	0	0.7.6.688513	1	0.02713079
205	0	0.7.6.68859	-2	0.02726757
205	0	0.7.6.689690	1	0.02693124
205	0	0.7.6.692336	0	0.02726757
205	0	0.7.6.693030	0	0.002247894
205	0	0.7.6.693141	0	0.002247894
205	0	0.7.6.693465	0	0.02693124
205	0	0.7.6.693927	0	0.02726757
205	0	0.7.6.69426	0	0.02726757
205	0	0.7.6.69429	0	0.002247894
205	0	0.7.6.694352	0	0.002247894
205	0	0.7.6.694933	1	0.04340836
205	0	0.7.6.695200	0	0.02725846
205	0	0.7.6.695264	0	0.02726757
205	0	0.7.6.696037	0	0.02726757
205	0	0.7.6.696067	1	0.02726757
205	0	0.7.6.696454	0	0.02726757
205	0	0.7.6.696485	0	0.02726757
205	0	0.7.6.696796	0	0.002247894
205	0	0.7.6.697397	0	0.02726757
205	0	0.7.6.697460	1	0.02713079
205	0	0.7.6.697497	0	0.002247894
205	0	0.7.6.697614	0	0.002247894
205	0	0.7.6.699136	0	0.002247894
205	0	0.7.6.69926	0	0.002247894
205	0	0.7.6.699541	1	0.02693124
205	0	0.7.6.699607	1	0.02728587
205	0	0.7.6.699693	0	0.002247894
205	0	0.7.6.699759	1	0.02726757
205	0	0.7.6.700102	0	0.02728587
205	0	0.7.6.700294	0	0.02728587
205	0	0.7.6.700745	0	0.02728587
205	0	0.7.6.701219	0	0.002247894
205	0	0.7.6.701442	1	0.02713079
205	0	0.7.6.703023	0	0.002247894
205	0	0.7.6.703172	0	0.002247894
205	0	0.7.6.703334	0	0.002247894
205	0	0.7.6.703626	0	0.002247894
205	0	0.7.6.704090	0	0.002247894
205	0	0.7.6.704092	0	0.002247894
205	0	0.7.6.704386	0	0.002247894
205	0	0.7.6.704855	0	0.002247894
205	0	0.7.6.704944	0	0.002247894
205	0	0.7.6.704967	0	0.002247894
205	0	0.7.6.705165	0	0.002247894
205	0	0.7.6.705459	0	0.02726757
205	0	0.7.6.705571	0	0.02693124
205	0	0.7.6.705927	1	0.02725846
205	0	0.7.6.706416	0	0.02693124
205	0	0.7.6.706527	0	0.002247894
205	0	0.7.6.707589	0	0.02693124
205	0	0.7.6.707894	0	0.002247894
205	0	0.7.6.708094	0	0.02726757
205	0	0.7.6.708936	0	0.002247894
205	0	0.7.6.709019	0	0.002247894
205	0	0.7.6.709050	0	0.02693124
205	0	0.7.6.709225	0	0.02693124
205	0	0.7.6.709262	0	0.02726757
205	0	0.7.6.709882	0	0.002247894
205	0	0.7.6.709996	0	0.02726757
205	0	0.7.6.710136	0	0.02726757
205	0	0.7.6.710272	0	0.002247894
205	0	0.7.6.710462	0	0.002247894
205	0	0.7.6.710583	1	0.02727273
205	0	0.7.6.711240	0	0.002247894
205	0	0.7.6.711330	0	0.002247894
205	0	0.7.6.711677	0	0.02725846
205	0	0.7.6.711889	0	0.02726757
205	0	0.7.6.711927	0	0.002247894
205	0	0.7.6.711940	0	0.02693124
205	0	0.7.6.711956	0	0.02693124
205	0	0.7.6.712194	0	0.02726757
205	0	0.7.6.712233	0	0.02726757
205	0	0.7.6.712463	0	0.02693124
205	0	0.7.6.712652	0	0.002247894
205	0	0.7.6.712658	0	0.002247894
205	0	0.7.6.712970	1	0.02728587
205	0	0.7.6.717708	0	0.02693124
205	0	0.7.6.717756	1	0.02693124
205	0	0.7.6.718023	0	0.002247894
205	0	0.7.6.718224	1	0.02693124
205	0	0.7.6.718384	0	0.002247894
205	0	0.7.6.718897	1	0.02728587
205	0	0.7.6.718996	0	0.002247894
205	0	0.7.6.719690	0	0.02693124
205	0	0.7.6.721523	0	0.002247894
205	0	0.7.6.722086	0	0.002247894
205	0	0.7.6.722521	0	0.02726757
205	0	0.7.6.723309	0	0.02693124
205	0	0.7.6.72381	-2	0.002247894
205	0	0.7.6.72421	0	0.02726757
205	0	0.7.6.724483	0	0.02726757
205	0	0.7.6.726511	0	0.002247894
205	0	0.7.6.727354	1	0.02725846
205	0	0.7.6.727404	0	0.002247894
205	0	0.7.6.727533	1	0.02726757
205	0	0.7.6.727884	1	0.02693124
205	0	0.7.6.728334	1	0.02713079
205	0	0.7.6.728718	1	0.02726757
205	0	0.7.6.72918	0	0.002247894
205	0	0.7.6.730537	1	0.02725846
205	0	0.7.6.730959	0	0.002247894
205	0	0.7.6.731151	1	0.02728587
205	0	0.7.6.731343	0	0.002247894
205	0	0.7.6.731357	0	0.002247894
205	0	0.7.6.731360	0	0.002247894
205	0	0.7.6.731674	0	0.002247894
205	0	0.7.6.732529	0	0.02726757
205	0	0.7.6.733374	0	0.02728587
205	0	0.7.6.733749	0	0.02693124
205	0	0.7.6.734265	0	0.02726757
205	0	0.7.6.735382	0	0.002247894
205	0	0.7.6.735808	0	0.002247894
205	0	0.7.6.736001	0	0.002247894
205	0	0.7.6.736267	0	0.02693124
205	0	0.7.6.736307	0	0.02693124
205	0	0.7.6.736505	1	0.02693124
205	0	0.7.6.737601	0	0.02693124
205	0	0.7.6.738351	0	0.002247894
205	0	0.7.6.738502	0	0.02728587
205	0	0.7.6.738566	0	0.002247894
205	0	0.7.6.74021	0	0.002247894
205	0	0.7.6.741371	0	0.02726757
205	0	0.7.6.743292	0	0.002247894
205	0	0.7.6.743634	-1	0.002247894
205	0	0.7.6.743822	0	0.002247894
205	0	0.7.6.744249	0	0.002247894
205	0	0.7.6.744670	0	0.02693124
205	0	0.7.6.745133	0	0.002247894
205	0	0.7.6.745404	0	0.002247894
205	0	0.7.6.745750	0	0.02693124
205	0	0.7.6.746430	0	0.02693124
205	0	0.7.6.746642	0	0.02693124
205	0	0.7.6.746678	0	0.02693124
205	0	0.7.6.746856	0	0.02693124
205	0	0.7.6.747236	0	0.02693124
205	0	0.7.6.748572	0	0.02728587
205	0	0.7.6.749952	1	0.02726757
205	0	0.7.6.750032	1	0.02726757
205	0	0.7.6.751429	0	0.002247894
205	0	0.7.6.752431	0	0.002247894
205	0	0.7.6.752634	0	0.002247894
205	0	0.7.6.753925	1	0.02693124
205	0	0.7.6.754017	0	0.002247894
205	0	0.7.6.754066	0	0.02726757
205	0	0.7.6.754885	0	0.02726757
205	0	0.7.6.75518	0	0.02726757
205	0	0.7.6.755300	-1	0.002247894
205	0	0.7.6.755676	0	0.002247894
205	0	0.7.6.755758	-1	0.002247894
205	0	0.7.6.755970	0	0.002247894
205	0	0.7.6.756010	0	0.002247894
205	0	0.7.6.75609	0	0.02726757
205	0	0.7.6.757040	0	0.02693124
205	0	0.7.6.757119	0	0.02726757
205	0	0.7.6.757280	0	0.002247894
205	0	0.7.6.757616	0	0.002247894
205	0	0.7.6.757971	0	0.002247894
205	0	0.7.6.759203	0	0.02726757
205	0	0.7.6.759250	0	0.002247894
205	0	0.7.6.759260	0	0.02693124
205	0	0.7.6.759357	0	0.002247894
205	0	0.7.6.76034	-1	0.02726757
205	0	0.7.6.76088	0	0.02726757
205	0	0.7.6.762169	0	0.02693124
205	0	0.7.6.762671	-2	0.002247894
205	0	0.7.6.762858	-1	0.02693124
205	0	0.7.6.763892	0	0.02693124
205	0	0.7.6.764275	0	0.002247894
205	0	0.7.6.764466	0	0.02693124
205	0	0.7.6.764642	0	0.002247894
205	0	0.7.6.76476	0	0.02726757
205	0	0.7.6.76482	-1	0.02728587
205	0	0.7.6.76537	0	0.002247894
205	0	0.7.6.76582	1	0.02726757
205	0	0.7.6.766169	0	0.02728587
205	0	0.7.6.766438	0	0.002247894
205	0	0.7.6.767710	1	0.02725846
205	0	0.7.6.767715	0	0.002247894
205	0	0.7.6.767748	0	0.002247894
205	0	0.7.6.768122	0	0.002247894
205	0	0.7.6.76847	1	0.02726757
205	0	0.7.6.76921	0	0.02728587
205	0	0.7.6.769896	0	0.002247894
205	0	0.7.6.769946	0	0.002247894
205	0	0.7.6.770228	0	0.002247894
205	0	0.7.6.77092	0	0.02726757
205	0	0.7.6.771155	0	0.002247894
205	0	0.7.6.771783	-1	0.002247894
205	0	0.7.6.772683	0	0.02726757
205	0	0.7.6.772853	0	0.002247894
205	0	0.7.6.77288	0	0.02726757
205	0	0.7.6.77340	0	0.02726757
205	0	0.7.6.77751	1	0.002247894
205	0	0.7.6.77799	0	0.002247894
205	0	0.7.6.77904	0	0.002247894
205	0	0.7.6.78086	1	0.02725846
205	0	0.7.6.78089	0	0.02726757
205	0	0.7.6.78199	0	0.002247894
205	0	0.7.6.78432	0	0.002247894
205	0	0.7.6.78487	0	0.02726757
205	0	0.7.6.78590	0	0.002247894
205	0	0.7.6.78658	0	0.002247894
205	0	0.7.6.78894	0	0.002247894
205	0	0.7.6.79328	0	0.002247894
205	0	0.7.6.79954	0	0.002247894
205	0	0.7.6.80098	0	0.002247894
205	0	0.7.6.80384	0	0.002247894
205	0	0.7.6.80736	0	0.02728587
205	0	0.7.6.81271	0	0.002247894
205	0	0.7.6.81878	0	0.02726757
205	0	0.7.6.81967	0	0.02726757
205	0	0.7.6.81969	0	0.02726757
205	0	0.7.6.81972	0	0.02726757
205	0	0.7.6.82021	0	0.002247894
205	0	0.7.6.82040	0	0.02726757
205	0	0.7.6.82196	0	0.02726757
205	0	0.7.6.82197	0	0.02726757
205	0	0.7.6.82345	0	0.02726757
205	0	0.7.6.83012	0	0.02693124
205	0	0.7.6.83855	0	0.02693124
205	0	0.7.6.83947	0	0.02726757
205	0	0.7.6.84450	0	0.02726757
205	0	0.7.6.86936	0	0.002247894
205	0	0.7.6.87030	0	0.002247894
205	0	0.7.6.8755	1	0.02693124
205	0	0.7.6.88154	0	0.002247894
205	0	0.7.6.88285	0	0.002247894
205	0	0.7.6.88377	0	0.002247894
205	0	0.7.6.88905	0	0.02726757
205	0	0.7.6.8944	1	0.02693124
205	0	0.7.6.89905	0	0.02693124
205	0	0.7.6.90114	0	0.002247894
205	0	0.7.6.90846	0	0.02726757
205	0	0.7.6.90910	0	0.002247894
205	0	0.7.6.91608	1	0.02728587
205	0	0.7.6.92281	0	0.002247894
205	0	0.7.6.92671	0	0.02726757
205	0	0.7.6.92752	0	0.04340836
205	0	0.7.6.9307	1	0.02728587
205	0	0.7.6.93245	0	0.002247894
205	0	0.7.6.93485	0	0.02726757
205	0	0.7.6.93635	0	0.002247894
205	0	0.7.6.93715	1	0.02693124
205	0	0.7.6.93774	1	0.02693124
205	0	0.7.6.93812	1	0.02726757
205	0	0.7.6.93982	0	0.02693124
205	0	0.7.6.94121	0	0.02726757
205	0	0.7.6.94278	0	0.02693124
205	0	0.7.6.94385	0	0.02726757
205	0	0.7.6.94577	0	0.02726757
205	0	0.7.6.94650	1	0.02693124
205	0	0.7.6.94667	0	0.02726757
205	0	0.7.6.94943	0	0.02693124
205	0	0.7.6.95121	1	0.02726757
205	0	0.7.6.95377	0	0.002247894
205	0	0.7.6.9577	1	0.02693124
205	0	0.7.6.9693	1	0.02693124
205	0	0.7.6.9699	0	0.02693124
205	0	0.7.6.97253	0	0.002247894
205	0	0.7.6.97377	0	0.002247894
205	0	0.7.6.97570	0	0.02726757
205	0	0.7.6.97607	0	0.02693124
205	0	0.7.6.98718	0	0.02693124
205	0	0.7.6.99004	0	0.02693124
205	0	0.7.6.99213	1	0.02693124
205	0	0.7.6.99360	0	0.02693124
205	0	0.7.6.99458	0	0.002247894
205	0	0.7.6.9949	0	0.02726757
205	0	0.7.6.9967	1	0.02725846
205	0	0.7.6.99781	1	0.02693124
205	0	0.7.6.99887	0	0.002247894
205	0	0.7.6.99942	0	0.02693124
206	0	0.7.47.1000390	0	0.02251507
206	0	0.7.47.1001	0	0.00395616
206	0	0.7.47.1001612	0	0.00395616
206	0	0.7.47.1003916	-2	0.00395616
206	0	0.7.47.1005166	0	0.00395616
206	0	0.7.47.1006338	0	0.00395616
206	0	0.7.47.1007008	0	0.02251507
206	0	0.7.47.1007226	0	0.00395616
206	0	0.7.47.1007756	0	0.00395616
206	0	0.7.47.1007832	0	0.00395616
206	0	0.7.47.1007943	0	0.00395616
206	0	0.7.47.1008027	-2	0.02251507
206	0	0.7.47.100843	0	0.02251507
206	0	0.7.47.1008516	0	0.00395616
206	0	0.7.47.1009413	0	0.00395616
206	0	0.7.47.1009423	0	0.00395616
206	0	0.7.47.1010035	0	0.00395616
206	0	0.7.47.1017604	0	0.00395616
206	0	0.7.47.1017834	0	0.00395616
206	0	0.7.47.1017878	0	0.00395616
206	0	0.7.47.1018159	-2	0.02492291
206	0	0.7.47.1018307	0	0.02492291
206	0	0.7.47.1020744	0	0.00395616
206	0	0.7.47.1020850	0	0.00395616
206	0	0.7.47.1020910	0	0.00395616
206	0	0.7.47.1022224	0	0.00395616
206	0	0.7.47.1022860	0	0.00395616
206	0	0.7.47.10234	0	0.02492291
206	0	0.7.47.1024109	0	0.00395616
206	0	0.7.47.1024142	0	0.00395616
206	0	0.7.47.102489	0	0.00395616
206	0	0.7.47.1025188	0	0.00395616
206	0	0.7.47.1025354	0	0.00395616
206	0	0.7.47.1025650	-2	0.02251507
206	0	0.7.47.1025683	0	0.02251507
206	0	0.7.47.1025717	0	0.02251507
206	0	0.7.47.1025825	0	0.02251507
206	0	0.7.47.1025869	0	0.02251507
206	0	0.7.47.1026713	0	0.00395616
206	0	0.7.47.1027017	0	0.02251507
206	0	0.7.47.1027479	0	0.00395616
206	0	0.7.47.1027632	0	0.02251507
206	0	0.7.47.1027852	0	0.00395616
206	0	0.7.47.1027891	0	0.00395616
206	0	0.7.47.1028098	0	0.02251507
206	0	0.7.47.1028648	1	0.02251507
206	0	0.7.47.1028963	0	0.00395616
206	0	0.7.47.1029150	0	0.00395616
206	0	0.7.47.1029291	0	0.00395616
206	0	0.7.47.1029904	0	0.00395616
206	0	0.7.47.103676	0	0.00395616
206	0	0.7.47.1038501	0	0.02492291
206	0	0.7.47.1039594	0	0.00395616
206	0	0.7.47.1040311	-1	0.02251507
206	0	0.7.47.1040323	0	0.02492291
206	0	0.7.47.1044494	0	0.00395616
206	0	0.7.47.104763	0	0.00395616
206	0	0.7.47.1052656	0	0.00395616
206	0	0.7.47.1053187	0	0.00395616
206	0	0.7.47.1053513	-1	0.00395616
206	0	0.7.47.1056076	0	0.00395616
206	0	0.7.47.105914	0	0.02492291
206	0	0.7.47.1063117	0	0.00395616
206	0	0.7.47.1063199	0	0.00395616
206	0	0.7.47.1063393	0	0.00395616
206	0	0.7.47.10646	0	0.00395616
206	0	0.7.47.1066161	0	0.00395616
206	0	0.7.47.1066836	0	0.00395616
206	0	0.7.47.106835	0	0.00395616
206	0	0.7.47.1068756	0	0.00395616
206	0	0.7.47.1069203	0	0.00395616
206	0	0.7.47.1070494	0	0.00395616
206	0	0.7.47.1070690	0	0.00395616
206	0	0.7.47.1072395	0	0.00395616
206	0	0.7.47.1072435	0	0.00395616
206	0	0.7.47.1072781	0	0.00395616
206	0	0.7.47.1073405	0	0.00395616
206	0	0.7.47.107405	0	0.02492291
206	0	0.7.47.1074751	0	0.02251507
206	0	0.7.47.1074961	0	0.00395616
206	0	0.7.47.1075305	0	0.02251507
206	0	0.7.47.1075382	0	0.02251507
206	0	0.7.47.1075418	0	0.02251507
206	0	0.7.47.1075467	0	0.02251507
206	0	0.7.47.1075655	0	0.02251507
206	0	0.7.47.1075667	0	0.02251507
206	0	0.7.47.1075696	0	0.02251507
206	0	0.7.47.1075901	0	0.02251507
206	0	0.7.47.1075963	0	0.02251507
206	0	0.7.47.1076167	0	0.02251507
206	0	0.7.47.1076240	0	0.02251507
206	0	0.7.47.1076608	0	0.02251507
206	0	0.7.47.1076678	0	0.02251507
206	0	0.7.47.1076715	0	0.02251507
206	0	0.7.47.1077077	0	0.02251507
206	0	0.7.47.1077241	0	0.02251507
206	0	0.7.47.1077438	0	0.02251507
206	0	0.7.47.1077460	0	0.02251507
206	0	0.7.47.1077507	0	0.02251507
206	0	0.7.47.1077515	0	0.02251507
206	0	0.7.47.1077589	0	0.02251507
206	0	0.7.47.1077630	0	0.02251507
206	0	0.7.47.1077739	0	0.02251507
206	0	0.7.47.1077854	0	0.02251507
206	0	0.7.47.1078057	0	0.02251507
206	0	0.7.47.1078084	0	0.02251507
206	0	0.7.47.1078240	0	0.02251507
206	0	0.7.47.1078267	0	0.02251507
206	0	0.7.47.1078280	0	0.02251507
206	0	0.7.47.1078436	0	0.02251507
206	0	0.7.47.1078505	0	0.02251507
206	0	0.7.47.1078646	0	0.02251507
206	0	0.7.47.1078677	0	0.02251507
206	0	0.7.47.1078777	0	0.02251507
206	0	0.7.47.1078877	0	0.02251507
206	0	0.7.47.1079187	0	0.02251507
206	0	0.7.47.1079256	0	0.02251507
206	0	0.7.47.1079373	0	0.02251507
206	0	0.7.47.1079397	0	0.02251507
206	0	0.7.47.107946	0	0.00395616
206	0	0.7.47.1079682	0	0.02251507
206	0	0.7.47.1079712	0	0.02251507
206	0	0.7.47.1079840	0	0.02251507
206	0	0.7.47.1079916	0	0.02251507
206	0	0.7.47.1079946	0	0.02251507
206	0	0.7.47.1079956	0	0.02251507
206	0	0.7.47.1080116	0	0.02251507
206	0	0.7.47.1080362	0	0.02251507
206	0	0.7.47.1080418	0	0.02251507
206	0	0.7.47.1080465	0	0.02251507
206	0	0.7.47.1080562	0	0.02251507
206	0	0.7.47.1080825	0	0.02251507
206	0	0.7.47.108128	0	0.02492291
206	0	0.7.47.1081839	0	0.00395616
206	0	0.7.47.1082747	0	0.00395616
206	0	0.7.47.1087108	0	0.02492291
206	0	0.7.47.108955	0	0.00395616
206	0	0.7.47.109004	0	0.00395616
206	0	0.7.47.109518	0	0.02251507
206	0	0.7.47.109561	0	0.00395616
206	0	0.7.47.1096	0	0.02492291
206	0	0.7.47.1097189	0	0.02492291
206	0	0.7.47.1097680	-1	0.00395616
206	0	0.7.47.1098	0	0.02492291
206	0	0.7.47.1098626	0	0.00395616
206	0	0.7.47.1098750	0	1
206	0	0.7.47.1098782	0	0.00395616
206	0	0.7.47.1099577	0	0.02492291
206	0	0.7.47.1100148	0	0.02492291
206	0	0.7.47.1100253	0	0.00395616
206	0	0.7.47.1100542	0	0.02492291
206	0	0.7.47.1101821	0	0.00395616
206	0	0.7.47.1103080	0	0.02492291
206	0	0.7.47.1103118	0	0.00395616
206	0	0.7.47.1103594	0	0.00395616
206	0	0.7.47.1103918	0	0.02492291
206	0	0.7.47.1104217	0	0.02492291
206	0	0.7.47.1104663	0	0.00395616
206	0	0.7.47.1104798	0	0.02492291
206	0	0.7.47.1104962	0	0.02492291
206	0	0.7.47.110517	0	0.00395616
206	0	0.7.47.1105305	0	0.02492291
206	0	0.7.47.11056	0	0.00395616
206	0	0.7.47.1105696	0	0.00395616
206	0	0.7.47.1106000	0	0.00395616
206	0	0.7.47.1106400	0	0.00395616
206	0	0.7.47.1106709	0	0.02251507
206	0	0.7.47.1107007	0	0.00395616
206	0	0.7.47.1107325	-1	0.1269841
206	0	0.7.47.1107724	0	0.02492291
206	0	0.7.47.1107836	0	0.02251507
206	0	0.7.47.1108077	0	0.00395616
206	0	0.7.47.1108079	0	0.02492291
206	0	0.7.47.1109579	0	0.02251507
206	0	0.7.47.110977	0	0.00395616
206	0	0.7.47.1110266	0	0.00395616
206	0	0.7.47.1110700	0	0.00395616
206	0	0.7.47.111284	0	0.00395616
206	0	0.7.47.111564	0	0.00395616
206	0	0.7.47.111783	0	0.00395616
206	0	0.7.47.1120403	0	0.00395616
206	0	0.7.47.1120834	0	0.00395616
206	0	0.7.47.1121600	0	0.00395616
206	0	0.7.47.1122086	0	0.00395616
206	0	0.7.47.1122246	0	0.00395616
206	0	0.7.47.1123428	0	0.00395616
206	0	0.7.47.1123796	0	0.00395616
206	0	0.7.47.1123950	0	0.00395616
206	0	0.7.47.1126642	0	0.02251507
206	0	0.7.47.1128368	-1	0.00395616
206	0	0.7.47.1129258	0	0.00395616
206	0	0.7.47.1129889	0	0.02251507
206	0	0.7.47.1130563	0	0.00395616
206	0	0.7.47.1133194	0	0.00395616
206	0	0.7.47.1134602	0	0.00395616
206	0	0.7.47.1134922	0	0.00395616
206	0	0.7.47.1134961	0	0.00395616
206	0	0.7.47.1135552	0	0.00395616
206	0	0.7.47.1136148	0	0.00395616
206	0	0.7.47.1137153	0	0.00395616
206	0	0.7.47.113743	0	0.02492291
206	0	0.7.47.113811	-2	0.02251507
206	0	0.7.47.1138510	0	0.00395616
206	0	0.7.47.1139577	0	0.00395616
206	0	0.7.47.114021	-2	0.00395616
206	0	0.7.47.1142194	0	0.00395616
206	0	0.7.47.114252	0	0.02492291
206	0	0.7.47.1143233	0	0.00395616
206	0	0.7.47.114388	0	0.02492291
206	0	0.7.47.114391	0	0.02492291
206	0	0.7.47.1144149	0	0.00395616
206	0	0.7.47.1144195	0	0.00395616
206	0	0.7.47.114432	0	0.00395616
206	0	0.7.47.1144328	0	0.02251507
206	0	0.7.47.114437	0	0.02492291
206	0	0.7.47.1145520	0	0.00395616
206	0	0.7.47.1149485	0	0.00395616
206	0	0.7.47.1149582	0	0.00395616
206	0	0.7.47.114978	0	0.00395616
206	0	0.7.47.1149999	0	0.00395616
206	0	0.7.47.1150554	0	0.00395616
206	0	0.7.47.115074	0	0.00395616
206	0	0.7.47.1151179	0	0.00395616
206	0	0.7.47.1152401	0	0.00395616
206	0	0.7.47.1152600	0	0.00395616
206	0	0.7.47.1152877	0	0.00395616
206	0	0.7.47.1154247	0	0.00395616
206	0	0.7.47.1155889	0	0.00395616
206	0	0.7.47.1156171	0	0.00395616
206	0	0.7.47.1156362	0	0.00395616
206	0	0.7.47.115714	0	0.00395616
206	0	0.7.47.1157228	0	0.00395616
206	0	0.7.47.1157793	0	0.00395616
206	0	0.7.47.1158	0	0.02492291
206	0	0.7.47.1159839	0	0.00395616
206	0	0.7.47.1160542	0	0.02492291
206	0	0.7.47.1160576	0	0.02492291
206	0	0.7.47.1161272	0	0.00395616
206	0	0.7.47.1161517	0	0.02492291
206	0	0.7.47.1162913	0	0.00395616
206	0	0.7.47.1162994	0	0.02492291
206	0	0.7.47.1163001	0	0.02492291
206	0	0.7.47.1163263	0	0.00395616
206	0	0.7.47.1164355	0	0.00395616
206	0	0.7.47.116440	0	0.00395616
206	0	0.7.47.1164407	0	0.00395616
206	0	0.7.47.1166957	0	0.00395616
206	0	0.7.47.1167259	0	0.02251507
206	0	0.7.47.1168371	0	0.02492291
206	0	0.7.47.1168461	0	0.02492291
206	0	0.7.47.1168477	0	0.02492291
206	0	0.7.47.1168864	0	0.00395616
206	0	0.7.47.1172423	0	0.00395616
206	0	0.7.47.117381	0	0.00395616
206	0	0.7.47.1174110	0	0.00395616
206	0	0.7.47.1174151	0	0.00395616
206	0	0.7.47.1174870	0	0.00395616
206	0	0.7.47.1175234	0	0.00395616
206	0	0.7.47.11758	0	0.00395616
206	0	0.7.47.117592	0	0.00395616
206	0	0.7.47.1179092	0	0.00395616
206	0	0.7.47.1181	0	0.02492291
206	0	0.7.47.118111	0	0.02492291
206	0	0.7.47.1184447	0	0.00395616
206	0	0.7.47.118514	-1	0.00395616
206	0	0.7.47.1185667	-1	0.00395616
206	0	0.7.47.1186558	-1	0.00395616
206	0	0.7.47.1187279	-1	0.02492291
206	0	0.7.47.1188370	0	0.02251507
206	0	0.7.47.1188616	0	0.00395616
206	0	0.7.47.1191813	0	0.00395616
206	0	0.7.47.1192	0	0.02492291
206	0	0.7.47.1195421	0	0.00395616
206	0	0.7.47.1197203	0	0.08547009
206	0	0.7.47.119846	-2	0.02492291
206	0	0.7.47.1199471	0	0.00395616
206	0	0.7.47.1200068	0	0.00395616
206	0	0.7.47.120604	0	0.02251507
206	0	0.7.47.1206555	0	0.00395616
206	0	0.7.47.121233	0	0.02492291
206	0	0.7.47.1219854	0	0.00395616
206	0	0.7.47.1221647	0	0.00395616
206	0	0.7.47.1227804	0	0.00395616
206	0	0.7.47.1228849	0	0.00395616
206	0	0.7.47.123100	0	0.00395616
206	0	0.7.47.1232686	0	0.00395616
206	0	0.7.47.1233715	0	0.00395616
206	0	0.7.47.1233911	0	0.02338009
206	0	0.7.47.1234451	0	0.00395616
206	0	0.7.47.1235169	0	0.00395616
206	0	0.7.47.123649	0	0.02251507
206	0	0.7.47.1236536	1	0.00395616
206	0	0.7.47.1237287	1	0.4285714
206	0	0.7.47.1237664	0	0.00395616
206	0	0.7.47.1238105	0	0.00395616
206	0	0.7.47.1238597	0	0.00395616
206	0	0.7.47.1238722	0	0.02251507
206	0	0.7.47.1239394	1	0.02251507
206	0	0.7.47.1240062	0	0.02492291
206	0	0.7.47.1240695	0	0.00395616
206	0	0.7.47.1240949	0	0.02492291
206	0	0.7.47.124213	0	0.00395616
206	0	0.7.47.124346	0	0.00395616
206	0	0.7.47.124582	0	0.00395616
206	0	0.7.47.12538	0	0.00395616
206	0	0.7.47.1272	0	0.02492291
206	0	0.7.47.12902	0	0.00395616
206	0	0.7.47.1293559	0	0.00395616
206	0	0.7.47.1293602	0	0.00395616
206	0	0.7.47.1293787	0	0.00395616
206	0	0.7.47.1293885	0	0.00395616
206	0	0.7.47.129509	0	0.00395616
206	0	0.7.47.1297272	0	0.00395616
206	0	0.7.47.1297944	-1	0.00395616
206	0	0.7.47.130020	0	0.00395616
206	0	0.7.47.1300517	0	0.00395616
206	0	0.7.47.130096	0	0.00395616
206	0	0.7.47.1301282	0	0.00395616
206	0	0.7.47.1301566	0	0.00395616
206	0	0.7.47.1301779	0	0.00395616
206	0	0.7.47.1301799	0	0.00395616
206	0	0.7.47.130232	0	0.00395616
206	0	0.7.47.1302623	0	0.00395616
206	0	0.7.47.1302810	0	0.00395616
206	0	0.7.47.1303438	0	0.00395616
206	0	0.7.47.1304322	0	0.00395616
206	0	0.7.47.1304438	0	0.02251507
206	0	0.7.47.1304759	0	0.00395616
206	0	0.7.47.1304999	0	0.00395616
206	0	0.7.47.1305529	0	0.00395616
206	0	0.7.47.1306127	0	0.00395616
206	0	0.7.47.1306613	1	0.4285714
206	0	0.7.47.1307387	0	0.00395616
206	0	0.7.47.1308934	0	0.00395616
206	0	0.7.47.131052	0	0.00395616
206	0	0.7.47.1310650	0	0.00395616
206	0	0.7.47.1311352	0	0.00395616
206	0	0.7.47.1311731	0	0.00395616
206	0	0.7.47.1312765	0	0.00395616
206	0	0.7.47.1312851	0	0.00395616
206	0	0.7.47.1312955	0	0.00395616
206	0	0.7.47.1313210	0	0.00395616
206	0	0.7.47.1314376	0	0.00395616
206	0	0.7.47.131702	0	0.00395616
206	0	0.7.47.131734	0	0.00395616
206	0	0.7.47.1317660	0	0.00395616
206	0	0.7.47.132048	0	0.00395616
206	0	0.7.47.1321119	0	0.00395616
206	0	0.7.47.1326147	0	0.00395616
206	0	0.7.47.1327505	0	0.00395616
206	0	0.7.47.132760	0	0.00395616
206	0	0.7.47.1328465	0	0.00395616
206	0	0.7.47.1329569	0	0.00395616
206	0	0.7.47.1330459	0	0.00395616
206	0	0.7.47.1331325	0	0.00395616
206	0	0.7.47.1332729	0	0.00395616
206	0	0.7.47.1332821	0	0.00395616
206	0	0.7.47.1332836	0	0.00395616
206	0	0.7.47.1334604	0	0.00395616
206	0	0.7.47.1337413	0	0.02492291
206	0	0.7.47.1339635	0	0.00395616
206	0	0.7.47.1341872	0	0.00395616
206	0	0.7.47.1342237	0	0.00395616
206	0	0.7.47.1343141	0	0.00395616
206	0	0.7.47.1343546	0	0.00395616
206	0	0.7.47.1343931	0	0.02251507
206	0	0.7.47.1344493	0	0.02251507
206	0	0.7.47.1344649	0	0.00395616
206	0	0.7.47.1345644	0	0.00395616
206	0	0.7.47.1345678	0	0.00395616
206	0	0.7.47.1345765	0	0.00395616
206	0	0.7.47.1345901	0	0.02492291
206	0	0.7.47.1346213	0	0.02251507
206	0	0.7.47.1347316	0	0.00395616
206	0	0.7.47.1347344	0	0.00395616
206	0	0.7.47.1351838	0	0.00395616
206	0	0.7.47.1352775	0	0.00395616
206	0	0.7.47.1353204	0	0.00395616
206	0	0.7.47.1355533	0	0.00395616
206	0	0.7.47.1356164	0	0.00395616
206	0	0.7.47.1356288	1	0.08547009
206	0	0.7.47.1356972	0	0.00395616
206	0	0.7.47.1358659	0	0.00395616
206	0	0.7.47.1359364	1	0.08547009
206	0	0.7.47.1359433	0	0.00395616
206	0	0.7.47.1359493	0	0.00395616
206	0	0.7.47.1359695	0	0.00395616
206	0	0.7.47.1360404	0	0.00395616
206	0	0.7.47.1361090	0	0.00395616
206	0	0.7.47.1361409	0	0.00395616
206	0	0.7.47.1361673	0	0.00395616
206	0	0.7.47.1361852	0	0.00395616
206	0	0.7.47.1361984	0	0.02492291
206	0	0.7.47.1363211	0	0.00395616
206	0	0.7.47.1363370	-2	0.02492291
206	0	0.7.47.1365313	-1	0.00395616
206	0	0.7.47.1365569	-2	0.00395616
206	0	0.7.47.1365803	0	0.02492291
206	0	0.7.47.1366073	-1	0.00395616
206	0	0.7.47.1366160	0	0.00395616
206	0	0.7.47.136666	0	0.00395616
206	0	0.7.47.1366851	-2	0.00395616
206	0	0.7.47.1367120	-1	0.00395616
206	0	0.7.47.1367758	0	0.00395616
206	0	0.7.47.1368970	0	0.00395616
206	0	0.7.47.1369895	0	0.00395616
206	0	0.7.47.1372204	0	0.00395616
206	0	0.7.47.1372509	0	0.00395616
206	0	0.7.47.1373145	0	0.02338009
206	0	0.7.47.1375770	0	0.00395616
206	0	0.7.47.137685	0	0.00395616
206	0	0.7.47.1376864	0	0.02492291
206	0	0.7.47.1380438	0	0.00395616
206	0	0.7.47.1381743	0	0.00395616
206	0	0.7.47.1382419	0	0.00395616
206	0	0.7.47.138302	-2	0.02251507
206	0	0.7.47.138322	0	0.02251507
206	0	0.7.47.138374	0	0.02251507
206	0	0.7.47.1383920	0	0.00395616
206	0	0.7.47.1388286	0	0.00395616
206	0	0.7.47.1391743	0	0.02338009
206	0	0.7.47.1392734	0	0.00395616
206	0	0.7.47.139276	0	0.00395616
206	0	0.7.47.1396116	0	0.02251507
206	0	0.7.47.1396939	0	0.00395616
206	0	0.7.47.1397158	-1	0.02492291
206	0	0.7.47.1397162	0	0.00395616
206	0	0.7.47.1397532	-1	0.02492291
206	0	0.7.47.1397533	0	0.00395616
206	0	0.7.47.1397813	0	0.02492291
206	0	0.7.47.1398097	0	0.00395616
206	0	0.7.47.1399	0	0.02492291
206	0	0.7.47.1401164	0	0.02492291
206	0	0.7.47.1402229	0	0.00395616
206	0	0.7.47.140245	0	0.02492291
206	0	0.7.47.1402604	0	0.00395616
206	0	0.7.47.1404348	0	0.00395616
206	0	0.7.47.1405021	0	0.00395616
206	0	0.7.47.1405673	0	0.00395616
206	0	0.7.47.140572	0	0.00395616
206	0	0.7.47.1406179	0	0.02492291
206	0	0.7.47.1406476	0	0.00395616
206	0	0.7.47.1406972	0	0.00395616
206	0	0.7.47.1406983	0	0.00395616
206	0	0.7.47.1407624	0	0.00395616
206	0	0.7.47.1409146	0	0.00395616
206	0	0.7.47.1409274	0	0.00395616
206	0	0.7.47.1409371	0	0.02492291
206	0	0.7.47.1409946	0	0.00395616
206	0	0.7.47.1411747	0	0.00395616
206	0	0.7.47.1413004	0	0.00395616
206	0	0.7.47.1413836	0	0.00395616
206	0	0.7.47.1414444	0	0.00395616
206	0	0.7.47.1415043	0	0.00395616
206	0	0.7.47.1415280	0	0.00395616
206	0	0.7.47.1415543	0	0.00395616
206	0	0.7.47.1415880	0	0.02492291
206	0	0.7.47.1415965	0	0.02492291
206	0	0.7.47.1416139	0	0.00395616
206	0	0.7.47.1416259	0	0.02251507
206	0	0.7.47.1416768	0	0.00395616
206	0	0.7.47.141719	0	0.02492291
206	0	0.7.47.1417254	0	0.02251507
206	0	0.7.47.1417558	0	0.02251507
206	0	0.7.47.1417568	0	0.02338009
206	0	0.7.47.1418165	0	0.00395616
206	0	0.7.47.1418299	0	0.02251507
206	0	0.7.47.1418591	0	0.00395616
206	0	0.7.47.1418956	0	0.00395616
206	0	0.7.47.1418984	0	0.02251507
206	0	0.7.47.1419081	0	0.00395616
206	0	0.7.47.1419764	0	0.00395616
206	0	0.7.47.142023	0	0.02492291
206	0	0.7.47.1420301	0	0.02492291
206	0	0.7.47.142033	0	0.00395616
206	0	0.7.47.142040	0	0.02492291
206	0	0.7.47.142041	0	0.02492291
206	0	0.7.47.1420480	0	0.00395616
206	0	0.7.47.1420605	0	0.02492291
206	0	0.7.47.1421493	0	0.00395616
206	0	0.7.47.1422134	0	0.02492291
206	0	0.7.47.1422164	0	0.02492291
206	0	0.7.47.1422654	0	0.02338009
206	0	0.7.47.1422782	0	0.02492291
206	0	0.7.47.1423321	0	0.02492291
206	0	0.7.47.142544	0	0.02492291
206	0	0.7.47.142564	0	0.00395616
206	0	0.7.47.1425731	0	0.02492291
206	0	0.7.47.1425797	0	0.00395616
206	0	0.7.47.1426122	0	0.02492291
206	0	0.7.47.1426517	0	0.00395616
206	0	0.7.47.1426592	0	0.00395616
206	0	0.7.47.142665	0	0.00395616
206	0	0.7.47.1426789	0	0.00395616
206	0	0.7.47.1426859	0	0.02492291
206	0	0.7.47.1426986	0	0.02492291
206	0	0.7.47.1427378	0	0.02492291
206	0	0.7.47.1427722	0	0.00395616
206	0	0.7.47.1427918	1	0.00395616
206	0	0.7.47.1427935	0	0.00395616
206	0	0.7.47.1428009	0	0.00395616
206	0	0.7.47.14317	0	0.00395616
206	0	0.7.47.1434885	0	0.00395616
206	0	0.7.47.1435681	0	0.00395616
206	0	0.7.47.1436531	0	0.00395616
206	0	0.7.47.1439930	0	0.00395616
206	0	0.7.47.1441906	0	0.02251507
206	0	0.7.47.1441915	0	0.00395616
206	0	0.7.47.1442503	0	0.00395616
206	0	0.7.47.1442581	0	0.00395616
206	0	0.7.47.1442787	0	0.00395616
206	0	0.7.47.1442907	0	0.00395616
206	0	0.7.47.1442912	0	0.02492291
206	0	0.7.47.1442958	0	0.00395616
206	0	0.7.47.14434	0	0.02492291
206	0	0.7.47.1443419	0	0.00395616
206	0	0.7.47.1443431	0	0.02251507
206	0	0.7.47.1443480	0	0.00395616
206	0	0.7.47.1443728	0	0.02492291
206	0	0.7.47.1444329	0	0.02492291
206	0	0.7.47.1444347	0	0.02251507
206	0	0.7.47.1444448	0	0.00395616
206	0	0.7.47.1446302	0	0.02492291
206	0	0.7.47.1447138	0	0.00395616
206	0	0.7.47.1447262	0	0.02492291
206	0	0.7.47.14473	0	0.00395616
206	0	0.7.47.1448018	0	0.02338009
206	0	0.7.47.1449015	0	0.02492291
206	0	0.7.47.144931	0	0.00395616
206	0	0.7.47.1449480	0	0.00395616
206	0	0.7.47.1449491	-1	0.02492291
206	0	0.7.47.1451511	0	0.00395616
206	0	0.7.47.1451671	0	0.00395616
206	0	0.7.47.1452027	0	0.00395616
206	0	0.7.47.14523	0	0.02338009
206	0	0.7.47.145278	0	0.00395616
206	0	0.7.47.1453859	0	0.00395616
206	0	0.7.47.145406	0	0.02251507
206	0	0.7.47.1454188	0	0.00395616
206	0	0.7.47.1454200	0	0.00395616
206	0	0.7.47.145464	0	0.00395616
206	0	0.7.47.145549	0	0.02492291
206	0	0.7.47.145578	0	0.00395616
206	0	0.7.47.14569	0	0.00395616
206	0	0.7.47.14746	0	0.02251507
206	0	0.7.47.147560	0	0.00395616
206	0	0.7.47.148145	0	0.00395616
206	0	0.7.47.148452	0	0.00395616
206	0	0.7.47.149984	0	0.02492291
206	0	0.7.47.150002	0	0.00395616
206	0	0.7.47.150852	-1	0.02338009
206	0	0.7.47.151173	0	0.00395616
206	0	0.7.47.151255	0	0.00395616
206	0	0.7.47.15141	0	0.00395616
206	0	0.7.47.151657	0	0.00395616
206	0	0.7.47.152608	0	0.00395616
206	0	0.7.47.152988	0	0.00395616
206	0	0.7.47.1530	0	0.02492291
206	0	0.7.47.154753	0	0.02492291
206	0	0.7.47.154835	0	0.02492291
206	0	0.7.47.154989	0	0.02492291
206	0	0.7.47.15544	0	0.02251507
206	0	0.7.47.156960	0	0.02492291
206	0	0.7.47.157718	0	0.00395616
206	0	0.7.47.1604	0	0.02492291
206	0	0.7.47.161967	0	0.00395616
206	0	0.7.47.164048	0	0.00395616
206	0	0.7.47.164225	0	0.00395616
206	0	0.7.47.165538	0	0.02492291
206	0	0.7.47.165992	0	0.00395616
206	0	0.7.47.166646	0	0.00395616
206	0	0.7.47.1678	0	0.02492291
206	0	0.7.47.171286	0	0.02251507
206	0	0.7.47.171882	0	0.00395616
206	0	0.7.47.172849	0	0.00395616
206	0	0.7.47.173012	0	0.00395616
206	0	0.7.47.1734	0	0.00395616
206	0	0.7.47.175168	0	0.00395616
206	0	0.7.47.175838	0	0.00395616
206	0	0.7.47.17693	0	0.02251507
206	0	0.7.47.177090	0	0.00395616
206	0	0.7.47.178076	0	0.00395616
206	0	0.7.47.178670	0	0.00395616
206	0	0.7.47.179239	0	0.00395616
206	0	0.7.47.179323	0	0.00395616
206	0	0.7.47.179640	0	0.00395616
206	0	0.7.47.180697	0	0.00395616
206	0	0.7.47.180739	0	0.00395616
206	0	0.7.47.182267	0	0.00395616
206	0	0.7.47.182476	0	0.00395616
206	0	0.7.47.1825	0	0.02492291
206	0	0.7.47.182803	0	0.00395616
206	0	0.7.47.183303	0	0.00395616
206	0	0.7.47.183684	0	0.00395616
206	0	0.7.47.183776	0	0.00395616
206	0	0.7.47.184348	0	0.00395616
206	0	0.7.47.184395	0	0.00395616
206	0	0.7.47.1845	0	0.02251507
206	0	0.7.47.1846	0	0.02338009
206	0	0.7.47.185108	0	0.00395616
206	0	0.7.47.186162	0	0.00395616
206	0	0.7.47.187106	0	0.00395616
206	0	0.7.47.187624	0	0.02251507
206	0	0.7.47.1877	0	0.02492291
206	0	0.7.47.189889	0	0.00395616
206	0	0.7.47.190727	0	0.00395616
206	0	0.7.47.19125	0	0.02492291
206	0	0.7.47.194442	0	0.00395616
206	0	0.7.47.196638	0	0.00395616
206	0	0.7.47.19678	0	0.00395616
206	0	0.7.47.196915	0	0.00395616
206	0	0.7.47.196959	0	0.00395616
206	0	0.7.47.197008	0	0.00395616
206	0	0.7.47.198183	0	0.00395616
206	0	0.7.47.19832	0	0.00395616
206	0	0.7.47.198424	0	0.00395616
206	0	0.7.47.199199	0	0.00395616
206	0	0.7.47.19979	0	0.00395616
206	0	0.7.47.199861	0	0.00395616
206	0	0.7.47.200158	0	0.00395616
206	0	0.7.47.20153	0	0.02338009
206	0	0.7.47.202036	0	0.00395616
206	0	0.7.47.202276	0	0.02338009
206	0	0.7.47.202516	0	0.00395616
206	0	0.7.47.203512	0	0.02338009
206	0	0.7.47.203711	0	0.02251507
206	0	0.7.47.20431	0	0.02492291
206	0	0.7.47.204494	0	0.00395616
206	0	0.7.47.2046	0	0.02492291
206	0	0.7.47.205319	0	0.00395616
206	0	0.7.47.206343	0	0.00395616
206	0	0.7.47.206369	0	0.00395616
206	0	0.7.47.208583	0	0.00395616
206	0	0.7.47.209166	0	0.00395616
206	0	0.7.47.212255	1	0.08547009
206	0	0.7.47.212314	0	0.00395616
206	0	0.7.47.212453	0	0.00395616
206	0	0.7.47.213545	0	0.00395616
206	0	0.7.47.214959	0	0.00395616
206	0	0.7.47.214965	0	0.02251507
206	0	0.7.47.215348	0	0.02492291
206	0	0.7.47.216542	0	0.02251507
206	0	0.7.47.216557	0	0.00395616
206	0	0.7.47.217322	0	0.02251507
206	0	0.7.47.217581	0	0.00395616
206	0	0.7.47.217927	0	0.00395616
206	0	0.7.47.2182	0	0.00395616
206	0	0.7.47.218673	0	0.00395616
206	0	0.7.47.219136	0	0.02492291
206	0	0.7.47.219217	0	0.00395616
206	0	0.7.47.222052	0	0.00395616
206	0	0.7.47.224554	0	0.02492291
206	0	0.7.47.224726	0	0.00395616
206	0	0.7.47.224858	0	0.00395616
206	0	0.7.47.224978	0	0.00395616
206	0	0.7.47.225594	0	0.00395616
206	0	0.7.47.225885	0	0.00395616
206	0	0.7.47.225918	0	0.00395616
206	0	0.7.47.226026	0	0.00395616
206	0	0.7.47.226331	0	0.02251507
206	0	0.7.47.226427	0	0.00395616
206	0	0.7.47.226480	0	0.00395616
206	0	0.7.47.226656	0	0.00395616
206	0	0.7.47.226904	0	0.00395616
206	0	0.7.47.227405	0	0.00395616
206	0	0.7.47.228391	0	0.00395616
206	0	0.7.47.228567	0	0.00395616
206	0	0.7.47.230457	0	0.02251507
206	0	0.7.47.230623	0	0.02251507
206	0	0.7.47.230763	0	0.02251507
206	0	0.7.47.230785	0	0.00395616
206	0	0.7.47.231719	0	0.02251507
206	0	0.7.47.233030	0	0.02251507
206	0	0.7.47.233263	0	0.00395616
206	0	0.7.47.233359	0	0.00395616
206	0	0.7.47.233915	0	0.00395616
206	0	0.7.47.234501	0	0.00395616
206	0	0.7.47.234980	0	0.02251507
206	0	0.7.47.235158	0	0.00395616
206	0	0.7.47.235466	0	0.00395616
206	0	0.7.47.23583	0	0.00395616
206	0	0.7.47.236028	0	0.00395616
206	0	0.7.47.23675	0	0.00395616
206	0	0.7.47.23745	0	0.00395616
206	0	0.7.47.24007	0	0.00395616
206	0	0.7.47.24097	0	0.00395616
206	0	0.7.47.245778	0	0.00395616
206	0	0.7.47.245904	0	0.02251507
206	0	0.7.47.246535	0	0.00395616
206	0	0.7.47.24657	0	0.00395616
206	0	0.7.47.247294	0	0.00395616
206	0	0.7.47.247641	0	0.00395616
206	0	0.7.47.24790	0	0.02492291
206	0	0.7.47.249263	0	0.00395616
206	0	0.7.47.250213	0	0.00395616
206	0	0.7.47.2508	0	0.00395616
206	0	0.7.47.251685	0	0.00395616
206	0	0.7.47.251819	0	0.00395616
206	0	0.7.47.251834	0	0.00395616
206	0	0.7.47.2530	0	0.02251507
206	0	0.7.47.259472	0	0.00395616
206	0	0.7.47.261048	0	0.00395616
206	0	0.7.47.26105	0	0.00395616
206	0	0.7.47.2638	0	0.00395616
206	0	0.7.47.264486	0	0.00395616
206	0	0.7.47.264688	0	0.00395616
206	0	0.7.47.265425	0	0.00395616
206	0	0.7.47.265734	0	0.00395616
206	0	0.7.47.267795	0	0.00395616
206	0	0.7.47.267830	0	0.00395616
206	0	0.7.47.269523	0	0.00395616
206	0	0.7.47.27004	0	0.00395616
206	0	0.7.47.270818	0	0.00395616
206	0	0.7.47.275118	0	0.00395616
206	0	0.7.47.276332	0	0.00395616
206	0	0.7.47.277151	0	0.00395616
206	0	0.7.47.27732	0	0.00395616
206	0	0.7.47.27924	0	0.00395616
206	0	0.7.47.280691	0	0.02338009
206	0	0.7.47.281015	0	0.00395616
206	0	0.7.47.281575	0	0.00395616
206	0	0.7.47.282799	0	0.02338009
206	0	0.7.47.282803	0	0.02492291
206	0	0.7.47.283397	0	0.02492291
206	0	0.7.47.283488	1	0.08547009
206	0	0.7.47.284173	0	0.00395616
206	0	0.7.47.28423	0	0.00395616
206	0	0.7.47.284672	0	0.00395616
206	0	0.7.47.284702	0	0.00395616
206	0	0.7.47.284816	0	0.00395616
206	0	0.7.47.285228	0	0.00395616
206	0	0.7.47.285427	0	0.00395616
206	0	0.7.47.286980	0	0.00395616
206	0	0.7.47.28826	0	0.00395616
206	0	0.7.47.28936	0	0.00395616
206	0	0.7.47.290362	-1	0.00395616
206	0	0.7.47.2904	0	0.00395616
206	0	0.7.47.29137	0	0.00395616
206	0	0.7.47.292410	0	0.00395616
206	0	0.7.47.293004	0	0.02492291
206	0	0.7.47.293309	0	0.00395616
206	0	0.7.47.293633	0	0.00395616
206	0	0.7.47.29634	0	0.02492291
206	0	0.7.47.297105	0	0.00395616
206	0	0.7.47.297548	0	0.00395616
206	0	0.7.47.299509	0	0.00395616
206	0	0.7.47.2996	0	0.00395616
206	0	0.7.47.299803	0	0.00395616
206	0	0.7.47.300742	0	0.00395616
206	0	0.7.47.301212	0	0.02492291
206	0	0.7.47.301229	-2	0.02251507
206	0	0.7.47.301294	0	0.02251507
206	0	0.7.47.301304	0	0.02492291
206	0	0.7.47.301497	0	0.02251507
206	0	0.7.47.301513	0	0.02251507
206	0	0.7.47.301831	0	0.00395616
206	0	0.7.47.301909	0	0.00395616
206	0	0.7.47.302395	0	0.02492291
206	0	0.7.47.303983	0	0.02338009
206	0	0.7.47.30529	0	0.00395616
206	0	0.7.47.310184	0	0.00395616
206	0	0.7.47.312590	0	0.00395616
206	0	0.7.47.313803	0	0.00395616
206	0	0.7.47.314565	0	0.00395616
206	0	0.7.47.315060	0	0.00395616
206	0	0.7.47.315662	0	0.00395616
206	0	0.7.47.315943	0	0.00395616
206	0	0.7.47.316895	0	0.00395616
206	0	0.7.47.318268	0	0.00395616
206	0	0.7.47.318440	0	0.00395616
206	0	0.7.47.318928	0	0.00395616
206	0	0.7.47.319041	0	0.00395616
206	0	0.7.47.319517	0	0.00395616
206	0	0.7.47.319863	0	0.00395616
206	0	0.7.47.319892	0	0.00395616
206	0	0.7.47.319904	0	0.00395616
206	0	0.7.47.321255	0	0.00395616
206	0	0.7.47.321347	0	0.02492291
206	0	0.7.47.321779	0	0.00395616
206	0	0.7.47.323102	0	0.00395616
206	0	0.7.47.32323	-1	0.00395616
206	0	0.7.47.32556	-1	0.00395616
206	0	0.7.47.326216	0	0.00395616
206	0	0.7.47.328404	0	0.00395616
206	0	0.7.47.328555	0	0.02492291
206	0	0.7.47.328574	1	0.00395616
206	0	0.7.47.3287	0	0.00395616
206	0	0.7.47.330004	0	0.00395616
206	0	0.7.47.330788	0	0.02492291
206	0	0.7.47.330923	0	0.02492291
206	0	0.7.47.33365	1	0.00395616
206	0	0.7.47.334586	0	0.00395616
206	0	0.7.47.335483	0	0.00395616
206	0	0.7.47.335588	0	0.02492291
206	0	0.7.47.335645	0	0.00395616
206	0	0.7.47.338906	0	0.02251507
206	0	0.7.47.339421	0	0.00395616
206	0	0.7.47.340812	0	0.00395616
206	0	0.7.47.341423	1	0.02492291
206	0	0.7.47.342233	0	0.00395616
206	0	0.7.47.344152	0	0.00395616
206	0	0.7.47.344608	0	0.00395616
206	0	0.7.47.345444	0	0.00395616
206	0	0.7.47.349388	0	0.00395616
206	0	0.7.47.349534	-2	0.00395616
206	0	0.7.47.349648	0	0.00395616
206	0	0.7.47.350998	0	0.02492291
206	0	0.7.47.351112	0	0.00395616
206	0	0.7.47.35222	0	0.02492291
206	0	0.7.47.352741	0	0.00395616
206	0	0.7.47.352810	0	0.00395616
206	0	0.7.47.353145	0	0.00395616
206	0	0.7.47.353652	0	0.00395616
206	0	0.7.47.354	0	0.02492291
206	0	0.7.47.354329	0	0.00395616
206	0	0.7.47.355484	0	0.00395616
206	0	0.7.47.356112	0	0.00395616
206	0	0.7.47.356190	0	0.00395616
206	0	0.7.47.356512	0	0.00395616
206	0	0.7.47.356888	0	0.00395616
206	0	0.7.47.358429	0	0.00395616
206	0	0.7.47.358577	0	0.00395616
206	0	0.7.47.358851	0	0.00395616
206	0	0.7.47.358922	0	0.00395616
206	0	0.7.47.359957	0	0.00395616
206	0	0.7.47.361362	0	0.02492291
206	0	0.7.47.361815	0	0.00395616
206	0	0.7.47.362390	0	0.02251507
206	0	0.7.47.362491	0	0.02251507
206	0	0.7.47.362524	0	0.02251507
206	0	0.7.47.362558	0	0.02251507
206	0	0.7.47.362627	0	0.02251507
206	0	0.7.47.362628	0	0.02251507
206	0	0.7.47.362907	0	0.02251507
206	0	0.7.47.362974	0	0.02251507
206	0	0.7.47.363071	0	0.02251507
206	0	0.7.47.363744	0	0.00395616
206	0	0.7.47.3650	0	0.02251507
206	0	0.7.47.365052	0	0.02492291
206	0	0.7.47.365155	0	0.00395616
206	0	0.7.47.366221	0	0.00395616
206	0	0.7.47.367788	0	0.00395616
206	0	0.7.47.368511	0	0.00395616
206	0	0.7.47.369059	0	0.00395616
206	0	0.7.47.37012	0	0.00395616
206	0	0.7.47.372323	-1	0.00395616
206	0	0.7.47.372331	-1	0.00395616
206	0	0.7.47.372814	0	0.00395616
206	0	0.7.47.374088	0	0.00395616
206	0	0.7.47.37465	0	0.02492291
206	0	0.7.47.376702	0	0.00395616
206	0	0.7.47.3771	0	0.02251507
206	0	0.7.47.3772	0	0.02492291
206	0	0.7.47.377362	0	0.00395616
206	0	0.7.47.37799	0	0.00395616
206	0	0.7.47.379040	0	0.02492291
206	0	0.7.47.3797	0	0.00395616
206	0	0.7.47.38392	0	0.00395616
206	0	0.7.47.386758	0	0.02338009
206	0	0.7.47.387251	0	0.02492291
206	0	0.7.47.387461	0	0.02492291
206	0	0.7.47.387531	0	0.02251507
206	0	0.7.47.387646	0	0.02492291
206	0	0.7.47.387695	0	0.02251507
206	0	0.7.47.387820	0	0.02251507
206	0	0.7.47.387893	0	0.02251507
206	0	0.7.47.388105	0	0.02251507
206	0	0.7.47.388187	0	0.02492291
206	0	0.7.47.388379	0	0.02251507
206	0	0.7.47.388398	0	0.02251507
206	0	0.7.47.38845	0	0.00395616
206	0	0.7.47.388456	0	0.02251507
206	0	0.7.47.3885	0	0.02492291
206	0	0.7.47.388529	0	0.02251507
206	0	0.7.47.388844	0	0.02251507
206	0	0.7.47.388878	0	0.02251507
206	0	0.7.47.388983	0	0.02251507
206	0	0.7.47.389006	0	0.02251507
206	0	0.7.47.389133	-2	0.02251507
206	0	0.7.47.389296	0	0.02251507
206	0	0.7.47.390189	0	0.00395616
206	0	0.7.47.390722	0	0.00395616
206	0	0.7.47.391161	1	0.1269841
206	0	0.7.47.391183	0	0.02251507
206	0	0.7.47.391973	0	0.00395616
206	0	0.7.47.392433	0	0.00395616
206	0	0.7.47.3954	0	0.02492291
206	0	0.7.47.39938	1	0.02492291
206	0	0.7.47.406151	0	0.00395616
206	0	0.7.47.406845	1	0.02492291
206	0	0.7.47.406866	0	0.02492291
206	0	0.7.47.407258	0	0.00395616
206	0	0.7.47.407329	0	0.00395616
206	0	0.7.47.408650	0	0.02492291
206	0	0.7.47.409083	0	0.00395616
206	0	0.7.47.409558	0	0.02492291
206	0	0.7.47.409703	0	0.00395616
206	0	0.7.47.410230	-2	0.02251507
206	0	0.7.47.410267	0	0.00395616
206	0	0.7.47.410969	0	0.00395616
206	0	0.7.47.411111	0	0.00395616
206	0	0.7.47.412284	0	0.00395616
206	0	0.7.47.412430	0	0.02492291
206	0	0.7.47.41314	0	0.00395616
206	0	0.7.47.413547	0	0.00395616
206	0	0.7.47.41370	0	0.02338009
206	0	0.7.47.413739	0	0.02251507
206	0	0.7.47.413768	0	0.00395616
206	0	0.7.47.413964	0	0.00395616
206	0	0.7.47.41436	0	0.00395616
206	0	0.7.47.414864	0	0.00395616
206	0	0.7.47.415098	0	0.00395616
206	0	0.7.47.415350	0	0.02338009
206	0	0.7.47.415410	0	0.00395616
206	0	0.7.47.415777	0	0.02492291
206	0	0.7.47.416315	0	0.00395616
206	0	0.7.47.416968	0	0.00395616
206	0	0.7.47.41705	0	0.00395616
206	0	0.7.47.417561	0	0.02251507
206	0	0.7.47.417684	1	0.02251507
206	0	0.7.47.419015	0	0.00395616
206	0	0.7.47.419376	0	0.02492291
206	0	0.7.47.41939	0	0.00395616
206	0	0.7.47.419596	0	0.00395616
206	0	0.7.47.419875	0	0.02251507
206	0	0.7.47.419881	0	0.00395616
206	0	0.7.47.419963	0	0.02251507
206	0	0.7.47.420291	0	0.00395616
206	0	0.7.47.421758	0	0.00395616
206	0	0.7.47.42328	0	0.00395616
206	0	0.7.47.423393	0	0.00395616
206	0	0.7.47.423864	0	0.00395616
206	0	0.7.47.424297	0	0.00395616
206	0	0.7.47.424488	1	0.08547009
206	0	0.7.47.425139	0	0.00395616
206	0	0.7.47.425309	0	0.00395616
206	0	0.7.47.42690	0	0.02492291
206	0	0.7.47.428011	1	0.08547009
206	0	0.7.47.428378	0	0.02251507
206	0	0.7.47.430724	0	0.00395616
206	0	0.7.47.431647	0	0.02492291
206	0	0.7.47.432072	0	0.00395616
206	0	0.7.47.432209	0	0.02338009
206	0	0.7.47.43305	0	0.02492291
206	0	0.7.47.433727	0	0.00395616
206	0	0.7.47.43390	0	0.02492291
206	0	0.7.47.434097	-2	0.02251507
206	0	0.7.47.434189	0	0.02492291
206	0	0.7.47.435098	0	0.00395616
206	0	0.7.47.435234	0	0.02338009
206	0	0.7.47.435391	0	0.02338009
206	0	0.7.47.435593	0	0.02492291
206	0	0.7.47.436208	0	0.00395616
206	0	0.7.47.436741	0	0.02338009
206	0	0.7.47.437610	0	0.00395616
206	0	0.7.47.4387	0	0.02492291
206	0	0.7.47.441159	0	0.00395616
206	0	0.7.47.441707	0	0.02492291
206	0	0.7.47.443684	0	0.00395616
206	0	0.7.47.444026	0	0.00395616
206	0	0.7.47.448877	0	0.00395616
206	0	0.7.47.448907	0	0.00395616
206	0	0.7.47.449728	0	0.00395616
206	0	0.7.47.451201	0	0.00395616
206	0	0.7.47.451267	0	0.00395616
206	0	0.7.47.451489	0	0.00395616
206	0	0.7.47.451639	0	0.00395616
206	0	0.7.47.451854	0	0.00395616
206	0	0.7.47.452269	0	0.00395616
206	0	0.7.47.453085	0	0.00395616
206	0	0.7.47.454380	0	0.00395616
206	0	0.7.47.454710	0	0.00395616
206	0	0.7.47.454719	0	0.00395616
206	0	0.7.47.45730	0	0.02251507
206	0	0.7.47.459100	0	0.00395616
206	0	0.7.47.459931	0	0.02251507
206	0	0.7.47.464603	-1	0.1269841
206	0	0.7.47.464719	0	0.00395616
206	0	0.7.47.464976	0	0.00395616
206	0	0.7.47.465557	-1	0.00395616
206	0	0.7.47.465567	-1	0.02492291
206	0	0.7.47.466222	0	0.00395616
206	0	0.7.47.466788	0	0.08547009
206	0	0.7.47.466848	0	0.00395616
206	0	0.7.47.467605	0	0.00395616
206	0	0.7.47.467609	0	0.00395616
206	0	0.7.47.467819	0	0.00395616
206	0	0.7.47.468551	0	0.00395616
206	0	0.7.47.469057	0	0.02492291
206	0	0.7.47.469166	0	0.02492291
206	0	0.7.47.469603	0	0.02492291
206	0	0.7.47.471554	0	0.00395616
206	0	0.7.47.473957	0	0.00395616
206	0	0.7.47.474565	0	0.00395616
206	0	0.7.47.475718	0	0.00395616
206	0	0.7.47.476348	0	0.02492291
206	0	0.7.47.476367	0	0.02492291
206	0	0.7.47.477293	0	0.00395616
206	0	0.7.47.477300	0	0.02492291
206	0	0.7.47.477445	0	0.00395616
206	0	0.7.47.477907	0	0.00395616
206	0	0.7.47.477981	0	0.00395616
206	0	0.7.47.478244	0	0.02251507
206	0	0.7.47.478500	0	0.02251507
206	0	0.7.47.478572	0	0.02251507
206	0	0.7.47.478821	0	0.02251507
206	0	0.7.47.478851	0	0.02251507
206	0	0.7.47.478985	0	0.02251507
206	0	0.7.47.479079	0	0.02251507
206	0	0.7.47.479651	0	0.02251507
206	0	0.7.47.479871	0	0.02251507
206	0	0.7.47.480075	0	0.02251507
206	0	0.7.47.480166	0	0.02251507
206	0	0.7.47.480282	0	0.02251507
206	0	0.7.47.480386	0	0.02251507
206	0	0.7.47.480521	0	0.02251507
206	0	0.7.47.480585	0	0.02251507
206	0	0.7.47.480840	0	0.02251507
206	0	0.7.47.480986	0	0.02251507
206	0	0.7.47.480987	0	0.02251507
206	0	0.7.47.481096	0	0.02251507
206	0	0.7.47.481170	0	0.02251507
206	0	0.7.47.481173	0	0.02251507
206	0	0.7.47.481249	0	0.02251507
206	0	0.7.47.481390	0	0.02251507
206	0	0.7.47.481444	0	0.02251507
206	0	0.7.47.481603	0	0.02251507
206	0	0.7.47.482052	0	0.02251507
206	0	0.7.47.482131	1	0.02251507
206	0	0.7.47.482185	0	0.02251507
206	0	0.7.47.482266	0	0.02251507
206	0	0.7.47.482492	0	0.02251507
206	0	0.7.47.482600	0	0.02251507
206	0	0.7.47.482754	0	0.02251507
206	0	0.7.47.482881	0	0.02251507
206	0	0.7.47.4837	0	0.00395616
206	0	0.7.47.483893	0	0.02492291
206	0	0.7.47.484040	0	0.02492291
206	0	0.7.47.484436	0	0.02492291
206	0	0.7.47.485326	0	0.00395616
206	0	0.7.47.487275	0	0.02251507
206	0	0.7.47.487488	0	0.00395616
206	0	0.7.47.489498	1	0.00395616
206	0	0.7.47.489648	0	0.00395616
206	0	0.7.47.489806	0	0.02251507
206	0	0.7.47.490528	0	0.02492291
206	0	0.7.47.4990	0	0.02492291
206	0	0.7.47.5015	0	0.02492291
206	0	0.7.47.501737	0	0.02251507
206	0	0.7.47.501836	1	0.02251507
206	0	0.7.47.501843	0	0.02251507
206	0	0.7.47.5019	0	0.02492291
206	0	0.7.47.501983	0	0.02251507
206	0	0.7.47.501990	0	0.02492291
206	0	0.7.47.502078	0	0.02492291
206	0	0.7.47.502127	0	0.02251507
206	0	0.7.47.502216	0	0.00395616
206	0	0.7.47.502328	0	0.02492291
206	0	0.7.47.502510	-2	0.02251507
206	0	0.7.47.502767	0	0.00395616
206	0	0.7.47.503928	0	0.02492291
206	0	0.7.47.504416	0	0.02251507
206	0	0.7.47.504442	0	0.00395616
206	0	0.7.47.504932	0	0.00395616
206	0	0.7.47.504957	0	0.02492291
206	0	0.7.47.505693	0	0.00395616
206	0	0.7.47.505748	0	0.00395616
206	0	0.7.47.505788	0	0.00395616
206	0	0.7.47.506556	0	0.02492291
206	0	0.7.47.507787	0	0.00395616
206	0	0.7.47.508961	0	0.00395616
206	0	0.7.47.509099	0	0.00395616
206	0	0.7.47.509942	0	0.00395616
206	0	0.7.47.510028	0	0.00395616
206	0	0.7.47.510263	0	0.00395616
206	0	0.7.47.513036	0	0.00395616
206	0	0.7.47.513196	0	0.00395616
206	0	0.7.47.514537	0	0.00395616
206	0	0.7.47.514746	0	0.02492291
206	0	0.7.47.516319	0	0.00395616
206	0	0.7.47.517654	0	0.1269841
206	0	0.7.47.518220	0	0.00395616
206	0	0.7.47.519133	0	0.00395616
206	0	0.7.47.519302	0	0.00395616
206	0	0.7.47.519341	0	0.00395616
206	0	0.7.47.519619	0	0.02251507
206	0	0.7.47.519818	0	0.00395616
206	0	0.7.47.519844	0	0.00395616
206	0	0.7.47.520326	0	0.00395616
206	0	0.7.47.520387	0	0.00395616
206	0	0.7.47.521109	0	0.00395616
206	0	0.7.47.521438	0	0.00395616
206	0	0.7.47.522369	-2	0.00395616
206	0	0.7.47.523285	0	0.02251507
206	0	0.7.47.523319	0	0.02492291
206	0	0.7.47.523569	0	0.00395616
206	0	0.7.47.523802	0	0.00395616
206	0	0.7.47.524034	0	0.02492291
206	0	0.7.47.5270	0	0.02492291
206	0	0.7.47.528566	0	0.02492291
206	0	0.7.47.530250	0	0.02492291
206	0	0.7.47.530388	1	0.02492291
206	0	0.7.47.530497	0	0.00395616
206	0	0.7.47.530664	0	0.02251507
206	0	0.7.47.531517	0	0.02251507
206	0	0.7.47.532740	1	0.02492291
206	0	0.7.47.532977	0	0.02251507
206	0	0.7.47.533708	0	0.00395616
206	0	0.7.47.533908	0	0.02492291
206	0	0.7.47.533946	0	0.02338009
206	0	0.7.47.534012	0	0.02492291
206	0	0.7.47.534668	0	0.02492291
206	0	0.7.47.534710	0	0.00395616
206	0	0.7.47.535270	0	0.02251507
206	0	0.7.47.536702	0	0.00395616
206	0	0.7.47.537938	0	0.02492291
206	0	0.7.47.539057	0	0.00395616
206	0	0.7.47.541221	0	0.00395616
206	0	0.7.47.544603	0	0.02492291
206	0	0.7.47.544618	0	0.02492291
206	0	0.7.47.544700	0	0.00395616
206	0	0.7.47.544851	0	0.02492291
206	0	0.7.47.544944	0	0.02492291
206	0	0.7.47.544968	-2	0.02492291
206	0	0.7.47.545077	0	0.00395616
206	0	0.7.47.545141	0	0.02492291
206	0	0.7.47.545590	0	0.00395616
206	0	0.7.47.546729	0	0.02251507
206	0	0.7.47.546756	0	0.02492291
206	0	0.7.47.547556	0	0.00395616
206	0	0.7.47.547999	0	0.00395616
206	0	0.7.47.548567	-2	0.02492291
206	0	0.7.47.549162	0	0.02251507
206	0	0.7.47.549287	0	0.00395616
206	0	0.7.47.549366	0	0.02251507
206	0	0.7.47.549746	0	0.00395616
206	0	0.7.47.549844	0	0.00395616
206	0	0.7.47.550181	0	0.02251507
206	0	0.7.47.551119	0	0.02338009
206	0	0.7.47.552106	0	0.00395616
206	0	0.7.47.56076	0	0.00395616
206	0	0.7.47.5646	0	0.00395616
206	0	0.7.47.565704	0	0.00395616
206	0	0.7.47.565736	0	0.00395616
206	0	0.7.47.565769	0	0.00395616
206	0	0.7.47.565770	0	0.00395616
206	0	0.7.47.565833	0	0.00395616
206	0	0.7.47.566819	0	0.02492291
206	0	0.7.47.566866	0	0.02492291
206	0	0.7.47.566937	0	0.00395616
206	0	0.7.47.566958	0	0.02251507
206	0	0.7.47.567141	0	0.02338009
206	0	0.7.47.567325	0	0.02251507
206	0	0.7.47.567674	0	0.00395616
206	0	0.7.47.569614	0	0.00395616
206	0	0.7.47.56971	0	0.02338009
206	0	0.7.47.570081	0	0.00395616
206	0	0.7.47.570453	0	0.02492291
206	0	0.7.47.571821	0	0.00395616
206	0	0.7.47.57233	1	0.02251507
206	0	0.7.47.572536	0	0.00395616
206	0	0.7.47.572672	0	0.02251507
206	0	0.7.47.5728	0	0.00395616
206	0	0.7.47.573049	0	0.00395616
206	0	0.7.47.573434	0	0.02492291
206	0	0.7.47.574465	0	0.00395616
206	0	0.7.47.57470	1	0.00395616
206	0	0.7.47.574823	0	0.02492291
206	0	0.7.47.574824	0	0.02492291
206	0	0.7.47.574850	0	0.02492291
206	0	0.7.47.575134	0	0.02492291
206	0	0.7.47.575414	0	0.02251507
206	0	0.7.47.575516	0	0.02251507
206	0	0.7.47.575809	0	0.00395616
206	0	0.7.47.57617	1	0.02251507
206	0	0.7.47.576204	0	0.02251507
206	0	0.7.47.577021	0	0.00395616
206	0	0.7.47.577220	0	0.02338009
206	0	0.7.47.577326	0	0.02492291
206	0	0.7.47.57765	0	0.00395616
206	0	0.7.47.577701	0	0.00395616
206	0	0.7.47.57794	0	0.02492291
206	0	0.7.47.578390	0	0.00395616
206	0	0.7.47.578434	0	0.00395616
206	0	0.7.47.578506	1	0.02251507
206	0	0.7.47.578723	0	0.00395616
206	0	0.7.47.58029	-1	0.02338009
206	0	0.7.47.580619	0	0.02492291
206	0	0.7.47.58069	0	0.02338009
206	0	0.7.47.580967	0	0.02492291
206	0	0.7.47.581197	0	0.00395616
206	0	0.7.47.581480	-2	0.02492291
206	0	0.7.47.581600	0	0.02251507
206	0	0.7.47.581773	0	0.00395616
206	0	0.7.47.582239	0	0.02492291
206	0	0.7.47.582262	0	0.02492291
206	0	0.7.47.583519	0	0.02492291
206	0	0.7.47.583931	0	0.00395616
206	0	0.7.47.584260	0	0.00395616
206	0	0.7.47.584326	1	0.00395616
206	0	0.7.47.584383	-1	0.02251507
206	0	0.7.47.586631	0	0.00395616
206	0	0.7.47.586685	0	0.00395616
206	0	0.7.47.586774	0	0.00395616
206	0	0.7.47.5870	0	0.00395616
206	0	0.7.47.59020	-1	0.00395616
206	0	0.7.47.590706	0	0.00395616
206	0	0.7.47.590778	0	0.00395616
206	0	0.7.47.591280	0	0.00395616
206	0	0.7.47.592386	0	0.00395616
206	0	0.7.47.593536	0	0.00395616
206	0	0.7.47.597474	0	0.00395616
206	0	0.7.47.597623	0	0.00395616
206	0	0.7.47.601836	0	0.00395616
206	0	0.7.47.602279	0	0.00395616
206	0	0.7.47.603336	0	0.00395616
206	0	0.7.47.603514	0	0.00395616
206	0	0.7.47.603695	0	0.02251507
206	0	0.7.47.6043	0	0.00395616
206	0	0.7.47.604399	0	0.00395616
206	0	0.7.47.604546	0	0.02492291
206	0	0.7.47.60498	0	0.00395616
206	0	0.7.47.608090	0	0.00395616
206	0	0.7.47.608690	0	0.00395616
206	0	0.7.47.611043	0	0.00395616
206	0	0.7.47.611188	0	0.00395616
206	0	0.7.47.61126	0	0.02492291
206	0	0.7.47.611902	0	0.00395616
206	0	0.7.47.612063	0	0.00395616
206	0	0.7.47.613102	0	0.00395616
206	0	0.7.47.619734	0	0.00395616
206	0	0.7.47.620860	0	0.00395616
206	0	0.7.47.620978	0	0.00395616
206	0	0.7.47.622223	0	0.00395616
206	0	0.7.47.625253	0	0.00395616
206	0	0.7.47.629440	0	0.00395616
206	0	0.7.47.62975	0	0.02492291
206	0	0.7.47.633420	0	0.00395616
206	0	0.7.47.6336	0	0.00395616
206	0	0.7.47.634450	0	0.00395616
206	0	0.7.47.63588	0	0.00395616
206	0	0.7.47.63598	0	0.02251507
206	0	0.7.47.63821	0	0.02251507
206	0	0.7.47.639307	0	0.00395616
206	0	0.7.47.639899	0	0.00395616
206	0	0.7.47.640405	0	0.00395616
206	0	0.7.47.641514	0	0.00395616
206	0	0.7.47.645488	0	0.00395616
206	0	0.7.47.645528	-2	0.00395616
206	0	0.7.47.650969	0	0.00395616
206	0	0.7.47.651808	0	0.02492291
206	0	0.7.47.652084	1	0.08547009
206	0	0.7.47.652457	0	0.00395616
206	0	0.7.47.65313	0	0.00395616
206	0	0.7.47.653256	0	0.00395616
206	0	0.7.47.65346	0	0.00395616
206	0	0.7.47.65454	0	0.02251507
206	0	0.7.47.654764	0	0.02492291
206	0	0.7.47.654790	0	0.00395616
206	0	0.7.47.655312	0	0.02251507
206	0	0.7.47.657205	0	0.00395616
206	0	0.7.47.657463	0	0.00395616
206	0	0.7.47.657943	0	0.00395616
206	0	0.7.47.658961	0	0.00395616
206	0	0.7.47.659136	0	0.00395616
206	0	0.7.47.659187	0	0.00395616
206	0	0.7.47.659192	0	0.00395616
206	0	0.7.47.659919	1	0.00395616
206	0	0.7.47.659972	0	0.00395616
206	0	0.7.47.660092	0	0.00395616
206	0	0.7.47.660196	0	0.00395616
206	0	0.7.47.6611	0	0.02492291
206	0	0.7.47.663296	0	0.00395616
206	0	0.7.47.664136	0	0.02492291
206	0	0.7.47.664216	0	0.02251507
206	0	0.7.47.664249	0	0.02251507
206	0	0.7.47.664251	0	0.02338009
206	0	0.7.47.664285	0	0.02251507
206	0	0.7.47.664287	0	0.02338009
206	0	0.7.47.664417	0	0.00395616
206	0	0.7.47.664530	0	0.02338009
206	0	0.7.47.664669	0	0.02251507
206	0	0.7.47.664717	0	0.02251507
206	0	0.7.47.664852	0	0.02251507
206	0	0.7.47.665331	0	0.00395616
206	0	0.7.47.665408	0	0.00395616
206	0	0.7.47.665411	0	0.02492291
206	0	0.7.47.665479	0	0.02251507
206	0	0.7.47.665538	0	0.02251507
206	0	0.7.47.665544	0	0.02251507
206	0	0.7.47.666000	0	0.00395616
206	0	0.7.47.666098	1	0.00395616
206	0	0.7.47.6682	0	0.00395616
206	0	0.7.47.669492	0	0.02492291
206	0	0.7.47.671181	0	0.00395616
206	0	0.7.47.671760	0	0.02492291
206	0	0.7.47.672371	0	0.00395616
206	0	0.7.47.673954	0	0.02492291
206	0	0.7.47.67554	0	0.00395616
206	0	0.7.47.675751	0	0.02492291
206	0	0.7.47.676241	0	0.00395616
206	0	0.7.47.676420	0	0.00395616
206	0	0.7.47.677963	0	0.02251507
206	0	0.7.47.678788	0	0.02492291
206	0	0.7.47.679181	-2	0.00395616
206	0	0.7.47.680036	0	0.00395616
206	0	0.7.47.680478	0	0.00395616
206	0	0.7.47.6829	0	0.02492291
206	0	0.7.47.683199	0	0.00395616
206	0	0.7.47.685092	0	0.00395616
206	0	0.7.47.686005	0	0.00395616
206	0	0.7.47.688127	0	0.02492291
206	0	0.7.47.688518	0	0.02492291
206	0	0.7.47.689522	0	0.00395616
206	0	0.7.47.690933	0	0.02492291
206	0	0.7.47.690988	0	0.00395616
206	0	0.7.47.691361	1	0.00395616
206	0	0.7.47.691367	0	0.00395616
206	0	0.7.47.691564	-2	0.00395616
206	0	0.7.47.691988	0	0.02338009
206	0	0.7.47.692396	0	0.02492291
206	0	0.7.47.692983	0	0.00395616
206	0	0.7.47.693021	0	0.02338009
206	0	0.7.47.693173	0	0.02492291
206	0	0.7.47.694324	0	0.02251507
206	0	0.7.47.694470	0	0.02492291
206	0	0.7.47.694478	0	0.00395616
206	0	0.7.47.695814	0	0.00395616
206	0	0.7.47.696102	0	0.00395616
206	0	0.7.47.696454	0	0.00395616
206	0	0.7.47.697114	0	0.00395616
206	0	0.7.47.697126	1	0.02492291
206	0	0.7.47.697625	1	0.02492291
206	0	0.7.47.698805	0	0.00395616
206	0	0.7.47.698815	0	0.00395616
206	0	0.7.47.699376	0	0.00395616
206	0	0.7.47.699838	0	0.00395616
206	0	0.7.47.699862	0	0.00395616
206	0	0.7.47.700017	0	0.00395616
206	0	0.7.47.700177	1	0.00395616
206	0	0.7.47.700226	0	0.02251507
206	0	0.7.47.700262	0	0.02251507
206	0	0.7.47.700491	1	0.08547009
206	0	0.7.47.700760	0	0.00395616
206	0	0.7.47.701188	1	0.00395616
206	0	0.7.47.7017	0	0.02492291
206	0	0.7.47.702181	0	0.02492291
206	0	0.7.47.702516	0	0.02492291
206	0	0.7.47.702609	0	0.02492291
206	0	0.7.47.702878	0	0.02492291
206	0	0.7.47.702902	0	0.02492291
206	0	0.7.47.703044	0	0.02492291
206	0	0.7.47.703403	0	0.00395616
206	0	0.7.47.703416	0	0.02492291
206	0	0.7.47.703549	0	0.02492291
206	0	0.7.47.703913	0	0.00395616
206	0	0.7.47.704135	0	0.00395616
206	0	0.7.47.704276	0	0.02492291
206	0	0.7.47.704310	0	0.02492291
206	0	0.7.47.704335	0	0.02492291
206	0	0.7.47.704404	0	0.00395616
206	0	0.7.47.704835	-2	0.00395616
206	0	0.7.47.705266	0	0.00395616
206	0	0.7.47.705302	0	0.00395616
206	0	0.7.47.705424	0	0.02492291
206	0	0.7.47.705690	0	0.02251507
206	0	0.7.47.706346	0	0.02251507
206	0	0.7.47.7081	0	0.02492291
206	0	0.7.47.709448	0	0.02251507
206	0	0.7.47.712105	0	0.00395616
206	0	0.7.47.712196	0	0.00395616
206	0	0.7.47.713647	1	0.02251507
206	0	0.7.47.714660	0	0.00395616
206	0	0.7.47.714672	0	0.00395616
206	0	0.7.47.715300	0	0.02492291
206	0	0.7.47.717916	0	0.00395616
206	0	0.7.47.719909	0	0.00395616
206	0	0.7.47.720710	0	0.00395616
206	0	0.7.47.721036	0	0.00395616
206	0	0.7.47.723175	0	0.00395616
206	0	0.7.47.723308	0	0.00395616
206	0	0.7.47.723310	0	0.00395616
206	0	0.7.47.724667	0	0.00395616
206	0	0.7.47.724978	-1	0.02492291
206	0	0.7.47.725911	0	0.00395616
206	0	0.7.47.726089	0	0.00395616
206	0	0.7.47.726466	0	0.00395616
206	0	0.7.47.726618	0	0.02492291
206	0	0.7.47.727748	0	0.02251507
206	0	0.7.47.729549	0	0.00395616
206	0	0.7.47.729750	0	0.02492291
206	0	0.7.47.729978	0	0.00395616
206	0	0.7.47.731961	0	0.02251507
206	0	0.7.47.731962	1	0.02251507
206	0	0.7.47.733655	0	0.00395616
206	0	0.7.47.734015	0	0.00395616
206	0	0.7.47.736180	0	0.00395616
206	0	0.7.47.739025	0	0.00395616
206	0	0.7.47.741718	0	0.00395616
206	0	0.7.47.742408	0	0.00395616
206	0	0.7.47.750372	0	0.00395616
206	0	0.7.47.751482	0	0.00395616
206	0	0.7.47.753179	0	0.00395616
206	0	0.7.47.753340	0	0.00395616
206	0	0.7.47.754546	0	0.00395616
206	0	0.7.47.756514	0	0.02251507
206	0	0.7.47.757204	0	0.08547009
206	0	0.7.47.757388	0	0.00395616
206	0	0.7.47.75754	0	0.00395616
206	0	0.7.47.757831	0	0.02338009
206	0	0.7.47.758838	0	0.00395616
206	0	0.7.47.759670	-2	0.00395616
206	0	0.7.47.759978	0	0.02251507
206	0	0.7.47.760099	0	0.02251507
206	0	0.7.47.760418	0	0.02492291
206	0	0.7.47.760660	0	0.02251507
206	0	0.7.47.761091	0	0.02251507
206	0	0.7.47.761256	0	0.00395616
206	0	0.7.47.761393	0	0.02492291
206	0	0.7.47.76179	0	0.00395616
206	0	0.7.47.762068	0	0.02492291
206	0	0.7.47.762176	0	0.00395616
206	0	0.7.47.762334	0	0.02251507
206	0	0.7.47.762677	0	0.02338009
206	0	0.7.47.762725	0	0.00395616
206	0	0.7.47.765429	0	0.00395616
206	0	0.7.47.765704	0	0.00395616
206	0	0.7.47.765878	0	0.02251507
206	0	0.7.47.766216	0	0.00395616
206	0	0.7.47.77573	-1	0.00395616
206	0	0.7.47.788153	0	0.00395616
206	0	0.7.47.78926	-1	0.00395616
206	0	0.7.47.789640	0	0.00395616
206	0	0.7.47.791293	0	0.00395616
206	0	0.7.47.791458	0	0.00395616
206	0	0.7.47.792765	0	0.00395616
206	0	0.7.47.793	0	0.00395616
206	0	0.7.47.794602	0	0.00395616
206	0	0.7.47.796305	1	0.00395616
206	0	0.7.47.796746	1	0.00395616
206	0	0.7.47.800362	-2	0.02251507
206	0	0.7.47.80611	0	0.00395616
206	0	0.7.47.807728	0	0.00395616
206	0	0.7.47.808142	0	0.00395616
206	0	0.7.47.81003	0	0.00395616
206	0	0.7.47.810095	0	0.00395616
206	0	0.7.47.812302	0	0.00395616
206	0	0.7.47.813168	0	0.00395616
206	0	0.7.47.813614	0	0.00395616
206	0	0.7.47.81463	0	0.00395616
206	0	0.7.47.816032	-1	0.00395616
206	0	0.7.47.816927	-1	0.00395616
206	0	0.7.47.81782	0	0.00395616
206	0	0.7.47.820507	0	0.00395616
206	0	0.7.47.82444	0	0.00395616
206	0	0.7.47.825269	0	0.00395616
206	0	0.7.47.827095	0	0.00395616
206	0	0.7.47.829875	0	0.00395616
206	0	0.7.47.83	0	0.00395616
206	0	0.7.47.830069	0	0.00395616
206	0	0.7.47.832348	1	0.02492291
206	0	0.7.47.833356	0	0.00395616
206	0	0.7.47.834700	0	0.00395616
206	0	0.7.47.834744	0	0.00395616
206	0	0.7.47.836287	0	0.00395616
206	0	0.7.47.836436	0	0.00395616
206	0	0.7.47.836548	0	0.00395616
206	0	0.7.47.836682	0	0.00395616
206	0	0.7.47.837014	0	0.02251507
206	0	0.7.47.837108	0	0.02251507
206	0	0.7.47.838502	0	0.02492291
206	0	0.7.47.838606	0	0.02338009
206	0	0.7.47.839998	0	0.00395616
206	0	0.7.47.840413	0	0.00395616
206	0	0.7.47.848779	0	0.02492291
206	0	0.7.47.848884	0	0.02492291
206	0	0.7.47.848893	0	0.02492291
206	0	0.7.47.849442	0	0.02492291
206	0	0.7.47.849553	0	0.02492291
206	0	0.7.47.849775	0	0.02492291
206	0	0.7.47.849990	0	0.02492291
206	0	0.7.47.850017	0	0.00395616
206	0	0.7.47.850533	0	0.00395616
206	0	0.7.47.850535	0	0.00395616
206	0	0.7.47.850816	0	0.00395616
206	0	0.7.47.850975	0	0.00395616
206	0	0.7.47.851198	0	0.00395616
206	0	0.7.47.851241	0	0.02251507
206	0	0.7.47.851303	0	0.00395616
206	0	0.7.47.853625	0	0.00395616
206	0	0.7.47.853783	0	0.02492291
206	0	0.7.47.854391	0	0.00395616
206	0	0.7.47.854812	0	0.00395616
206	0	0.7.47.854826	0	0.00395616
206	0	0.7.47.854881	0	0.00395616
206	0	0.7.47.855226	0	0.00395616
206	0	0.7.47.856097	0	0.02492291
206	0	0.7.47.856420	0	0.00395616
206	0	0.7.47.856842	0	0.00395616
206	0	0.7.47.856856	0	0.00395616
206	0	0.7.47.857780	0	0.00395616
206	0	0.7.47.857925	-1	0.02492291
206	0	0.7.47.858010	0	0.00395616
206	0	0.7.47.859995	0	0.00395616
206	0	0.7.47.861238	0	0.00395616
206	0	0.7.47.861331	0	0.00395616
206	0	0.7.47.861400	0	0.02492291
206	0	0.7.47.862102	0	0.00395616
206	0	0.7.47.862237	0	0.02251507
206	0	0.7.47.863840	0	0.00395616
206	0	0.7.47.863875	0	0.00395616
206	0	0.7.47.864354	0	0.00395616
206	0	0.7.47.865005	0	0.00395616
206	0	0.7.47.86653	0	0.00395616
206	0	0.7.47.867043	-2	0.00395616
206	0	0.7.47.868679	0	0.02492291
206	0	0.7.47.870160	0	0.00395616
206	0	0.7.47.870315	0	0.00395616
206	0	0.7.47.870472	-2	0.00395616
206	0	0.7.47.870831	0	0.02251507
206	0	0.7.47.871176	0	0.02338009
206	0	0.7.47.871476	0	0.02492291
206	0	0.7.47.872151	1	0.00395616
206	0	0.7.47.87629	0	0.00395616
206	0	0.7.47.876736	0	0.00395616
206	0	0.7.47.876737	0	0.02492291
206	0	0.7.47.877082	0	0.00395616
206	0	0.7.47.877824	0	0.00395616
206	0	0.7.47.878082	0	0.02338009
206	0	0.7.47.878124	0	0.02338009
206	0	0.7.47.881824	0	0.00395616
206	0	0.7.47.882045	0	0.00395616
206	0	0.7.47.884385	0	0.00395616
206	0	0.7.47.884488	0	0.00395616
206	0	0.7.47.884588	0	0.00395616
206	0	0.7.47.884844	0	0.00395616
206	0	0.7.47.886027	0	0.02492291
206	0	0.7.47.886731	0	0.00395616
206	0	0.7.47.888434	0	0.00395616
206	0	0.7.47.889720	0	0.00395616
206	0	0.7.47.894484	0	0.00395616
206	0	0.7.47.895177	0	0.00395616
206	0	0.7.47.896408	0	0.00395616
206	0	0.7.47.897771	0	0.00395616
206	0	0.7.47.898599	0	0.00395616
206	0	0.7.47.898842	1	0.00395616
206	0	0.7.47.899558	0	0.00395616
206	0	0.7.47.899986	0	0.00395616
206	0	0.7.47.900042	0	0.00395616
206	0	0.7.47.900269	0	0.02251507
206	0	0.7.47.900302	0	0.00395616
206	0	0.7.47.900912	0	0.02251507
206	0	0.7.47.901161	0	0.00395616
206	0	0.7.47.901301	0	0.02251507
206	0	0.7.47.901691	0	0.02251507
206	0	0.7.47.901764	0	0.00395616
206	0	0.7.47.902724	0	0.02251507
206	0	0.7.47.904406	0	0.00395616
206	0	0.7.47.904454	-2	0.02251507
206	0	0.7.47.904822	0	0.02251507
206	0	0.7.47.904869	0	0.02251507
206	0	0.7.47.90499	0	0.00395616
206	0	0.7.47.905124	0	0.02251507
206	0	0.7.47.906247	0	0.02251507
206	0	0.7.47.906280	0	0.02251507
206	0	0.7.47.906538	0	0.00395616
206	0	0.7.47.908459	0	0.00395616
206	0	0.7.47.908949	0	0.00395616
206	0	0.7.47.909386	0	0.02251507
206	0	0.7.47.910669	0	0.00395616
206	0	0.7.47.913386	0	0.02492291
206	0	0.7.47.91414	0	0.02492291
206	0	0.7.47.914444	0	0.02492291
206	0	0.7.47.91607	0	0.02251507
206	0	0.7.47.91767	0	0.00395616
206	0	0.7.47.919537	0	0.02338009
206	0	0.7.47.920190	0	0.00395616
206	0	0.7.47.920442	0	0.02338009
206	0	0.7.47.920661	0	0.02338009
206	0	0.7.47.920989	0	0.00395616
206	0	0.7.47.921209	0	0.00395616
206	0	0.7.47.921235	0	0.00395616
206	0	0.7.47.921245	0	0.00395616
206	0	0.7.47.921585	0	0.02492291
206	0	0.7.47.921871	0	0.02251507
206	0	0.7.47.922154	0	0.02492291
206	0	0.7.47.922440	0	0.00395616
206	0	0.7.47.922869	0	0.00395616
206	0	0.7.47.923222	0	0.00395616
206	0	0.7.47.923450	0	0.00395616
206	0	0.7.47.923549	0	0.02492291
206	0	0.7.47.923601	0	0.02492291
206	0	0.7.47.923868	0	0.02251507
206	0	0.7.47.924446	0	0.00395616
206	0	0.7.47.924522	0	0.02251507
206	0	0.7.47.924612	0	0.02492291
206	0	0.7.47.924768	0	0.00395616
206	0	0.7.47.924849	0	0.00395616
206	0	0.7.47.925353	-1	0.02492291
206	0	0.7.47.92568	0	0.00395616
206	0	0.7.47.925875	0	0.00395616
206	0	0.7.47.926671	0	0.00395616
206	0	0.7.47.926780	0	0.02492291
206	0	0.7.47.927010	0	0.02492291
206	0	0.7.47.92763	0	0.00395616
206	0	0.7.47.928080	0	0.02492291
206	0	0.7.47.928182	0	0.02492291
206	0	0.7.47.928584	-1	0.00395616
206	0	0.7.47.929235	0	0.00395616
206	0	0.7.47.92964	0	0.00395616
206	0	0.7.47.930222	0	0.00395616
206	0	0.7.47.930710	0	0.00395616
206	0	0.7.47.93157	0	0.00395616
206	0	0.7.47.931929	0	0.02492291
206	0	0.7.47.932447	0	0.02492291
206	0	0.7.47.932528	0	0.02492291
206	0	0.7.47.932553	0	0.02251507
206	0	0.7.47.933767	0	0.00395616
206	0	0.7.47.934004	0	0.02492291
206	0	0.7.47.93409	0	0.00395616
206	0	0.7.47.93511	0	0.00395616
206	0	0.7.47.93639	0	0.02251507
206	0	0.7.47.937259	0	0.00395616
206	0	0.7.47.938269	0	0.00395616
206	0	0.7.47.93837	0	0.02338009
206	0	0.7.47.938459	0	0.00395616
206	0	0.7.47.939297	0	0.00395616
206	0	0.7.47.939581	0	0.00395616
206	0	0.7.47.93990	0	0.00395616
206	0	0.7.47.94136	0	0.00395616
206	0	0.7.47.94277	0	0.02338009
206	0	0.7.47.942873	0	0.00395616
206	0	0.7.47.942925	0	0.00395616
206	0	0.7.47.943008	0	0.00395616
206	0	0.7.47.943023	0	0.00395616
206	0	0.7.47.943895	0	0.00395616
206	0	0.7.47.944239	0	0.00395616
206	0	0.7.47.944253	0	0.00395616
206	0	0.7.47.944322	0	0.00395616
206	0	0.7.47.945751	0	0.02492291
206	0	0.7.47.94580	0	0.00395616
206	0	0.7.47.946	0	0.00395616
206	0	0.7.47.94603	0	0.00395616
206	0	0.7.47.94689	0	0.00395616
206	0	0.7.47.947073	0	0.02492291
206	0	0.7.47.95021	0	0.00395616
206	0	0.7.47.95055	0	0.00395616
206	0	0.7.47.950600	0	0.02492291
206	0	0.7.47.953392	0	0.02492291
206	0	0.7.47.953847	0	0.00395616
206	0	0.7.47.953961	0	0.00395616
206	0	0.7.47.954254	0	0.00395616
206	0	0.7.47.954423	0	0.00395616
206	0	0.7.47.954478	0	0.00395616
206	0	0.7.47.954694	-1	0.00395616
206	0	0.7.47.958436	0	0.00395616
206	0	0.7.47.959475	0	0.00395616
206	0	0.7.47.96165	0	0.00395616
206	0	0.7.47.961671	0	0.00395616
206	0	0.7.47.963335	1	0.00395616
206	0	0.7.47.966253	0	0.00395616
206	0	0.7.47.966378	0	0.00395616
206	0	0.7.47.967678	0	0.00395616
206	0	0.7.47.968363	0	0.00395616
206	0	0.7.47.969099	0	0.00395616
206	0	0.7.47.969140	0	0.00395616
206	0	0.7.47.969723	0	0.00395616
206	0	0.7.47.971255	0	0.00395616
206	0	0.7.47.971546	0	0.00395616
206	0	0.7.47.971628	0	0.00395616
206	0	0.7.47.972272	0	0.00395616
206	0	0.7.47.973258	0	0.00395616
206	0	0.7.47.973935	0	0.00395616
206	0	0.7.47.97415	0	0.00395616
206	0	0.7.47.974396	0	0.00395616
206	0	0.7.47.974947	0	0.00395616
206	0	0.7.47.975140	0	0.00395616
206	0	0.7.47.975407	0	0.00395616
206	0	0.7.47.975630	0	0.02492291
206	0	0.7.47.976057	0	0.00395616
206	0	0.7.47.976062	0	0.02492291
206	0	0.7.47.97618	0	0.00395616
206	0	0.7.47.976531	0	0.00395616
206	0	0.7.47.976711	0	0.00395616
206	0	0.7.47.976892	0	0.00395616
206	0	0.7.47.976990	0	0.00395616
206	0	0.7.47.977004	0	0.00395616
206	0	0.7.47.977109	0	0.00395616
206	0	0.7.47.977618	0	0.00395616
206	0	0.7.47.977870	0	0.00395616
206	0	0.7.47.978121	0	0.00395616
206	0	0.7.47.978188	0	0.00395616
206	0	0.7.47.978685	0	0.00395616
206	0	0.7.47.978695	0	0.00395616
206	0	0.7.47.978818	0	0.00395616
206	0	0.7.47.979626	0	0.00395616
206	0	0.7.47.979640	0	0.00395616
206	0	0.7.47.979953	0	0.00395616
206	0	0.7.47.980112	0	0.02492291
206	0	0.7.47.992376	0	0.02251507
206	0	0.7.47.992426	0	0.00395616
206	0	0.7.47.992470	0	0.00395616
206	0	0.7.47.992614	0	0.00395616
206	0	0.7.47.993183	0	0.00395616
206	0	0.7.47.993467	0	0.02492291
206	0	0.7.47.994850	0	0.00395616
206	0	0.7.47.995512	0	0.00395616
206	0	0.7.47.996187	0	0.00395616
206	0	0.7.47.998137	0	0.02492291
206	0	0.7.47.998773	0	0.00395616
206	0	0.7.47.999043	0	0.00395616
206	0	0.7.47.999860	0	0.00395616
206	0	0.7.47.999880	0	0.00395616
206	0	0.7.47.999946	0	0.02251507
206	0	0.7.6.100056	0	0.00395616
206	0	0.7.6.100635	0	0.02492291
206	0	0.7.6.100945	0	0.00395616
206	0	0.7.6.101087	0	0.02492291
206	0	0.7.6.101260	0	0.02492291
206	0	0.7.6.102676	0	0.00395616
206	0	0.7.6.102793	0	0.00395616
206	0	0.7.6.103909	0	0.00395616
206	0	0.7.6.104178	-1	0.02251507
206	0	0.7.6.104795	0	0.00395616
206	0	0.7.6.105169	0	0.00395616
206	0	0.7.6.105233	0	0.00395616
206	0	0.7.6.105426	0	0.00395616
206	0	0.7.6.105777	0	0.00395616
206	0	0.7.6.106172	0	0.00395616
206	0	0.7.6.106236	0	0.00395616
206	0	0.7.6.106270	0	0.00395616
206	0	0.7.6.106280	1	0.00395616
206	0	0.7.6.106737	0	0.00395616
206	0	0.7.6.107227	0	0.00395616
206	0	0.7.6.107993	0	0.00395616
206	0	0.7.6.108191	0	0.00395616
206	0	0.7.6.108552	0	0.02251507
206	0	0.7.6.10860	0	0.00395616
206	0	0.7.6.109195	0	0.02251507
206	0	0.7.6.109216	0	0.00395616
206	0	0.7.6.109218	0	0.00395616
206	0	0.7.6.109863	0	0.00395616
206	0	0.7.6.110092	0	0.00395616
206	0	0.7.6.110430	0	0.00395616
206	0	0.7.6.110831	0	0.00395616
206	0	0.7.6.111177	0	0.00395616
206	0	0.7.6.111582	0	0.02251507
206	0	0.7.6.111855	0	0.00395616
206	0	0.7.6.113408	0	0.00395616
206	0	0.7.6.113423	0	0.00395616
206	0	0.7.6.113535	0	0.00395616
206	0	0.7.6.113881	0	0.00395616
206	0	0.7.6.114178	0	0.00395616
206	0	0.7.6.114275	0	0.00395616
206	0	0.7.6.116913	0	0.08547009
206	0	0.7.6.116960	0	0.02251507
206	0	0.7.6.117959	0	0.02338009
206	0	0.7.6.117986	0	0.00395616
206	0	0.7.6.118021	0	0.00395616
206	0	0.7.6.118025	-2	0.00395616
206	0	0.7.6.118203	0	0.00395616
206	0	0.7.6.118908	0	0.00395616
206	0	0.7.6.119074	0	0.00395616
206	0	0.7.6.119202	0	0.02251507
206	0	0.7.6.119832	0	0.00395616
206	0	0.7.6.120129	0	0.00395616
206	0	0.7.6.120162	0	0.00395616
206	0	0.7.6.120479	0	0.02492291
206	0	0.7.6.120600	0	0.02492291
206	0	0.7.6.120817	0	0.00395616
206	0	0.7.6.120844	-1	0.02251507
206	0	0.7.6.121017	0	0.00395616
206	0	0.7.6.121080	0	0.02251507
206	0	0.7.6.121123	0	0.02251507
206	0	0.7.6.121185	0	0.00395616
206	0	0.7.6.123479	0	0.00395616
206	0	0.7.6.123540	0	0.00395616
206	0	0.7.6.123784	1	0.00395616
206	0	0.7.6.123804	0	0.00395616
206	0	0.7.6.124335	0	0.00395616
206	0	0.7.6.124463	0	0.00395616
206	0	0.7.6.124584	0	0.00395616
206	0	0.7.6.125039	0	0.00395616
206	0	0.7.6.125131	0	0.00395616
206	0	0.7.6.125484	0	0.00395616
206	0	0.7.6.125988	0	0.00395616
206	0	0.7.6.127957	1	0.02492291
206	0	0.7.6.128805	0	0.02338009
206	0	0.7.6.13011	0	0.00395616
206	0	0.7.6.130171	0	0.00395616
206	0	0.7.6.130337	0	0.00395616
206	0	0.7.6.131070	0	0.00395616
206	0	0.7.6.131995	0	0.00395616
206	0	0.7.6.132549	0	0.00395616
206	0	0.7.6.13323	0	0.02251507
206	0	0.7.6.133603	0	0.00395616
206	0	0.7.6.13372	0	0.02251507
206	0	0.7.6.13462	0	0.02492291
206	0	0.7.6.135730	0	0.00395616
206	0	0.7.6.136394	0	0.00395616
206	0	0.7.6.136419	0	0.00395616
206	0	0.7.6.138112	0	0.00395616
206	0	0.7.6.138296	0	0.00395616
206	0	0.7.6.1388	0	0.00395616
206	0	0.7.6.13895	0	0.02338009
206	0	0.7.6.139218	0	0.02492291
206	0	0.7.6.139785	1	0.08547009
206	0	0.7.6.139840	0	0.00395616
206	0	0.7.6.141075	0	0.00395616
206	0	0.7.6.14172	0	0.00395616
206	0	0.7.6.142722	0	0.00395616
206	0	0.7.6.143226	0	0.02251507
206	0	0.7.6.143310	0	0.02251507
206	0	0.7.6.143335	0	0.02251507
206	0	0.7.6.143340	0	0.02251507
206	0	0.7.6.143380	0	0.02251507
206	0	0.7.6.143413	0	0.02251507
206	0	0.7.6.143419	0	0.02251507
206	0	0.7.6.143454	0	0.02251507
206	0	0.7.6.143554	0	0.02251507
206	0	0.7.6.143563	0	0.02251507
206	0	0.7.6.14366	0	0.02492291
206	0	0.7.6.143807	0	0.02492291
206	0	0.7.6.144153	0	0.00395616
206	0	0.7.6.144248	0	0.00395616
206	0	0.7.6.144258	0	0.02492291
206	0	0.7.6.144328	0	0.00395616
206	0	0.7.6.144554	0	0.00395616
206	0	0.7.6.144703	0	0.02492291
206	0	0.7.6.144762	0	0.00395616
206	0	0.7.6.145118	0	0.00395616
206	0	0.7.6.145491	0	0.02492291
206	0	0.7.6.146227	0	0.00395616
206	0	0.7.6.14802	0	0.00395616
206	0	0.7.6.14869	0	0.02338009
206	0	0.7.6.148888	1	0.02492291
206	0	0.7.6.14901	0	0.02492291
206	0	0.7.6.14973	0	0.02492291
206	0	0.7.6.149857	0	0.00395616
206	0	0.7.6.15048	0	0.00395616
206	0	0.7.6.150883	1	0.00395616
206	0	0.7.6.151212	0	0.00395616
206	0	0.7.6.151277	0	0.00395616
206	0	0.7.6.152409	0	0.00395616
206	0	0.7.6.153056	0	0.00395616
206	0	0.7.6.153106	1	0.00395616
206	0	0.7.6.153349	0	0.02251507
206	0	0.7.6.153661	0	0.02251507
206	0	0.7.6.153694	0	0.02251507
206	0	0.7.6.153703	0	0.02251507
206	0	0.7.6.153781	0	0.02251507
206	0	0.7.6.153801	0	0.02251507
206	0	0.7.6.153816	0	0.02251507
206	0	0.7.6.153852	0	0.02251507
206	0	0.7.6.153892	0	0.02251507
206	0	0.7.6.153897	0	0.02251507
206	0	0.7.6.153942	0	0.02251507
206	0	0.7.6.153986	0	0.02251507
206	0	0.7.6.153991	0	0.02251507
206	0	0.7.6.15400	1	0.00395616
206	0	0.7.6.154118	0	0.02251507
206	0	0.7.6.154132	0	0.02251507
206	0	0.7.6.154271	0	0.02251507
206	0	0.7.6.154458	-2	0.02251507
206	0	0.7.6.1545	1	0.00395616
206	0	0.7.6.154639	1	0.02251507
206	0	0.7.6.154655	0	0.02251507
206	0	0.7.6.154679	0	0.02251507
206	0	0.7.6.154696	0	0.02251507
206	0	0.7.6.154711	0	0.02251507
206	0	0.7.6.154730	0	0.02251507
206	0	0.7.6.154737	0	0.02251507
206	0	0.7.6.154741	0	0.02251507
206	0	0.7.6.154799	0	0.02251507
206	0	0.7.6.154808	0	0.02251507
206	0	0.7.6.154865	0	0.02251507
206	0	0.7.6.154929	0	0.02251507
206	0	0.7.6.154960	0	0.02251507
206	0	0.7.6.155100	0	0.02251507
206	0	0.7.6.155580	0	0.00395616
206	0	0.7.6.155656	0	0.02251507
206	0	0.7.6.155754	0	0.00395616
206	0	0.7.6.156042	0	0.00395616
206	0	0.7.6.156410	1	0.00395616
206	0	0.7.6.156502	0	0.02251507
206	0	0.7.6.156513	0	0.00395616
206	0	0.7.6.165450	0	0.02492291
206	0	0.7.6.165469	0	0.02492291
206	0	0.7.6.165740	0	0.00395616
206	0	0.7.6.165819	1	0.00395616
206	0	0.7.6.165988	0	0.00395616
206	0	0.7.6.165997	0	0.00395616
206	0	0.7.6.16600	-1	0.02492291
206	0	0.7.6.166121	1	0.02251507
206	0	0.7.6.166124	0	0.02251507
206	0	0.7.6.166180	0	0.02251507
206	0	0.7.6.166227	0	0.02251507
206	0	0.7.6.166263	0	0.00395616
206	0	0.7.6.166413	0	0.00395616
206	0	0.7.6.166428	0	0.00395616
206	0	0.7.6.166480	0	0.00395616
206	0	0.7.6.166551	-2	0.02251507
206	0	0.7.6.166563	0	0.02251507
206	0	0.7.6.166772	-2	0.02251507
206	0	0.7.6.166835	0	0.02251507
206	0	0.7.6.166952	0	0.02251507
206	0	0.7.6.166959	0	0.02251507
206	0	0.7.6.167025	-2	0.02251507
206	0	0.7.6.167064	0	0.00395616
206	0	0.7.6.167104	1	0.00395616
206	0	0.7.6.167222	0	0.02251507
206	0	0.7.6.167599	0	0.00395616
206	0	0.7.6.168039	0	0.00395616
206	0	0.7.6.168348	0	0.02251507
206	0	0.7.6.168442	0	0.02251507
206	0	0.7.6.168458	0	0.02251507
206	0	0.7.6.168634	-1	0.02492291
206	0	0.7.6.168865	0	0.02251507
206	0	0.7.6.169076	0	0.02338009
206	0	0.7.6.169512	1	0.02492291
206	0	0.7.6.169565	0	0.00395616
206	0	0.7.6.169787	1	0.00395616
206	0	0.7.6.17080	0	0.02251507
206	0	0.7.6.171248	0	0.02251507
206	0	0.7.6.171256	0	0.02251507
206	0	0.7.6.171273	0	0.02338009
206	0	0.7.6.171604	0	0.00395616
206	0	0.7.6.171690	0	0.00395616
206	0	0.7.6.172147	0	0.00395616
206	0	0.7.6.172359	0	0.02251507
206	0	0.7.6.172479	0	0.02251507
206	0	0.7.6.172819	0	0.02251507
206	0	0.7.6.173026	-2	0.00395616
206	0	0.7.6.17307	0	0.00395616
206	0	0.7.6.173159	0	0.02251507
206	0	0.7.6.173804	0	0.00395616
206	0	0.7.6.174051	0	0.02251507
206	0	0.7.6.174685	0	0.02251507
206	0	0.7.6.174722	0	0.00395616
206	0	0.7.6.174998	0	0.00395616
206	0	0.7.6.175002	0	0.00395616
206	0	0.7.6.17546	-2	0.00395616
206	0	0.7.6.175846	-2	0.00395616
206	0	0.7.6.175897	0	0.00395616
206	0	0.7.6.177125	0	0.02251507
206	0	0.7.6.177495	0	0.00395616
206	0	0.7.6.177701	-2	0.02251507
206	0	0.7.6.178358	0	0.00395616
206	0	0.7.6.178379	0	0.00395616
206	0	0.7.6.179041	0	0.02251507
206	0	0.7.6.179117	0	0.02492291
206	0	0.7.6.179331	0	0.02492291
206	0	0.7.6.179631	0	0.02492291
206	0	0.7.6.179777	0	0.00395616
206	0	0.7.6.179813	0	0.00395616
206	0	0.7.6.180334	0	0.00395616
206	0	0.7.6.180480	0	0.02251507
206	0	0.7.6.180526	0	0.02338009
206	0	0.7.6.180529	1	0.00395616
206	0	0.7.6.181463	0	0.00395616
206	0	0.7.6.181575	0	0.00395616
206	0	0.7.6.181745	0	0.00395616
206	0	0.7.6.182175	0	0.02492291
206	0	0.7.6.182182	0	0.02492291
206	0	0.7.6.182197	0	0.02492291
206	0	0.7.6.182206	0	0.02492291
206	0	0.7.6.182210	0	0.02492291
206	0	0.7.6.182248	0	0.02492291
206	0	0.7.6.182420	0	0.00395616
206	0	0.7.6.182434	0	0.00395616
206	0	0.7.6.182549	0	0.00395616
206	0	0.7.6.182715	0	0.02251507
206	0	0.7.6.183445	0	0.00395616
206	0	0.7.6.183447	0	0.00395616
206	0	0.7.6.18382	-2	0.00395616
206	0	0.7.6.183924	0	0.00395616
206	0	0.7.6.183928	0	0.00395616
206	0	0.7.6.183934	0	0.00395616
206	0	0.7.6.183977	0	0.02251507
206	0	0.7.6.184052	0	0.02251507
206	0	0.7.6.184066	0	0.00395616
206	0	0.7.6.185949	0	0.00395616
206	0	0.7.6.185960	-2	0.00395616
206	0	0.7.6.185988	1	0.02251507
206	0	0.7.6.186007	0	0.02251507
206	0	0.7.6.18704	0	0.02492291
206	0	0.7.6.188160	0	0.00395616
206	0	0.7.6.188303	0	0.00395616
206	0	0.7.6.188478	0	0.02492291
206	0	0.7.6.188611	0	0.02492291
206	0	0.7.6.188713	0	0.02492291
206	0	0.7.6.188841	0	0.00395616
206	0	0.7.6.188892	0	0.00395616
206	0	0.7.6.188949	0	0.00395616
206	0	0.7.6.189129	0	0.00395616
206	0	0.7.6.189399	0	0.00395616
206	0	0.7.6.189547	0	0.00395616
206	0	0.7.6.189639	-1	0.00395616
206	0	0.7.6.18983	0	0.00395616
206	0	0.7.6.190104	-2	0.00395616
206	0	0.7.6.190212	0	0.00395616
206	0	0.7.6.190514	0	0.00395616
206	0	0.7.6.190606	0	0.00395616
206	0	0.7.6.190675	0	0.00395616
206	0	0.7.6.192876	0	0.00395616
206	0	0.7.6.192889	0	0.00395616
206	0	0.7.6.192932	0	0.02492291
206	0	0.7.6.192977	0	0.02492291
206	0	0.7.6.192981	-2	0.02492291
206	0	0.7.6.193292	0	0.02492291
206	0	0.7.6.193325	0	0.02492291
206	0	0.7.6.193456	0	0.00395616
206	0	0.7.6.193685	0	0.02492291
206	0	0.7.6.193698	0	0.00395616
206	0	0.7.6.194201	0	0.00395616
206	0	0.7.6.194605	0	0.00395616
206	0	0.7.6.194640	0	0.00395616
206	0	0.7.6.195850	0	0.00395616
206	0	0.7.6.196032	0	0.00395616
206	0	0.7.6.196035	0	0.00395616
206	0	0.7.6.196680	0	0.02492291
206	0	0.7.6.196798	0	0.00395616
206	0	0.7.6.197256	0	0.00395616
206	0	0.7.6.197726	0	0.00395616
206	0	0.7.6.197806	0	0.00395616
206	0	0.7.6.204400	-2	0.02492291
206	0	0.7.6.204636	0	0.02492291
206	0	0.7.6.204876	0	0.00395616
206	0	0.7.6.204890	0	0.00395616
206	0	0.7.6.205043	0	0.02492291
206	0	0.7.6.20571	0	0.00395616
206	0	0.7.6.205904	0	0.02251507
206	0	0.7.6.206231	0	0.00395616
206	0	0.7.6.206929	0	0.02251507
206	0	0.7.6.206979	0	0.02251507
206	0	0.7.6.206982	0	0.02251507
206	0	0.7.6.207009	0	0.02251507
206	0	0.7.6.207025	0	0.02251507
206	0	0.7.6.207032	0	0.02251507
206	0	0.7.6.207038	0	0.02251507
206	0	0.7.6.207162	-2	0.02251507
206	0	0.7.6.207197	0	0.02251507
206	0	0.7.6.207204	0	0.02251507
206	0	0.7.6.207219	0	0.02251507
206	0	0.7.6.207228	0	0.02251507
206	0	0.7.6.207248	0	0.02251507
206	0	0.7.6.207271	0	0.02251507
206	0	0.7.6.207375	0	0.02251507
206	0	0.7.6.207478	0	0.02251507
206	0	0.7.6.207607	0	0.02251507
206	0	0.7.6.207664	0	0.02251507
206	0	0.7.6.207792	0	0.02251507
206	0	0.7.6.207811	0	0.02251507
206	0	0.7.6.207866	0	0.02251507
206	0	0.7.6.207905	0	0.02251507
206	0	0.7.6.207997	0	0.02251507
206	0	0.7.6.208034	-2	0.02251507
206	0	0.7.6.208045	1	0.1269841
206	0	0.7.6.208067	0	0.02251507
206	0	0.7.6.208106	0	0.02251507
206	0	0.7.6.208146	0	0.02251507
206	0	0.7.6.208339	0	0.02251507
206	0	0.7.6.208973	0	0.00395616
206	0	0.7.6.209058	0	0.02251507
206	0	0.7.6.209303	0	0.02492291
206	0	0.7.6.209391	-1	0.1269841
206	0	0.7.6.209396	0	0.02251507
206	0	0.7.6.209471	0	0.02251507
206	0	0.7.6.209732	0	0.02251507
206	0	0.7.6.209791	0	0.02251507
206	0	0.7.6.210091	0	0.00395616
206	0	0.7.6.210442	0	0.00395616
206	0	0.7.6.211320	-2	0.02251507
206	0	0.7.6.211426	0	0.00395616
206	0	0.7.6.212003	0	0.02492291
206	0	0.7.6.212166	0	0.00395616
206	0	0.7.6.217776	0	0.00395616
206	0	0.7.6.217822	0	0.00395616
206	0	0.7.6.218270	0	0.00395616
206	0	0.7.6.220244	0	0.00395616
206	0	0.7.6.220652	0	0.00395616
206	0	0.7.6.220764	0	0.00395616
206	0	0.7.6.220941	-2	0.00395616
206	0	0.7.6.220952	0	0.00395616
206	0	0.7.6.22124	0	0.02251507
206	0	0.7.6.221591	0	0.02251507
206	0	0.7.6.221610	0	0.02251507
206	0	0.7.6.221751	0	0.02251507
206	0	0.7.6.221862	0	0.02251507
206	0	0.7.6.221958	-2	0.02492291
206	0	0.7.6.22362	0	0.02251507
206	0	0.7.6.22372	0	0.02251507
206	0	0.7.6.22375	0	0.02251507
206	0	0.7.6.224283	0	0.08547009
206	0	0.7.6.224805	0	0.00395616
206	0	0.7.6.22523	0	0.02251507
206	0	0.7.6.22638	0	0.02251507
206	0	0.7.6.22705	0	0.02251507
206	0	0.7.6.22707	0	0.02251507
206	0	0.7.6.22755	0	0.02251507
206	0	0.7.6.228952	0	0.00395616
206	0	0.7.6.229531	0	0.02251507
206	0	0.7.6.229537	0	0.02251507
206	0	0.7.6.229760	0	0.00395616
206	0	0.7.6.22997	0	0.02251507
206	0	0.7.6.230006	0	0.02492291
206	0	0.7.6.230031	0	0.00395616
206	0	0.7.6.230104	0	0.02492291
206	0	0.7.6.230461	0	0.02492291
206	0	0.7.6.230554	0	0.02492291
206	0	0.7.6.23060	1	0.02251507
206	0	0.7.6.230686	0	0.02492291
206	0	0.7.6.230836	0	0.02492291
206	0	0.7.6.230888	0	0.02492291
206	0	0.7.6.230901	0	0.02492291
206	0	0.7.6.231207	0	0.02251507
206	0	0.7.6.23179	0	0.00395616
206	0	0.7.6.232286	0	0.02251507
206	0	0.7.6.232557	0	0.02492291
206	0	0.7.6.232710	0	0.02492291
206	0	0.7.6.232756	0	0.02492291
206	0	0.7.6.23317	0	0.02492291
206	0	0.7.6.233185	0	0.00395616
206	0	0.7.6.233196	0	0.02492291
206	0	0.7.6.233370	0	0.02492291
206	0	0.7.6.233487	0	0.00395616
206	0	0.7.6.233541	0	0.02492291
206	0	0.7.6.233553	0	0.02492291
206	0	0.7.6.233563	0	0.02492291
206	0	0.7.6.233844	0	0.02492291
206	0	0.7.6.233847	0	0.02492291
206	0	0.7.6.233848	0	0.02492291
206	0	0.7.6.233854	0	0.02492291
206	0	0.7.6.233858	0	0.02492291
206	0	0.7.6.233877	-2	0.02492291
206	0	0.7.6.234371	0	0.02492291
206	0	0.7.6.234495	0	0.02492291
206	0	0.7.6.234959	0	0.02492291
206	0	0.7.6.235119	0	0.02492291
206	0	0.7.6.235139	-2	0.02492291
206	0	0.7.6.235357	0	0.02492291
206	0	0.7.6.235723	0	0.02492291
206	0	0.7.6.23603	0	0.02492291
206	0	0.7.6.236172	0	0.02251507
206	0	0.7.6.236454	0	0.00395616
206	0	0.7.6.237034	0	0.02492291
206	0	0.7.6.237133	0	0.00395616
206	0	0.7.6.237146	0	0.00395616
206	0	0.7.6.237460	-2	0.02338009
206	0	0.7.6.237601	0	0.02492291
206	0	0.7.6.237969	0	0.02492291
206	0	0.7.6.238014	-2	0.02492291
206	0	0.7.6.238044	0	0.00395616
206	0	0.7.6.238095	0	0.02492291
206	0	0.7.6.238101	0	0.00395616
206	0	0.7.6.23818	0	0.02492291
206	0	0.7.6.238318	0	0.02338009
206	0	0.7.6.238427	0	0.02338009
206	0	0.7.6.238677	0	0.02492291
206	0	0.7.6.238710	0	0.00395616
206	0	0.7.6.238965	0	0.02492291
206	0	0.7.6.239553	0	0.00395616
206	0	0.7.6.239649	0	0.00395616
206	0	0.7.6.239680	-1	0.02338009
206	0	0.7.6.239774	0	0.02251507
206	0	0.7.6.240030	0	0.02492291
206	0	0.7.6.240085	0	0.02492291
206	0	0.7.6.24016	0	0.00395616
206	0	0.7.6.240195	0	0.02338009
206	0	0.7.6.240300	0	0.02338009
206	0	0.7.6.240323	0	0.02492291
206	0	0.7.6.240641	0	0.00395616
206	0	0.7.6.241211	0	0.00395616
206	0	0.7.6.24248	0	0.00395616
206	0	0.7.6.24381	0	0.00395616
206	0	0.7.6.248622	0	0.00395616
206	0	0.7.6.248792	0	0.00395616
206	0	0.7.6.248798	0	0.00395616
206	0	0.7.6.248809	0	0.00395616
206	0	0.7.6.249843	0	0.00395616
206	0	0.7.6.250085	0	0.00395616
206	0	0.7.6.250174	0	0.00395616
206	0	0.7.6.250691	0	0.00395616
206	0	0.7.6.250806	1	0.00395616
206	0	0.7.6.250836	0	0.00395616
206	0	0.7.6.251071	0	0.00395616
206	0	0.7.6.251073	0	0.00395616
206	0	0.7.6.251421	0	0.00395616
206	0	0.7.6.251453	0	0.00395616
206	0	0.7.6.252062	0	0.00395616
206	0	0.7.6.252485	0	0.00395616
206	0	0.7.6.252766	1	0.00395616
206	0	0.7.6.252848	0	0.00395616
206	0	0.7.6.253577	0	0.00395616
206	0	0.7.6.253580	0	0.00395616
206	0	0.7.6.254640	0	0.00395616
206	0	0.7.6.254801	0	0.00395616
206	0	0.7.6.255710	0	0.00395616
206	0	0.7.6.256198	0	0.00395616
206	0	0.7.6.256622	0	0.00395616
206	0	0.7.6.257650	0	0.00395616
206	0	0.7.6.2583	0	0.00395616
206	0	0.7.6.259119	0	0.02492291
206	0	0.7.6.259153	0	0.00395616
206	0	0.7.6.259420	0	0.00395616
206	0	0.7.6.259477	0	0.00395616
206	0	0.7.6.259822	1	0.00395616
206	0	0.7.6.260701	0	0.00395616
206	0	0.7.6.260707	0	0.00395616
206	0	0.7.6.260725	0	0.00395616
206	0	0.7.6.260903	0	0.00395616
206	0	0.7.6.261191	1	0.00395616
206	0	0.7.6.261302	0	0.00395616
206	0	0.7.6.261334	0	0.00395616
206	0	0.7.6.261559	0	0.00395616
206	0	0.7.6.261865	0	0.00395616
206	0	0.7.6.262100	-1	0.00395616
206	0	0.7.6.263484	0	0.00395616
206	0	0.7.6.264935	0	0.02251507
206	0	0.7.6.265921	0	0.00395616
206	0	0.7.6.266050	0	0.00395616
206	0	0.7.6.266066	0	0.02492291
206	0	0.7.6.266938	0	0.00395616
206	0	0.7.6.267071	1	0.00395616
206	0	0.7.6.267288	0	0.00395616
206	0	0.7.6.267475	0	0.00395616
206	0	0.7.6.267761	0	0.00395616
206	0	0.7.6.268030	0	0.00395616
206	0	0.7.6.268109	0	0.00395616
206	0	0.7.6.270917	0	0.00395616
206	0	0.7.6.271254	0	0.00395616
206	0	0.7.6.273242	0	0.00395616
206	0	0.7.6.273361	-2	0.00395616
206	0	0.7.6.273542	0	0.00395616
206	0	0.7.6.273764	0	0.00395616
206	0	0.7.6.274736	0	0.02492291
206	0	0.7.6.275073	0	0.02492291
206	0	0.7.6.275154	0	0.00395616
206	0	0.7.6.275250	0	0.00395616
206	0	0.7.6.27526	0	0.00395616
206	0	0.7.6.275307	0	0.02251507
206	0	0.7.6.27580	0	0.00395616
206	0	0.7.6.275825	0	0.00395616
206	0	0.7.6.275826	0	0.00395616
206	0	0.7.6.276480	0	0.00395616
206	0	0.7.6.277202	-2	0.00395616
206	0	0.7.6.278012	0	0.00395616
206	0	0.7.6.27822	-1	0.00395616
206	0	0.7.6.279528	0	0.02492291
206	0	0.7.6.27960	-1	0.00395616
206	0	0.7.6.280075	0	0.00395616
206	0	0.7.6.280108	0	0.00395616
206	0	0.7.6.280908	0	0.00395616
206	0	0.7.6.281004	0	0.00395616
206	0	0.7.6.282190	-2	0.00395616
206	0	0.7.6.285041	0	0.00395616
206	0	0.7.6.285994	0	0.00395616
206	0	0.7.6.286117	0	0.00395616
206	0	0.7.6.286938	0	0.00395616
206	0	0.7.6.288256	0	0.00395616
206	0	0.7.6.288468	0	0.00395616
206	0	0.7.6.288890	0	0.00395616
206	0	0.7.6.289562	-2	0.00395616
206	0	0.7.6.29066	0	0.00395616
206	0	0.7.6.29079	0	0.00395616
206	0	0.7.6.29149	0	0.00395616
206	0	0.7.6.291904	0	0.00395616
206	0	0.7.6.296455	0	0.00395616
206	0	0.7.6.299981	0	0.00395616
206	0	0.7.6.301280	-2	0.02251507
206	0	0.7.6.303293	0	0.00395616
206	0	0.7.6.303325	0	0.02492291
206	0	0.7.6.303425	0	0.02492291
206	0	0.7.6.303454	0	0.02492291
206	0	0.7.6.303583	-2	0.02492291
206	0	0.7.6.303744	-2	0.02492291
206	0	0.7.6.304144	0	0.00395616
206	0	0.7.6.304436	0	0.00395616
206	0	0.7.6.304592	0	0.00395616
206	0	0.7.6.305451	0	0.00395616
206	0	0.7.6.305515	0	0.00395616
206	0	0.7.6.305776	0	0.00395616
206	0	0.7.6.305830	0	0.00395616
206	0	0.7.6.306250	0	0.02492291
206	0	0.7.6.307154	0	0.02251507
206	0	0.7.6.307232	0	0.00395616
206	0	0.7.6.307420	0	0.02492291
206	0	0.7.6.307621	0	0.02492291
206	0	0.7.6.307690	0	0.02492291
206	0	0.7.6.307764	0	0.00395616
206	0	0.7.6.308194	0	0.02251507
206	0	0.7.6.308237	0	0.02492291
206	0	0.7.6.308255	0	0.02251507
206	0	0.7.6.308444	0	0.02492291
206	0	0.7.6.308552	0	0.02492291
206	0	0.7.6.309158	0	0.00395616
206	0	0.7.6.309938	0	0.00395616
206	0	0.7.6.309987	0	0.00395616
206	0	0.7.6.310145	0	0.00395616
206	0	0.7.6.310159	0	0.00395616
206	0	0.7.6.310291	0	0.00395616
206	0	0.7.6.310391	0	0.00395616
206	0	0.7.6.310795	0	0.00395616
206	0	0.7.6.310806	0	0.00395616
206	0	0.7.6.310848	0	0.00395616
206	0	0.7.6.310898	0	0.00395616
206	0	0.7.6.311359	0	0.00395616
206	0	0.7.6.31173	0	0.00395616
206	0	0.7.6.31194	0	0.00395616
206	0	0.7.6.31291	0	0.00395616
206	0	0.7.6.313573	0	0.00395616
206	0	0.7.6.313870	0	0.02251507
206	0	0.7.6.313913	0	0.02251507
206	0	0.7.6.313951	0	0.02251507
206	0	0.7.6.313964	0	0.02251507
206	0	0.7.6.314091	0	0.02251507
206	0	0.7.6.314106	0	0.02251507
206	0	0.7.6.314195	0	0.02251507
206	0	0.7.6.314253	0	0.02251507
206	0	0.7.6.314265	0	0.02251507
206	0	0.7.6.314269	0	0.02251507
206	0	0.7.6.314272	0	0.02251507
206	0	0.7.6.314302	0	0.02251507
206	0	0.7.6.314334	0	0.02251507
206	0	0.7.6.314441	0	0.02251507
206	0	0.7.6.314451	0	0.02251507
206	0	0.7.6.314456	0	0.02251507
206	0	0.7.6.314469	0	0.02251507
206	0	0.7.6.314530	0	0.02251507
206	0	0.7.6.314579	0	0.02251507
206	0	0.7.6.314656	0	0.02251507
206	0	0.7.6.314690	0	0.02251507
206	0	0.7.6.314695	0	0.02251507
206	0	0.7.6.315126	0	0.00395616
206	0	0.7.6.315128	0	0.02492291
206	0	0.7.6.315247	0	0.00395616
206	0	0.7.6.315324	0	0.02251507
206	0	0.7.6.315866	0	0.00395616
206	0	0.7.6.316113	0	0.02492291
206	0	0.7.6.316353	0	0.00395616
206	0	0.7.6.317225	0	0.00395616
206	0	0.7.6.317499	0	0.00395616
206	0	0.7.6.317595	0	0.00395616
206	0	0.7.6.317868	0	0.02492291
206	0	0.7.6.318009	0	0.02492291
206	0	0.7.6.3186	0	0.00395616
206	0	0.7.6.319035	-2	0.00395616
206	0	0.7.6.319060	-2	0.02251507
206	0	0.7.6.319163	0	0.00395616
206	0	0.7.6.319372	0	0.00395616
206	0	0.7.6.319426	0	0.00395616
206	0	0.7.6.319438	0	0.00395616
206	0	0.7.6.319488	0	0.00395616
206	0	0.7.6.319796	0	0.02492291
206	0	0.7.6.319899	0	0.00395616
206	0	0.7.6.320636	0	0.02492291
206	0	0.7.6.320699	0	0.02492291
206	0	0.7.6.320962	0	0.00395616
206	0	0.7.6.321343	0	0.00395616
206	0	0.7.6.321350	0	0.00395616
206	0	0.7.6.321883	0	0.00395616
206	0	0.7.6.322220	0	0.02492291
206	0	0.7.6.322655	0	0.00395616
206	0	0.7.6.323104	0	0.00395616
206	0	0.7.6.32322	0	0.00395616
206	0	0.7.6.32394	0	0.00395616
206	0	0.7.6.324078	0	0.00395616
206	0	0.7.6.324501	0	0.02492291
206	0	0.7.6.324532	0	0.00395616
206	0	0.7.6.325187	0	0.02492291
206	0	0.7.6.325592	0	0.02492291
206	0	0.7.6.325702	0	0.00395616
206	0	0.7.6.326191	0	0.00395616
206	0	0.7.6.326199	0	0.00395616
206	0	0.7.6.326448	0	0.02492291
206	0	0.7.6.326581	0	0.02492291
206	0	0.7.6.326633	0	0.02492291
206	0	0.7.6.326639	0	0.02492291
206	0	0.7.6.326661	0	0.00395616
206	0	0.7.6.326706	-2	0.02492291
206	0	0.7.6.327281	0	0.02492291
206	0	0.7.6.327304	-2	0.00395616
206	0	0.7.6.327394	0	0.00395616
206	0	0.7.6.327563	0	0.00395616
206	0	0.7.6.327832	0	0.02492291
206	0	0.7.6.328049	0	0.00395616
206	0	0.7.6.328069	0	0.02338009
206	0	0.7.6.328469	0	0.02338009
206	0	0.7.6.328603	0	0.02492291
206	0	0.7.6.328834	0	0.02492291
206	0	0.7.6.331681	0	0.00395616
206	0	0.7.6.331715	0	0.00395616
206	0	0.7.6.332206	0	0.02492291
206	0	0.7.6.332433	0	0.02251507
206	0	0.7.6.332521	0	0.00395616
206	0	0.7.6.332696	0	0.00395616
206	0	0.7.6.332950	0	0.00395616
206	0	0.7.6.333055	0	0.00395616
206	0	0.7.6.333179	0	0.00395616
206	0	0.7.6.333349	-2	0.00395616
206	0	0.7.6.333711	1	0.00395616
206	0	0.7.6.334091	0	0.00395616
206	0	0.7.6.334252	0	0.00395616
206	0	0.7.6.334735	0	0.00395616
206	0	0.7.6.334843	0	0.00395616
206	0	0.7.6.335242	0	0.00395616
206	0	0.7.6.335879	0	0.00395616
206	0	0.7.6.335962	0	0.02492291
206	0	0.7.6.336024	0	0.02251507
206	0	0.7.6.336064	0	0.02251507
206	0	0.7.6.336375	0	0.02251507
206	0	0.7.6.336470	0	0.02251507
206	0	0.7.6.336476	0	0.00395616
206	0	0.7.6.336517	0	0.02251507
206	0	0.7.6.336554	0	0.00395616
206	0	0.7.6.336643	0	0.02251507
206	0	0.7.6.337008	0	0.02251507
206	0	0.7.6.337540	1	0.00395616
206	0	0.7.6.337688	0	0.02251507
206	0	0.7.6.337699	0	0.02251507
206	0	0.7.6.337723	0	0.00395616
206	0	0.7.6.338048	0	0.00395616
206	0	0.7.6.338085	0	0.00395616
206	0	0.7.6.338166	0	0.00395616
206	0	0.7.6.338207	0	0.02251507
206	0	0.7.6.338311	-2	0.00395616
206	0	0.7.6.338508	0	0.02251507
206	0	0.7.6.338524	0	0.02251507
206	0	0.7.6.339475	0	0.02251507
206	0	0.7.6.340277	1	0.02251507
206	0	0.7.6.340335	1	0.02251507
206	0	0.7.6.340628	0	0.02251507
206	0	0.7.6.340630	0	0.02251507
206	0	0.7.6.340650	0	0.00395616
206	0	0.7.6.341189	0	0.00395616
206	0	0.7.6.341200	1	0.00395616
206	0	0.7.6.341361	0	0.00395616
206	0	0.7.6.341370	-2	0.00395616
206	0	0.7.6.341626	0	0.00395616
206	0	0.7.6.341650	0	0.00395616
206	0	0.7.6.341941	0	0.00395616
206	0	0.7.6.34202	1	0.00395616
206	0	0.7.6.342042	0	0.02251507
206	0	0.7.6.342299	0	0.00395616
206	0	0.7.6.342490	0	0.00395616
206	0	0.7.6.342711	0	0.00395616
206	0	0.7.6.344193	0	0.00395616
206	0	0.7.6.344601	-2	0.00395616
206	0	0.7.6.344769	0	0.02251507
206	0	0.7.6.344831	0	0.00395616
206	0	0.7.6.344899	0	0.00395616
206	0	0.7.6.345181	0	0.02251507
206	0	0.7.6.345204	0	0.02251507
206	0	0.7.6.345205	0	0.02251507
206	0	0.7.6.345260	0	0.02492291
206	0	0.7.6.345418	0	0.00395616
206	0	0.7.6.345473	0	0.00395616
206	0	0.7.6.346103	0	0.00395616
206	0	0.7.6.346305	0	0.02492291
206	0	0.7.6.346953	0	0.00395616
206	0	0.7.6.347133	0	0.02492291
206	0	0.7.6.347272	0	0.00395616
206	0	0.7.6.347479	0	0.00395616
206	0	0.7.6.348062	0	0.02492291
206	0	0.7.6.348357	0	0.00395616
206	0	0.7.6.348367	0	0.00395616
206	0	0.7.6.348518	0	0.00395616
206	0	0.7.6.348539	0	0.00395616
206	0	0.7.6.349954	0	0.00395616
206	0	0.7.6.350480	0	0.00395616
206	0	0.7.6.350598	0	0.00395616
206	0	0.7.6.350825	0	0.00395616
206	0	0.7.6.351078	0	0.00395616
206	0	0.7.6.351244	0	0.00395616
206	0	0.7.6.351552	0	0.00395616
206	0	0.7.6.352572	0	0.00395616
206	0	0.7.6.352691	0	0.00395616
206	0	0.7.6.352714	0	0.00395616
206	0	0.7.6.353044	0	0.00395616
206	0	0.7.6.354009	0	0.00395616
206	0	0.7.6.355437	0	0.00395616
206	0	0.7.6.355579	0	0.00395616
206	0	0.7.6.35683	0	0.00395616
206	0	0.7.6.356951	0	0.00395616
206	0	0.7.6.357076	0	0.00395616
206	0	0.7.6.360130	0	0.02251507
206	0	0.7.6.360362	0	0.00395616
206	0	0.7.6.360707	0	0.00395616
206	0	0.7.6.361098	1	0.00395616
206	0	0.7.6.361414	0	0.00395616
206	0	0.7.6.361625	0	0.00395616
206	0	0.7.6.362166	0	0.00395616
206	0	0.7.6.36286	0	0.02492291
206	0	0.7.6.363266	0	0.00395616
206	0	0.7.6.363283	0	0.00395616
206	0	0.7.6.364123	0	0.02492291
206	0	0.7.6.364973	0	0.00395616
206	0	0.7.6.365363	-1	0.00395616
206	0	0.7.6.3654	0	0.00395616
206	0	0.7.6.365577	0	0.02251507
206	0	0.7.6.365861	0	0.00395616
206	0	0.7.6.366250	0	0.02492291
206	0	0.7.6.366487	0	0.02492291
206	0	0.7.6.366860	0	0.00395616
206	0	0.7.6.366924	0	0.02492291
206	0	0.7.6.367092	0	0.02492291
206	0	0.7.6.367361	0	0.00395616
206	0	0.7.6.367418	0	0.02492291
206	0	0.7.6.367822	0	0.00395616
206	0	0.7.6.36899	0	0.02492291
206	0	0.7.6.369407	0	0.00395616
206	0	0.7.6.3695	0	0.00395616
206	0	0.7.6.369818	0	0.00395616
206	0	0.7.6.369819	0	0.02492291
206	0	0.7.6.369886	0	0.00395616
206	0	0.7.6.370411	0	0.00395616
206	0	0.7.6.371377	0	0.00395616
206	0	0.7.6.371726	0	0.00395616
206	0	0.7.6.371984	0	0.00395616
206	0	0.7.6.373013	0	0.02251507
206	0	0.7.6.373294	0	0.02251507
206	0	0.7.6.373334	0	0.02251507
206	0	0.7.6.373407	0	0.02251507
206	0	0.7.6.373440	0	0.02251507
206	0	0.7.6.373446	0	0.02251507
206	0	0.7.6.373548	0	0.02251507
206	0	0.7.6.373572	0	0.02251507
206	0	0.7.6.373573	0	0.02251507
206	0	0.7.6.373587	0	0.02251507
206	0	0.7.6.373651	0	0.02251507
206	0	0.7.6.373656	0	0.02251507
206	0	0.7.6.373692	0	0.02251507
206	0	0.7.6.373701	0	0.02251507
206	0	0.7.6.373716	0	0.02251507
206	0	0.7.6.373734	0	0.02251507
206	0	0.7.6.373759	0	0.02251507
206	0	0.7.6.373782	0	0.02251507
206	0	0.7.6.373820	0	0.1269841
206	0	0.7.6.373846	0	0.02251507
206	0	0.7.6.373998	0	0.02251507
206	0	0.7.6.374036	0	0.02251507
206	0	0.7.6.374037	0	0.02251507
206	0	0.7.6.374144	0	0.02251507
206	0	0.7.6.374165	0	0.02251507
206	0	0.7.6.374180	0	0.02251507
206	0	0.7.6.374188	0	0.02251507
206	0	0.7.6.374264	0	0.02251507
206	0	0.7.6.374507	0	0.02251507
206	0	0.7.6.374571	0	0.02251507
206	0	0.7.6.374597	0	0.02251507
206	0	0.7.6.374657	0	0.02251507
206	0	0.7.6.374685	0	0.02251507
206	0	0.7.6.374698	0	0.02251507
206	0	0.7.6.374783	0	0.02251507
206	0	0.7.6.374824	0	0.02251507
206	0	0.7.6.375396	0	0.02492291
206	0	0.7.6.375441	0	0.02251507
206	0	0.7.6.375461	0	0.02251507
206	0	0.7.6.375795	0	0.00395616
206	0	0.7.6.3762	0	0.00395616
206	0	0.7.6.37628	0	0.02492291
206	0	0.7.6.37668	0	0.00395616
206	0	0.7.6.37673	0	0.02492291
206	0	0.7.6.38227	0	0.00395616
206	0	0.7.6.38260	0	0.02251507
206	0	0.7.6.38471	0	0.02251507
206	0	0.7.6.38560	0	0.02492291
206	0	0.7.6.38683	0	0.00395616
206	0	0.7.6.387621	0	0.02492291
206	0	0.7.6.388540	0	0.00395616
206	0	0.7.6.388650	0	0.00395616
206	0	0.7.6.388811	0	0.00395616
206	0	0.7.6.388857	0	0.02492291
206	0	0.7.6.388893	0	0.00395616
206	0	0.7.6.389121	0	0.00395616
206	0	0.7.6.389285	0	0.00395616
206	0	0.7.6.389408	0	0.02492291
206	0	0.7.6.390107	0	0.00395616
206	0	0.7.6.390143	0	0.00395616
206	0	0.7.6.390147	-2	0.00395616
206	0	0.7.6.390386	0	0.00395616
206	0	0.7.6.390853	0	0.02492291
206	0	0.7.6.390895	0	0.02492291
206	0	0.7.6.391335	0	0.02492291
206	0	0.7.6.391368	-2	0.00395616
206	0	0.7.6.391430	0	0.00395616
206	0	0.7.6.391524	0	0.02492291
206	0	0.7.6.391628	0	0.00395616
206	0	0.7.6.392024	-2	0.02492291
206	0	0.7.6.392285	0	0.02492291
206	0	0.7.6.392427	0	0.00395616
206	0	0.7.6.392830	0	0.00395616
206	0	0.7.6.393354	0	0.00395616
206	0	0.7.6.393567	0	0.00395616
206	0	0.7.6.394399	0	0.00395616
206	0	0.7.6.3954	0	0.00395616
206	0	0.7.6.398276	0	0.00395616
206	0	0.7.6.398541	0	0.00395616
206	0	0.7.6.399806	0	0.00395616
206	0	0.7.6.401845	0	0.00395616
206	0	0.7.6.401893	0	0.00395616
206	0	0.7.6.402592	0	0.02251507
206	0	0.7.6.403303	-1	0.00395616
206	0	0.7.6.403391	-1	0.00395616
206	0	0.7.6.403471	-1	0.00395616
206	0	0.7.6.404060	-1	0.00395616
206	0	0.7.6.404847	0	0.00395616
206	0	0.7.6.405097	0	0.02492291
206	0	0.7.6.405449	0	0.00395616
206	0	0.7.6.406192	0	0.00395616
206	0	0.7.6.406349	0	0.00395616
206	0	0.7.6.407233	0	0.02492291
206	0	0.7.6.408156	0	0.00395616
206	0	0.7.6.408221	0	0.02492291
206	0	0.7.6.409257	0	0.00395616
206	0	0.7.6.410201	0	0.00395616
206	0	0.7.6.410543	0	0.00395616
206	0	0.7.6.412413	0	0.00395616
206	0	0.7.6.412503	0	0.00395616
206	0	0.7.6.412730	0	0.00395616
206	0	0.7.6.413253	0	0.00395616
206	0	0.7.6.413938	-2	0.00395616
206	0	0.7.6.414413	0	0.02492291
206	0	0.7.6.414509	0	0.00395616
206	0	0.7.6.414656	0	0.00395616
206	0	0.7.6.415766	0	0.00395616
206	0	0.7.6.416029	0	0.02338009
206	0	0.7.6.416695	0	0.02338009
206	0	0.7.6.417481	0	0.00395616
206	0	0.7.6.417495	0	0.00395616
206	0	0.7.6.417632	0	0.00395616
206	0	0.7.6.417772	0	0.00395616
206	0	0.7.6.417951	0	0.00395616
206	0	0.7.6.418647	0	0.00395616
206	0	0.7.6.419184	0	0.00395616
206	0	0.7.6.419269	1	0.00395616
206	0	0.7.6.419383	0	0.02492291
206	0	0.7.6.419692	0	0.08547009
206	0	0.7.6.420581	0	0.00395616
206	0	0.7.6.420623	0	0.00395616
206	0	0.7.6.420788	0	0.00395616
206	0	0.7.6.420867	0	0.00395616
206	0	0.7.6.420919	1	0.00395616
206	0	0.7.6.421023	0	0.00395616
206	0	0.7.6.429617	0	0.02492291
206	0	0.7.6.429635	0	0.02492291
206	0	0.7.6.429685	0	0.00395616
206	0	0.7.6.429705	0	0.02492291
206	0	0.7.6.430282	0	0.02251507
206	0	0.7.6.430592	0	0.00395616
206	0	0.7.6.431086	0	0.00395616
206	0	0.7.6.431453	0	0.02492291
206	0	0.7.6.432216	0	0.00395616
206	0	0.7.6.432512	0	0.00395616
206	0	0.7.6.432515	0	0.00395616
206	0	0.7.6.432572	0	0.00395616
206	0	0.7.6.432586	0	0.00395616
206	0	0.7.6.432712	0	0.02251507
206	0	0.7.6.432973	0	0.02492291
206	0	0.7.6.433017	0	0.02251507
206	0	0.7.6.433086	0	0.00395616
206	0	0.7.6.433774	0	0.00395616
206	0	0.7.6.433829	0	0.00395616
206	0	0.7.6.433966	0	0.00395616
206	0	0.7.6.434119	0	0.00395616
206	0	0.7.6.434734	0	0.02251507
206	0	0.7.6.435053	0	0.00395616
206	0	0.7.6.435252	0	0.00395616
206	0	0.7.6.435576	0	0.02251507
206	0	0.7.6.435728	0	0.00395616
206	0	0.7.6.435751	-2	0.00395616
206	0	0.7.6.435779	0	0.00395616
206	0	0.7.6.438557	0	0.02251507
206	0	0.7.6.438639	0	0.02251507
206	0	0.7.6.438687	0	0.02251507
206	0	0.7.6.438782	0	0.00395616
206	0	0.7.6.438845	0	0.02492291
206	0	0.7.6.439333	0	0.00395616
206	0	0.7.6.441502	0	0.02492291
206	0	0.7.6.442569	0	0.00395616
206	0	0.7.6.443207	0	0.00395616
206	0	0.7.6.444158	0	0.02251507
206	0	0.7.6.444959	0	0.00395616
206	0	0.7.6.445107	0	0.02492291
206	0	0.7.6.445338	0	0.02492291
206	0	0.7.6.445795	0	0.00395616
206	0	0.7.6.446266	0	0.02492291
206	0	0.7.6.446280	0	0.00395616
206	0	0.7.6.446290	0	0.00395616
206	0	0.7.6.446837	0	0.02492291
206	0	0.7.6.446842	0	0.00395616
206	0	0.7.6.446873	-1	0.02251507
206	0	0.7.6.446921	0	0.00395616
206	0	0.7.6.446996	0	0.00395616
206	0	0.7.6.447127	0	0.02492291
206	0	0.7.6.447254	0	0.02492291
206	0	0.7.6.447269	0	0.02492291
206	0	0.7.6.447318	0	0.00395616
206	0	0.7.6.447539	0	0.02492291
206	0	0.7.6.447641	0	0.02492291
206	0	0.7.6.448890	0	0.02492291
206	0	0.7.6.449160	0	0.02492291
206	0	0.7.6.450115	0	0.00395616
206	0	0.7.6.450763	0	0.00395616
206	0	0.7.6.452774	0	0.00395616
206	0	0.7.6.452869	0	0.00395616
206	0	0.7.6.452979	0	0.00395616
206	0	0.7.6.453497	0	0.00395616
206	0	0.7.6.453822	0	0.00395616
206	0	0.7.6.454011	0	0.02251507
206	0	0.7.6.455507	0	0.02492291
206	0	0.7.6.460071	0	0.02492291
206	0	0.7.6.460256	0	0.00395616
206	0	0.7.6.462880	1	0.00395616
206	0	0.7.6.463215	1	0.02338009
206	0	0.7.6.464159	0	0.02492291
206	0	0.7.6.464384	0	0.00395616
206	0	0.7.6.464614	0	0.00395616
206	0	0.7.6.464800	0	0.00395616
206	0	0.7.6.466202	0	0.02492291
206	0	0.7.6.466508	0	0.00395616
206	0	0.7.6.467191	0	0.00395616
206	0	0.7.6.467355	0	0.02251507
206	0	0.7.6.467679	0	0.02492291
206	0	0.7.6.467684	-2	0.02251507
206	0	0.7.6.467963	0	0.02492291
206	0	0.7.6.467973	0	0.02492291
206	0	0.7.6.468112	0	0.02251507
206	0	0.7.6.468605	0	0.02251507
206	0	0.7.6.468606	0	0.02251507
206	0	0.7.6.468722	0	0.00395616
206	0	0.7.6.468830	0	0.02251507
206	0	0.7.6.468881	0	0.02492291
206	0	0.7.6.468996	0	0.02251507
206	0	0.7.6.469108	0	0.00395616
206	0	0.7.6.469136	0	0.02251507
206	0	0.7.6.469807	0	0.00395616
206	0	0.7.6.470058	0	0.00395616
206	0	0.7.6.4796	0	0.00395616
206	0	0.7.6.480787	1	0.02251507
206	0	0.7.6.481018	0	0.02492291
206	0	0.7.6.481771	0	0.02492291
206	0	0.7.6.481971	0	0.00395616
206	0	0.7.6.482158	0	0.02492291
206	0	0.7.6.482552	0	0.00395616
206	0	0.7.6.482629	0	0.00395616
206	0	0.7.6.482958	0	0.00395616
206	0	0.7.6.483664	0	0.02492291
206	0	0.7.6.483697	0	0.00395616
206	0	0.7.6.483781	0	0.00395616
206	0	0.7.6.485204	0	0.00395616
206	0	0.7.6.485335	0	0.02251507
206	0	0.7.6.485926	0	0.00395616
206	0	0.7.6.485940	0	0.00395616
206	0	0.7.6.486080	0	0.00395616
206	0	0.7.6.486941	0	0.00395616
206	0	0.7.6.487029	-2	0.00395616
206	0	0.7.6.487440	0	0.00395616
206	0	0.7.6.487621	0	0.00395616
206	0	0.7.6.488121	0	0.00395616
206	0	0.7.6.491924	0	0.00395616
206	0	0.7.6.492845	0	0.02251507
206	0	0.7.6.493226	0	0.00395616
206	0	0.7.6.494427	0	0.02492291
206	0	0.7.6.495097	0	0.00395616
206	0	0.7.6.495258	0	0.00395616
206	0	0.7.6.495474	0	0.02492291
206	0	0.7.6.497022	0	0.02492291
206	0	0.7.6.497162	0	0.00395616
206	0	0.7.6.498853	0	0.02492291
206	0	0.7.6.499393	0	0.00395616
206	0	0.7.6.499400	0	0.00395616
206	0	0.7.6.499478	0	0.00395616
206	0	0.7.6.499859	0	0.00395616
206	0	0.7.6.499950	0	0.00395616
206	0	0.7.6.500264	0	0.00395616
206	0	0.7.6.500367	0	0.00395616
206	0	0.7.6.500411	0	0.02492291
206	0	0.7.6.500490	0	0.02492291
206	0	0.7.6.501654	0	0.02492291
206	0	0.7.6.501798	0	0.00395616
206	0	0.7.6.502594	0	0.02492291
206	0	0.7.6.502660	0	0.02338009
206	0	0.7.6.503014	0	0.02251507
206	0	0.7.6.503025	0	0.02251507
206	0	0.7.6.503090	0	0.02251507
206	0	0.7.6.503120	0	0.02251507
206	0	0.7.6.503208	0	0.02251507
206	0	0.7.6.503280	0	0.02251507
206	0	0.7.6.503336	0	0.02251507
206	0	0.7.6.503401	0	0.02251507
206	0	0.7.6.503568	0	0.02251507
206	0	0.7.6.503587	0	0.02251507
206	0	0.7.6.503607	0	0.02251507
206	0	0.7.6.503800	0	0.02251507
206	0	0.7.6.503829	-2	0.02251507
206	0	0.7.6.503904	0	0.02251507
206	0	0.7.6.503935	0	0.02251507
206	0	0.7.6.504002	-2	0.02251507
206	0	0.7.6.504141	0	0.02251507
206	0	0.7.6.504149	0	0.02251507
206	0	0.7.6.504239	0	0.02251507
206	0	0.7.6.504268	0	0.02251507
206	0	0.7.6.504397	0	0.02251507
206	0	0.7.6.504444	0	0.02251507
206	0	0.7.6.504546	0	0.02251507
206	0	0.7.6.504671	0	0.02251507
206	0	0.7.6.504717	0	0.02251507
206	0	0.7.6.504937	0	0.02251507
206	0	0.7.6.504973	-2	0.02251507
206	0	0.7.6.504982	0	0.02251507
206	0	0.7.6.505048	0	0.02251507
206	0	0.7.6.505117	0	0.02251507
206	0	0.7.6.505175	0	0.02251507
206	0	0.7.6.505193	0	0.02251507
206	0	0.7.6.505213	0	0.02251507
206	0	0.7.6.505214	0	0.02251507
206	0	0.7.6.505371	0	0.00395616
206	0	0.7.6.505372	0	0.02251507
206	0	0.7.6.505394	0	0.02251507
206	0	0.7.6.505420	0	0.02251507
206	0	0.7.6.505461	0	0.02251507
206	0	0.7.6.505463	0	0.02251507
206	0	0.7.6.505525	0	0.02251507
206	0	0.7.6.505584	0	0.02251507
206	0	0.7.6.505591	0	0.02251507
206	0	0.7.6.505619	0	0.02251507
206	0	0.7.6.505686	0	0.02251507
206	0	0.7.6.505723	0	0.02251507
206	0	0.7.6.505753	0	0.02251507
206	0	0.7.6.505766	0	0.02251507
206	0	0.7.6.505794	0	0.02251507
206	0	0.7.6.505799	0	0.02251507
206	0	0.7.6.505825	0	0.02251507
206	0	0.7.6.505885	0	0.02251507
206	0	0.7.6.506005	-2	0.00395616
206	0	0.7.6.506144	0	0.00395616
206	0	0.7.6.506790	0	0.02251507
206	0	0.7.6.506816	0	0.02251507
206	0	0.7.6.506846	0	0.02251507
206	0	0.7.6.506851	-2	0.02251507
206	0	0.7.6.507021	0	0.02492291
206	0	0.7.6.507298	0	0.02492291
206	0	0.7.6.507546	-2	0.02492291
206	0	0.7.6.507613	0	0.02492291
206	0	0.7.6.507716	1	0.00395616
206	0	0.7.6.507886	-2	0.00395616
206	0	0.7.6.507890	-2	0.00395616
206	0	0.7.6.508129	0	0.02492291
206	0	0.7.6.508155	0	0.00395616
206	0	0.7.6.508207	0	0.02492291
206	0	0.7.6.508460	0	0.00395616
206	0	0.7.6.508784	0	0.02492291
206	0	0.7.6.509027	0	0.00395616
206	0	0.7.6.509030	0	0.02492291
206	0	0.7.6.509112	0	0.00395616
206	0	0.7.6.509197	0	0.00395616
206	0	0.7.6.509248	0	0.02492291
206	0	0.7.6.509275	0	0.02492291
206	0	0.7.6.509423	0	0.02492291
206	0	0.7.6.509463	0	0.02251507
206	0	0.7.6.509534	0	0.02251507
206	0	0.7.6.509662	0	0.02492291
206	0	0.7.6.514335	0	0.00395616
206	0	0.7.6.514510	0	0.00395616
206	0	0.7.6.514759	0	0.00395616
206	0	0.7.6.515073	1	0.00395616
206	0	0.7.6.515432	0	0.00395616
206	0	0.7.6.515450	0	0.00395616
206	0	0.7.6.515542	-2	0.00395616
206	0	0.7.6.515635	0	0.00395616
206	0	0.7.6.515798	0	0.00395616
206	0	0.7.6.516970	0	0.00395616
206	0	0.7.6.517189	0	0.00395616
206	0	0.7.6.517297	0	0.00395616
206	0	0.7.6.518024	0	0.00395616
206	0	0.7.6.518123	0	0.00395616
206	0	0.7.6.518249	0	0.00395616
206	0	0.7.6.519578	-1	0.02492291
206	0	0.7.6.519751	-1	0.00395616
206	0	0.7.6.520170	0	0.00395616
206	0	0.7.6.520186	0	0.00395616
206	0	0.7.6.520604	0	0.00395616
206	0	0.7.6.520692	0	0.00395616
206	0	0.7.6.522716	0	0.00395616
206	0	0.7.6.523689	1	0.00395616
206	0	0.7.6.524797	0	0.00395616
206	0	0.7.6.525867	0	0.00395616
206	0	0.7.6.526283	0	0.00395616
206	0	0.7.6.526779	1	0.00395616
206	0	0.7.6.527047	0	0.00395616
206	0	0.7.6.527049	0	0.00395616
206	0	0.7.6.527814	0	0.00395616
206	0	0.7.6.528401	0	0.00395616
206	0	0.7.6.529513	0	0.00395616
206	0	0.7.6.529682	1	0.00395616
206	0	0.7.6.531332	0	0.00395616
206	0	0.7.6.531479	0	0.00395616
206	0	0.7.6.531779	0	0.00395616
206	0	0.7.6.533398	0	0.00395616
206	0	0.7.6.533738	0	0.00395616
206	0	0.7.6.533989	0	0.00395616
206	0	0.7.6.534615	0	0.00395616
206	0	0.7.6.535060	0	0.00395616
206	0	0.7.6.535525	0	0.00395616
206	0	0.7.6.535912	0	0.00395616
206	0	0.7.6.536839	0	0.00395616
206	0	0.7.6.536893	0	0.00395616
206	0	0.7.6.538034	0	0.02251507
206	0	0.7.6.538406	0	0.00395616
206	0	0.7.6.538943	0	0.00395616
206	0	0.7.6.538977	0	0.00395616
206	0	0.7.6.539932	-2	0.00395616
206	0	0.7.6.539957	0	0.02492291
206	0	0.7.6.540824	0	0.00395616
206	0	0.7.6.541614	0	0.02492291
206	0	0.7.6.541663	1	0.00395616
206	0	0.7.6.5424	0	0.00395616
206	0	0.7.6.545448	0	0.02492291
206	0	0.7.6.545891	0	0.02251507
206	0	0.7.6.545938	0	0.02251507
206	0	0.7.6.547287	0	0.00395616
206	0	0.7.6.548779	0	0.00395616
206	0	0.7.6.549996	0	0.00395616
206	0	0.7.6.550603	0	0.00395616
206	0	0.7.6.551216	-2	0.02492291
206	0	0.7.6.551223	0	0.02492291
206	0	0.7.6.551323	0	0.00395616
206	0	0.7.6.551391	0	0.02492291
206	0	0.7.6.551475	0	0.00395616
206	0	0.7.6.552056	0	0.00395616
206	0	0.7.6.552060	0	0.00395616
206	0	0.7.6.552165	0	0.00395616
206	0	0.7.6.552404	0	0.00395616
206	0	0.7.6.552587	0	0.00395616
206	0	0.7.6.552660	0	0.00395616
206	0	0.7.6.553492	0	0.02492291
206	0	0.7.6.554160	0	0.00395616
206	0	0.7.6.554489	0	0.00395616
206	0	0.7.6.555021	0	0.02492291
206	0	0.7.6.555913	0	0.02492291
206	0	0.7.6.557116	0	0.02492291
206	0	0.7.6.557436	0	0.00395616
206	0	0.7.6.564521	0	0.02492291
206	0	0.7.6.565200	-2	0.00395616
206	0	0.7.6.566292	0	0.00395616
206	0	0.7.6.566992	0	0.02492291
206	0	0.7.6.567929	0	0.02492291
206	0	0.7.6.568088	0	0.00395616
206	0	0.7.6.568233	0	0.02251507
206	0	0.7.6.568271	-2	0.02251507
206	0	0.7.6.570529	0	0.00395616
206	0	0.7.6.572979	0	0.02492291
206	0	0.7.6.573146	0	0.00395616
206	0	0.7.6.573525	0	0.00395616
206	0	0.7.6.581685	-2	0.00395616
206	0	0.7.6.582905	0	0.00395616
206	0	0.7.6.585232	0	0.02492291
206	0	0.7.6.585795	0	0.00395616
206	0	0.7.6.589617	0	0.00395616
206	0	0.7.6.596380	0	0.00395616
206	0	0.7.6.599302	0	0.00395616
206	0	0.7.6.601507	0	0.00395616
206	0	0.7.6.602170	0	0.00395616
206	0	0.7.6.60256	0	0.00395616
206	0	0.7.6.602931	0	0.00395616
206	0	0.7.6.60325	0	0.00395616
206	0	0.7.6.605139	0	0.00395616
206	0	0.7.6.605934	0	0.00395616
206	0	0.7.6.606678	0	0.00395616
206	0	0.7.6.606867	0	0.00395616
206	0	0.7.6.607312	0	0.00395616
206	0	0.7.6.610265	0	0.00395616
206	0	0.7.6.61137	0	0.00395616
206	0	0.7.6.61161	1	0.08547009
206	0	0.7.6.613663	0	0.00395616
206	0	0.7.6.613987	-1	0.02492291
206	0	0.7.6.614650	0	0.00395616
206	0	0.7.6.6152	-1	0.00395616
206	0	0.7.6.61778	0	0.00395616
206	0	0.7.6.61881	0	0.00395616
206	0	0.7.6.62152	0	0.00395616
206	0	0.7.6.621910	0	0.02492291
206	0	0.7.6.62371	0	0.00395616
206	0	0.7.6.623799	0	0.00395616
206	0	0.7.6.62420	0	0.00395616
206	0	0.7.6.62540	1	0.00395616
206	0	0.7.6.626383	0	0.00395616
206	0	0.7.6.627166	0	0.00395616
206	0	0.7.6.627360	-2	0.00395616
206	0	0.7.6.628826	-1	0.02251507
206	0	0.7.6.628985	0	0.00395616
206	0	0.7.6.629082	1	0.4285714
206	0	0.7.6.629171	-2	0.02251507
206	0	0.7.6.62932	0	0.00395616
206	0	0.7.6.629484	0	0.02251507
206	0	0.7.6.629574	0	0.02251507
206	0	0.7.6.630158	0	0.08547009
206	0	0.7.6.630336	0	0.00395616
206	0	0.7.6.630417	0	0.02251507
206	0	0.7.6.630982	0	0.02492291
206	0	0.7.6.631119	0	0.00395616
206	0	0.7.6.631199	0	0.02492291
206	0	0.7.6.63126	0	0.00395616
206	0	0.7.6.6323	0	0.00395616
206	0	0.7.6.6333	0	0.00395616
206	0	0.7.6.63444	0	0.00395616
206	0	0.7.6.63507	0	0.02492291
206	0	0.7.6.64154	0	0.00395616
206	0	0.7.6.64207	0	0.02251507
206	0	0.7.6.64437	0	0.00395616
206	0	0.7.6.64467	0	0.00395616
206	0	0.7.6.65320	0	0.00395616
206	0	0.7.6.65345	0	0.00395616
206	0	0.7.6.6609	0	0.02492291
206	0	0.7.6.66129	0	0.00395616
206	0	0.7.6.664100	0	0.00395616
206	0	0.7.6.664138	0	0.00395616
206	0	0.7.6.664946	0	0.02492291
206	0	0.7.6.665212	0	0.00395616
206	0	0.7.6.665647	0	0.00395616
206	0	0.7.6.666096	0	0.02492291
206	0	0.7.6.6675	0	0.00395616
206	0	0.7.6.66850	0	0.00395616
206	0	0.7.6.669467	-1	0.00395616
206	0	0.7.6.669874	0	0.00395616
206	0	0.7.6.670159	0	0.00395616
206	0	0.7.6.670470	0	0.02251507
206	0	0.7.6.670552	0	0.00395616
206	0	0.7.6.670893	0	0.02492291
206	0	0.7.6.670910	0	0.02492291
206	0	0.7.6.671162	0	0.00395616
206	0	0.7.6.671588	0	0.00395616
206	0	0.7.6.671978	0	0.00395616
206	0	0.7.6.672160	0	0.00395616
206	0	0.7.6.672336	0	0.00395616
206	0	0.7.6.672433	0	0.00395616
206	0	0.7.6.673180	-1	0.00395616
206	0	0.7.6.673233	0	0.00395616
206	0	0.7.6.673560	-2	0.02492291
206	0	0.7.6.67406	0	0.00395616
206	0	0.7.6.675053	-1	0.00395616
206	0	0.7.6.67530	0	0.00395616
206	0	0.7.6.676044	0	0.02492291
206	0	0.7.6.676527	0	0.02492291
206	0	0.7.6.678086	0	0.02251507
206	0	0.7.6.678462	0	0.02492291
206	0	0.7.6.678708	0	0.00395616
206	0	0.7.6.680020	0	0.00395616
206	0	0.7.6.680342	0	0.00395616
206	0	0.7.6.680645	0	0.00395616
206	0	0.7.6.680746	0	0.00395616
206	0	0.7.6.680968	1	0.00395616
206	0	0.7.6.68166	0	0.00395616
206	0	0.7.6.684304	0	0.00395616
206	0	0.7.6.684851	0	0.00395616
206	0	0.7.6.684922	0	0.00395616
206	0	0.7.6.686881	-2	0.02492291
206	0	0.7.6.687248	0	0.00395616
206	0	0.7.6.68794	1	0.00395616
206	0	0.7.6.688879	0	0.00395616
206	0	0.7.6.689187	0	0.00395616
206	0	0.7.6.689404	0	0.00395616
206	0	0.7.6.69000	0	0.00395616
206	0	0.7.6.690250	0	0.00395616
206	0	0.7.6.690699	0	0.00395616
206	0	0.7.6.691428	0	0.00395616
206	0	0.7.6.691451	0	0.00395616
206	0	0.7.6.69181	0	0.00395616
206	0	0.7.6.692935	0	0.02492291
206	0	0.7.6.693630	1	0.02492291
206	0	0.7.6.695576	0	0.00395616
206	0	0.7.6.696182	0	0.00395616
206	0	0.7.6.696515	0	0.00395616
206	0	0.7.6.697289	0	0.02492291
206	0	0.7.6.6989	0	0.00395616
206	0	0.7.6.699185	0	0.00395616
206	0	0.7.6.699354	0	0.02492291
206	0	0.7.6.699475	0	0.00395616
206	0	0.7.6.699847	0	0.00395616
206	0	0.7.6.699917	0	0.00395616
206	0	0.7.6.701213	0	0.00395616
206	0	0.7.6.701218	0	0.00395616
206	0	0.7.6.701425	0	0.00395616
206	0	0.7.6.702212	0	0.00395616
206	0	0.7.6.70315	0	0.00395616
206	0	0.7.6.703763	0	0.00395616
206	0	0.7.6.704054	0	0.00395616
206	0	0.7.6.70411	0	0.00395616
206	0	0.7.6.704153	0	0.00395616
206	0	0.7.6.705452	0	0.00395616
206	0	0.7.6.705616	0	0.02251507
206	0	0.7.6.70564	0	0.00395616
206	0	0.7.6.705680	0	0.00395616
206	0	0.7.6.705694	0	0.00395616
206	0	0.7.6.705745	0	0.02251507
206	0	0.7.6.705900	0	0.02251507
206	0	0.7.6.705914	1	0.02492291
206	0	0.7.6.705995	0	0.02251507
206	0	0.7.6.706109	0	0.02251507
206	0	0.7.6.706578	0	0.02251507
206	0	0.7.6.706811	-2	0.02251507
206	0	0.7.6.706916	0	0.00395616
206	0	0.7.6.70694	0	0.00395616
206	0	0.7.6.706971	1	0.02251507
206	0	0.7.6.707179	-2	0.02251507
206	0	0.7.6.707603	0	0.00395616
206	0	0.7.6.707631	0	0.00395616
206	0	0.7.6.707827	0	0.00395616
206	0	0.7.6.708242	1	0.02251507
206	0	0.7.6.708692	-2	0.02251507
206	0	0.7.6.708879	0	0.00395616
206	0	0.7.6.70900	0	0.00395616
206	0	0.7.6.709008	0	0.00395616
206	0	0.7.6.709039	0	0.00395616
206	0	0.7.6.709222	0	0.00395616
206	0	0.7.6.709225	0	0.00395616
206	0	0.7.6.710039	0	0.02492291
206	0	0.7.6.710082	0	0.08547009
206	0	0.7.6.710165	0	0.02492291
206	0	0.7.6.710277	0	0.02492291
206	0	0.7.6.710474	0	0.00395616
206	0	0.7.6.710675	0	0.00395616
206	0	0.7.6.710848	0	0.00395616
206	0	0.7.6.711070	0	0.02492291
206	0	0.7.6.711186	0	0.02492291
206	0	0.7.6.711869	0	0.00395616
206	0	0.7.6.711974	0	0.02492291
206	0	0.7.6.712098	0	0.00395616
206	0	0.7.6.712318	0	0.02492291
206	0	0.7.6.712330	0	0.00395616
206	0	0.7.6.712363	0	0.02492291
206	0	0.7.6.712472	0	0.02492291
206	0	0.7.6.712475	0	0.02492291
206	0	0.7.6.712772	0	0.02338009
206	0	0.7.6.713038	0	0.02338009
206	0	0.7.6.71543	0	0.00395616
206	0	0.7.6.716526	0	0.00395616
206	0	0.7.6.716816	0	0.00395616
206	0	0.7.6.718061	0	0.00395616
206	0	0.7.6.718304	0	0.00395616
206	0	0.7.6.719330	0	0.02492291
206	0	0.7.6.719443	0	0.00395616
206	0	0.7.6.720589	0	0.02251507
206	0	0.7.6.72174	0	0.02251507
206	0	0.7.6.72416	0	0.00395616
206	0	0.7.6.724162	0	0.00395616
206	0	0.7.6.725214	0	0.00395616
206	0	0.7.6.726729	0	0.00395616
206	0	0.7.6.72748	0	0.00395616
206	0	0.7.6.72772	0	0.00395616
206	0	0.7.6.728016	0	0.00395616
206	0	0.7.6.730118	0	0.00395616
206	0	0.7.6.730971	0	0.02492291
206	0	0.7.6.731009	0	0.00395616
206	0	0.7.6.731895	0	0.02492291
206	0	0.7.6.732531	0	0.00395616
206	0	0.7.6.732651	0	0.00395616
206	0	0.7.6.733727	0	0.00395616
206	0	0.7.6.734895	0	0.02492291
206	0	0.7.6.735255	0	0.02251507
206	0	0.7.6.735301	0	0.00395616
206	0	0.7.6.735312	0	0.00395616
206	0	0.7.6.735462	0	0.02251507
206	0	0.7.6.735621	0	0.00395616
206	0	0.7.6.735893	0	0.02251507
206	0	0.7.6.736165	0	0.00395616
206	0	0.7.6.736363	0	0.02492291
206	0	0.7.6.737409	0	0.00395616
206	0	0.7.6.737608	0	0.00395616
206	0	0.7.6.73773	0	0.00395616
206	0	0.7.6.737849	0	0.02492291
206	0	0.7.6.737891	0	0.00395616
206	0	0.7.6.738210	0	0.02492291
206	0	0.7.6.738423	0	0.02492291
206	0	0.7.6.741304	0	0.00395616
206	0	0.7.6.741396	0	0.02492291
206	0	0.7.6.741782	0	0.02492291
206	0	0.7.6.741857	0	0.02492291
206	0	0.7.6.742461	-2	0.02492291
206	0	0.7.6.742665	0	0.02492291
206	0	0.7.6.742694	0	0.00395616
206	0	0.7.6.742770	0	0.02492291
206	0	0.7.6.743220	0	0.02251507
206	0	0.7.6.743284	0	0.02338009
206	0	0.7.6.743332	0	0.02492291
206	0	0.7.6.743462	0	0.02338009
206	0	0.7.6.743645	-1	0.02338009
206	0	0.7.6.743718	0	0.02251507
206	0	0.7.6.743924	0	0.02492291
206	0	0.7.6.744183	0	0.02251507
206	0	0.7.6.744638	0	0.00395616
206	0	0.7.6.744943	1	0.1269841
206	0	0.7.6.745597	0	0.00395616
206	0	0.7.6.745919	0	0.00395616
206	0	0.7.6.746179	0	0.00395616
206	0	0.7.6.746203	0	0.00395616
206	0	0.7.6.746583	0	0.02492291
206	0	0.7.6.747006	0	0.02492291
206	0	0.7.6.747326	0	0.00395616
206	0	0.7.6.749504	-2	0.02492291
206	0	0.7.6.749558	0	0.00395616
206	0	0.7.6.749584	0	0.02492291
206	0	0.7.6.750888	0	0.00395616
206	0	0.7.6.750938	0	0.00395616
206	0	0.7.6.750984	0	0.00395616
206	0	0.7.6.751130	0	0.00395616
206	0	0.7.6.751416	0	0.00395616
206	0	0.7.6.752225	0	0.00395616
206	0	0.7.6.752248	0	0.02251507
206	0	0.7.6.752324	0	0.00395616
206	0	0.7.6.752622	0	0.00395616
206	0	0.7.6.752949	0	0.02492291
206	0	0.7.6.752989	0	0.02492291
206	0	0.7.6.753058	0	0.02492291
206	0	0.7.6.753397	0	0.02492291
206	0	0.7.6.753669	0	0.00395616
206	0	0.7.6.754564	0	0.00395616
206	0	0.7.6.754872	1	0.00395616
206	0	0.7.6.755122	0	0.00395616
206	0	0.7.6.755156	0	0.00395616
206	0	0.7.6.755389	1	0.02492291
206	0	0.7.6.755540	0	0.00395616
206	0	0.7.6.756049	0	0.02492291
206	0	0.7.6.756190	0	0.00395616
206	0	0.7.6.75669	0	0.00395616
206	0	0.7.6.756701	1	0.00395616
206	0	0.7.6.756896	0	0.00395616
206	0	0.7.6.757018	0	0.00395616
206	0	0.7.6.757366	0	0.00395616
206	0	0.7.6.75752	0	0.00395616
206	0	0.7.6.757643	0	0.00395616
206	0	0.7.6.757884	0	0.02492291
206	0	0.7.6.757937	0	0.00395616
206	0	0.7.6.75824	-2	0.02251507
206	0	0.7.6.758337	0	0.00395616
206	0	0.7.6.759087	0	0.00395616
206	0	0.7.6.759183	0	0.00395616
206	0	0.7.6.759653	0	0.00395616
206	0	0.7.6.760020	0	0.02492291
206	0	0.7.6.76154	0	0.00395616
206	0	0.7.6.762126	0	0.02492291
206	0	0.7.6.762191	0	0.00395616
206	0	0.7.6.762494	-1	0.02492291
206	0	0.7.6.762840	-1	0.02492291
206	0	0.7.6.762938	0	0.02492291
206	0	0.7.6.763079	-2	0.02492291
206	0	0.7.6.763649	0	0.00395616
206	0	0.7.6.763840	0	0.00395616
206	0	0.7.6.763907	0	0.00395616
206	0	0.7.6.764189	0	0.00395616
206	0	0.7.6.76433	0	0.00395616
206	0	0.7.6.764358	0	0.00395616
206	0	0.7.6.764926	0	0.00395616
206	0	0.7.6.765052	-2	0.00395616
206	0	0.7.6.765118	0	0.00395616
206	0	0.7.6.765272	0	0.00395616
206	0	0.7.6.765556	0	0.00395616
206	0	0.7.6.766131	0	0.00395616
206	0	0.7.6.766300	0	0.02492291
206	0	0.7.6.766567	0	0.00395616
206	0	0.7.6.767201	0	0.00395616
206	0	0.7.6.768165	0	0.00395616
206	0	0.7.6.768735	-2	0.02251507
206	0	0.7.6.768750	-2	0.02251507
206	0	0.7.6.768781	0	0.02251507
206	0	0.7.6.768901	0	0.02251507
206	0	0.7.6.768935	0	0.02251507
206	0	0.7.6.768981	-2	0.02251507
206	0	0.7.6.768998	0	0.02251507
206	0	0.7.6.769080	0	0.02251507
206	0	0.7.6.769098	0	0.02251507
206	0	0.7.6.769141	1	0.02251507
206	0	0.7.6.769178	0	0.02251507
206	0	0.7.6.769236	0	0.02251507
206	0	0.7.6.769281	0	0.02251507
206	0	0.7.6.769403	0	0.02251507
206	0	0.7.6.769458	0	0.02251507
206	0	0.7.6.769509	0	0.02251507
206	0	0.7.6.769534	0	0.02251507
206	0	0.7.6.769682	0	0.02251507
206	0	0.7.6.769754	0	0.02251507
206	0	0.7.6.769840	0	0.02251507
206	0	0.7.6.769943	0	0.02251507
206	0	0.7.6.769969	0	0.02251507
206	0	0.7.6.770089	0	0.02251507
206	0	0.7.6.770146	0	0.02251507
206	0	0.7.6.770158	0	0.02251507
206	0	0.7.6.770212	1	0.02251507
206	0	0.7.6.770379	0	0.02251507
206	0	0.7.6.770392	0	0.02251507
206	0	0.7.6.770456	0	0.02251507
206	0	0.7.6.770497	-2	0.02251507
206	0	0.7.6.770539	0	0.02251507
206	0	0.7.6.770672	0	0.00395616
206	0	0.7.6.77071	0	0.00395616
206	0	0.7.6.770741	0	0.02251507
206	0	0.7.6.770767	-2	0.02251507
206	0	0.7.6.770773	0	0.02251507
206	0	0.7.6.770884	0	0.02251507
206	0	0.7.6.771094	0	0.00395616
206	0	0.7.6.771148	0	0.02251507
206	0	0.7.6.771197	0	0.02251507
206	0	0.7.6.771320	0	0.02251507
206	0	0.7.6.771729	0	0.02251507
206	0	0.7.6.771847	-1	0.00395616
206	0	0.7.6.772605	0	0.00395616
206	0	0.7.6.77265	1	0.08547009
206	0	0.7.6.772671	0	0.00395616
206	0	0.7.6.77678	0	0.02251507
206	0	0.7.6.77792	0	0.00395616
206	0	0.7.6.77795	0	0.00395616
206	0	0.7.6.77872	0	0.00395616
206	0	0.7.6.78061	-2	0.00395616
206	0	0.7.6.7809	0	0.00395616
206	0	0.7.6.78121	0	0.00395616
206	0	0.7.6.78213	0	0.00395616
206	0	0.7.6.78476	0	0.00395616
206	0	0.7.6.78719	0	0.00395616
206	0	0.7.6.79539	0	0.00395616
206	0	0.7.6.79540	0	0.00395616
206	0	0.7.6.79820	0	0.00395616
206	0	0.7.6.80231	0	0.00395616
206	0	0.7.6.80315	0	0.00395616
206	0	0.7.6.80699	0	0.00395616
206	0	0.7.6.8103	0	0.02492291
206	0	0.7.6.81375	0	0.00395616
206	0	0.7.6.81519	0	0.00395616
206	0	0.7.6.81565	0	0.00395616
206	0	0.7.6.81693	0	0.00395616
206	0	0.7.6.81740	0	0.00395616
206	0	0.7.6.8229	0	0.02492291
206	0	0.7.6.82489	0	0.00395616
206	0	0.7.6.82882	-2	0.00395616
206	0	0.7.6.83042	0	0.00395616
206	0	0.7.6.83297	1	0.00395616
206	0	0.7.6.83321	0	0.02251507
206	0	0.7.6.83462	0	0.02492291
206	0	0.7.6.83858	0	0.00395616
206	0	0.7.6.83870	-2	0.00395616
206	0	0.7.6.83965	0	0.00395616
206	0	0.7.6.84108	0	0.00395616
206	0	0.7.6.84431	0	0.00395616
206	0	0.7.6.84944	0	0.00395616
206	0	0.7.6.85031	0	0.00395616
206	0	0.7.6.85199	0	0.00395616
206	0	0.7.6.85609	0	0.00395616
206	0	0.7.6.86035	0	0.02251507
206	0	0.7.6.86160	0	0.02251507
206	0	0.7.6.86641	0	0.00395616
206	0	0.7.6.86714	0	0.02492291
206	0	0.7.6.86891	0	0.00395616
206	0	0.7.6.87065	0	0.00395616
206	0	0.7.6.872	0	0.00395616
206	0	0.7.6.87238	0	0.02251507
206	0	0.7.6.87284	1	0.02492291
206	0	0.7.6.87380	0	0.02492291
206	0	0.7.6.87534	0	0.02492291
206	0	0.7.6.8775	0	0.00395616
206	0	0.7.6.88218	0	0.00395616
206	0	0.7.6.88799	0	0.02251507
206	0	0.7.6.88825	0	0.00395616
206	0	0.7.6.88858	1	0.02251507
206	0	0.7.6.89303	0	0.00395616
206	0	0.7.6.90238	0	0.00395616
206	0	0.7.6.91188	-1	0.02492291
206	0	0.7.6.91208	0	0.02251507
206	0	0.7.6.91272	0	0.02338009
206	0	0.7.6.91845	0	0.00395616
206	0	0.7.6.92496	0	0.00395616
206	0	0.7.6.92626	0	0.00395616
206	0	0.7.6.92922	0	0.00395616
206	0	0.7.6.92954	0	0.00395616
206	0	0.7.6.93308	1	0.00395616
206	0	0.7.6.93389	-2	0.00395616
206	0	0.7.6.93443	-2	0.02251507
206	0	0.7.6.93608	0	0.00395616
206	0	0.7.6.93661	0	0.00395616
206	0	0.7.6.93877	0	0.00395616
206	0	0.7.6.94376	0	0.00395616
206	0	0.7.6.95272	0	0.02251507
206	0	0.7.6.96160	0	0.02492291
206	0	0.7.6.96254	0	0.00395616
206	0	0.7.6.96259	0	0.02492291
206	0	0.7.6.97320	1	0.08547009
206	0	0.7.6.97885	0	0.00395616
206	0	0.7.6.98406	-2	0.00395616
206	0	0.7.6.98506	0	0.00395616
206	0	0.7.6.98515	0	0.00395616
206	0	0.7.6.98796	1	0.00395616
206	0	0.7.6.98927	0	0.00395616
206	0	0.7.6.98962	0	0.00395616
206	0	0.7.6.99441	0	0.00395616
206	0	0.7.6.9951	0	0.00395616
206	0	0.7.6.99523	0	0.00395616
206	0	0.7.6.99693	0	0.00395616
206	0	0.7.6.99837	0	0.02492291
207	0	0.7.47.100	0	0.004725528
207	0	0.7.47.1000676	0	0.004725528
207	0	0.7.47.1001093	0	0.03979703
207	0	0.7.47.1001621	0	0.004725528
207	0	0.7.47.1001821	0	0.004725528
207	0	0.7.47.100200	0	0.004725528
207	0	0.7.47.100247	0	0.004725528
207	0	0.7.47.1003031	0	0.004725528
207	0	0.7.47.1003793	1	0.04019824
207	0	0.7.47.1004277	0	0.004725528
207	0	0.7.47.1004771	0	0.004725528
207	0	0.7.47.1006684	0	0.004725528
207	0	0.7.47.1006686	0	0.004725528
207	0	0.7.47.1006863	0	0.004725528
207	0	0.7.47.1006868	0	0.004725528
207	0	0.7.47.1007353	0	0.03979703
207	0	0.7.47.1007402	0	0.004725528
207	0	0.7.47.1009100	0	0.004725528
207	0	0.7.47.1009177	0	0.03979703
207	0	0.7.47.1009188	0	0.004725528
207	0	0.7.47.1009310	0	0.004725528
207	0	0.7.47.100934	0	0.004725528
207	0	0.7.47.1009759	0	0.004725528
207	0	0.7.47.101668	1	0.03947368
207	0	0.7.47.1017553	0	0.03979703
207	0	0.7.47.1017570	0	0.03979703
207	0	0.7.47.10177	0	0.03979703
207	0	0.7.47.1017932	-1	0.03979703
207	0	0.7.47.1018930	0	0.03979703
207	0	0.7.47.1018960	0	0.03979703
207	0	0.7.47.1018988	0	0.004725528
207	0	0.7.47.1019444	0	0.03979703
207	0	0.7.47.1019526	0	0.004725528
207	0	0.7.47.1019722	0	0.03979703
207	0	0.7.47.1020344	0	0.004725528
207	0	0.7.47.1020370	0	0.004725528
207	0	0.7.47.1020472	0	0.004725528
207	0	0.7.47.1020720	0	0.03979703
207	0	0.7.47.1020846	0	0.004725528
207	0	0.7.47.1021778	0	0.004725528
207	0	0.7.47.1021894	0	0.03979703
207	0	0.7.47.1022482	0	0.004725528
207	0	0.7.47.1022902	0	0.004725528
207	0	0.7.47.1023880	0	0.004725528
207	0	0.7.47.1024247	0	0.004725528
207	0	0.7.47.102480	0	0.004725528
207	0	0.7.47.1026369	0	0.004725528
207	0	0.7.47.1026791	0	0.004725528
207	0	0.7.47.1027078	0	0.004725528
207	0	0.7.47.1027272	0	0.004725528
207	0	0.7.47.1028038	0	0.004725528
207	0	0.7.47.1028156	0	0.004725528
207	0	0.7.47.1028372	0	0.004725528
207	0	0.7.47.1029174	0	0.004725528
207	0	0.7.47.1029400	0	0.004725528
207	0	0.7.47.1029660	0	0.03979703
207	0	0.7.47.1029904	0	0.004725528
207	0	0.7.47.1038345	0	0.004725528
207	0	0.7.47.1041845	0	0.004725528
207	0	0.7.47.1044764	0	0.004725528
207	0	0.7.47.1045807	0	0.004725528
207	0	0.7.47.104587	0	0.004725528
207	0	0.7.47.1046694	0	0.004725528
207	0	0.7.47.1047310	0	0.04019824
207	0	0.7.47.1048097	0	0.004725528
207	0	0.7.47.1049360	0	0.004725528
207	0	0.7.47.104939	1	0.03947368
207	0	0.7.47.1050849	0	0.004725528
207	0	0.7.47.1052423	0	0.03979703
207	0	0.7.47.1052466	0	0.03979703
207	0	0.7.47.1052472	0	0.03979703
207	0	0.7.47.1052476	0	0.03979703
207	0	0.7.47.1052481	0	0.03979703
207	0	0.7.47.1052498	0	0.03979703
207	0	0.7.47.1052642	0	0.004725528
207	0	0.7.47.105266	1	0.04132231
207	0	0.7.47.1054263	-1	0.004725528
207	0	0.7.47.105509	0	0.004725528
207	0	0.7.47.105527	0	0.004725528
207	0	0.7.47.1056953	0	0.004725528
207	0	0.7.47.1057237	0	0.03979703
207	0	0.7.47.1058727	0	0.004725528
207	0	0.7.47.10591	0	0.004725528
207	0	0.7.47.1061069	0	0.004725528
207	0	0.7.47.1061119	0	0.004725528
207	0	0.7.47.1063750	1	0.04083665
207	0	0.7.47.1064211	0	0.004725528
207	0	0.7.47.1065104	0	0.004725528
207	0	0.7.47.1066931	0	0.004725528
207	0	0.7.47.1072684	0	0.004725528
207	0	0.7.47.1073112	0	0.004725528
207	0	0.7.47.1073158	0	0.004725528
207	0	0.7.47.1075791	0	0.004725528
207	0	0.7.47.1075906	0	0.004725528
207	0	0.7.47.1076336	0	0.004725528
207	0	0.7.47.1076388	0	0.004725528
207	0	0.7.47.1076550	0	0.004725528
207	0	0.7.47.1076754	0	0.004725528
207	0	0.7.47.1077388	0	0.004725528
207	0	0.7.47.107791	0	0.004725528
207	0	0.7.47.107876	0	0.004725528
207	0	0.7.47.1079	0	0.03979703
207	0	0.7.47.1079557	1	0.04083665
207	0	0.7.47.1079819	0	0.004725528
207	0	0.7.47.1080180	0	0.004725528
207	0	0.7.47.1080362	0	0.004725528
207	0	0.7.47.1080792	0	0.004725528
207	0	0.7.47.1081018	0	0.004725528
207	0	0.7.47.1083143	0	0.004725528
207	0	0.7.47.1084224	0	0.004725528
207	0	0.7.47.1084737	0	0.004725528
207	0	0.7.47.1085445	0	0.004725528
207	0	0.7.47.108633	0	0.004725528
207	0	0.7.47.109245	0	0.004725528
207	0	0.7.47.109536	0	0.03979703
207	0	0.7.47.1097055	0	0.03979703
207	0	0.7.47.1097159	0	0.03979703
207	0	0.7.47.1097165	0	0.004725528
207	0	0.7.47.1097200	0	0.03979703
207	0	0.7.47.1098300	0	0.03979703
207	0	0.7.47.1098821	0	0.004725528
207	0	0.7.47.1099411	0	0.004725528
207	0	0.7.47.1099461	0	0.004725528
207	0	0.7.47.1099946	0	0.04132231
207	0	0.7.47.1100474	0	0.004725528
207	0	0.7.47.1100497	1	0.03947368
207	0	0.7.47.1100845	0	0.004725528
207	0	0.7.47.1100919	0	0.004725528
207	0	0.7.47.1101385	0	0.004725528
207	0	0.7.47.1101598	0	0.03896104
207	0	0.7.47.1102084	1	0.03904555
207	0	0.7.47.1102264	1	0.04083665
207	0	0.7.47.1102463	0	0.004725528
207	0	0.7.47.1103272	0	0.004725528
207	0	0.7.47.1103333	0	0.004725528
207	0	0.7.47.1103469	0	0.004725528
207	0	0.7.47.1103808	0	0.004725528
207	0	0.7.47.1103870	0	0.004725528
207	0	0.7.47.1104467	0	0.03979703
207	0	0.7.47.1104471	0	0.03979703
207	0	0.7.47.1104842	0	0.004725528
207	0	0.7.47.1105128	0	0.03979703
207	0	0.7.47.1105322	0	0.004725528
207	0	0.7.47.1105747	0	0.03979703
207	0	0.7.47.1106014	0	0.03979703
207	0	0.7.47.1106486	0	0.004725528
207	0	0.7.47.110653	0	0.004725528
207	0	0.7.47.110678	0	0.03979703
207	0	0.7.47.1107547	0	0.004725528
207	0	0.7.47.110755	0	0.03979703
207	0	0.7.47.1107651	0	0.004725528
207	0	0.7.47.1108239	0	0.004725528
207	0	0.7.47.1108287	0	0.004725528
207	0	0.7.47.1108872	0	0.03979703
207	0	0.7.47.1109328	0	0.004725528
207	0	0.7.47.1110024	0	0.004725528
207	0	0.7.47.1110046	0	0.004725528
207	0	0.7.47.1110240	0	0.03979703
207	0	0.7.47.1111612	0	0.03896104
207	0	0.7.47.1112996	0	0.03979703
207	0	0.7.47.1113696	0	0.03979703
207	0	0.7.47.1113888	0	0.004725528
207	0	0.7.47.1114403	0	0.04019824
207	0	0.7.47.1114789	0	0.004725528
207	0	0.7.47.1115146	0	0.004725528
207	0	0.7.47.1115157	0	0.004725528
207	0	0.7.47.1115169	0	0.03979703
207	0	0.7.47.111837	0	0.004725528
207	0	0.7.47.1119693	0	0.004725528
207	0	0.7.47.111971	0	0.004725528
207	0	0.7.47.1119782	0	0.004725528
207	0	0.7.47.1120539	0	0.004725528
207	0	0.7.47.1122855	0	0.004725528
207	0	0.7.47.112288	0	0.004725528
207	0	0.7.47.1123089	0	0.004725528
207	0	0.7.47.1123955	0	0.004725528
207	0	0.7.47.1124084	0	0.004725528
207	0	0.7.47.112420	0	0.004725528
207	0	0.7.47.1124391	0	0.004725528
207	0	0.7.47.1124679	0	0.004725528
207	0	0.7.47.1125455	0	0.03979703
207	0	0.7.47.1128667	-1	0.004725528
207	0	0.7.47.1128994	-1	0.004725528
207	0	0.7.47.1129256	0	0.004725528
207	0	0.7.47.1129329	0	0.004725528
207	0	0.7.47.1129475	0	0.004725528
207	0	0.7.47.1129634	0	0.004725528
207	0	0.7.47.1129924	0	0.004725528
207	0	0.7.47.1130295	0	0.004725528
207	0	0.7.47.1131143	0	0.004725528
207	0	0.7.47.1131193	0	0.004725528
207	0	0.7.47.1131404	0	0.004725528
207	0	0.7.47.1132238	0	0.004725528
207	0	0.7.47.1132327	0	0.004725528
207	0	0.7.47.1132396	0	0.004725528
207	0	0.7.47.1133836	0	0.004725528
207	0	0.7.47.1134998	0	0.004725528
207	0	0.7.47.1135943	0	0.03979703
207	0	0.7.47.1136154	0	0.004725528
207	0	0.7.47.1136819	0	0.004725528
207	0	0.7.47.1137546	0	0.004725528
207	0	0.7.47.1139630	0	0.004725528
207	0	0.7.47.113971	0	0.004725528
207	0	0.7.47.113997	0	0.004725528
207	0	0.7.47.11401	0	0.03896104
207	0	0.7.47.1140120	0	0.004725528
207	0	0.7.47.1140687	0	0.004725528
207	0	0.7.47.114131	0	0.004725528
207	0	0.7.47.114181	0	0.004725528
207	0	0.7.47.114552	0	0.03979703
207	0	0.7.47.1145552	0	0.004725528
207	0	0.7.47.1146034	0	0.004725528
207	0	0.7.47.1148314	0	0.004725528
207	0	0.7.47.1148315	0	0.004725528
207	0	0.7.47.1148607	0	0.004725528
207	0	0.7.47.1148759	0	0.004725528
207	0	0.7.47.1149158	0	0.004725528
207	0	0.7.47.1150536	0	0.004725528
207	0	0.7.47.115097	0	0.004725528
207	0	0.7.47.1151240	0	0.004725528
207	0	0.7.47.1152331	1	0.04019824
207	0	0.7.47.1153380	0	0.004725528
207	0	0.7.47.1153409	0	0.004725528
207	0	0.7.47.115373	0	0.004725528
207	0	0.7.47.1155512	0	0.004725528
207	0	0.7.47.1155984	0	0.004725528
207	0	0.7.47.1156366	0	0.004725528
207	0	0.7.47.1156723	0	0.004725528
207	0	0.7.47.1158421	0	0.004725528
207	0	0.7.47.1159292	0	0.004725528
207	0	0.7.47.1160089	0	0.004725528
207	0	0.7.47.1160113	0	0.004725528
207	0	0.7.47.1162973	0	0.004725528
207	0	0.7.47.1163231	0	0.004725528
207	0	0.7.47.1163478	0	0.004725528
207	0	0.7.47.1163991	0	0.004725528
207	0	0.7.47.1164371	0	0.004725528
207	0	0.7.47.1166290	0	0.004725528
207	0	0.7.47.1166488	0	0.004725528
207	0	0.7.47.1167531	0	0.004725528
207	0	0.7.47.1167756	0	0.03979703
207	0	0.7.47.1168116	0	0.03979703
207	0	0.7.47.1168205	0	0.03979703
207	0	0.7.47.1168388	0	0.03979703
207	0	0.7.47.1168497	0	0.004725528
207	0	0.7.47.1168710	0	0.03979703
207	0	0.7.47.1168842	0	0.004725528
207	0	0.7.47.1168871	0	0.004725528
207	0	0.7.47.1172427	0	0.004725528
207	0	0.7.47.1174349	0	0.004725528
207	0	0.7.47.1174473	0	0.004725528
207	0	0.7.47.1175628	0	0.004725528
207	0	0.7.47.1175630	0	0.004725528
207	0	0.7.47.1176042	0	0.004725528
207	0	0.7.47.1176116	0	0.004725528
207	0	0.7.47.117781	0	0.004725528
207	0	0.7.47.1178026	0	0.004725528
207	0	0.7.47.1178168	0	0.004725528
207	0	0.7.47.118268	-1	0.004725528
207	0	0.7.47.1193	0	0.004725528
207	0	0.7.47.119441	-1	0.004725528
207	0	0.7.47.1194620	1	0.04083665
207	0	0.7.47.1195799	0	0.04019824
207	0	0.7.47.119919	-1	0.004725528
207	0	0.7.47.120031	-1	0.004725528
207	0	0.7.47.120058	-1	0.004725528
207	0	0.7.47.1200830	0	0.004725528
207	0	0.7.47.1201296	1	0.04019824
207	0	0.7.47.1201721	0	0.03979703
207	0	0.7.47.120240	-1	0.004725528
207	0	0.7.47.1202490	0	0.004725528
207	0	0.7.47.1203292	0	0.004725528
207	0	0.7.47.12082	0	0.004725528
207	0	0.7.47.1211892	0	0.004725528
207	0	0.7.47.121299	0	0.004725528
207	0	0.7.47.1213588	0	0.004725528
207	0	0.7.47.1217256	0	0.004725528
207	0	0.7.47.1218027	0	0.004725528
207	0	0.7.47.1220194	0	0.004725528
207	0	0.7.47.1220489	0	0.004725528
207	0	0.7.47.1221120	0	0.004725528
207	0	0.7.47.122115	0	0.004725528
207	0	0.7.47.1221237	0	0.004725528
207	0	0.7.47.1221280	0	0.004725528
207	0	0.7.47.1222639	0	0.004725528
207	0	0.7.47.12235	0	0.03979703
207	0	0.7.47.1226896	0	0.004725528
207	0	0.7.47.12281	0	0.004725528
207	0	0.7.47.1230420	0	0.004725528
207	0	0.7.47.1230701	0	0.004725528
207	0	0.7.47.1231735	0	0.004725528
207	0	0.7.47.1235531	0	0.004725528
207	0	0.7.47.1235783	0	0.03979703
207	0	0.7.47.1237325	0	0.004725528
207	0	0.7.47.1237944	0	0.004725528
207	0	0.7.47.1237957	0	0.004725528
207	0	0.7.47.1238650	0	0.004725528
207	0	0.7.47.1239291	1	0.03977273
207	0	0.7.47.1240033	0	0.004725528
207	0	0.7.47.1240370	0	0.004725528
207	0	0.7.47.1240576	1	0.03977273
207	0	0.7.47.1240941	0	0.03979703
207	0	0.7.47.1240956	0	0.03979703
207	0	0.7.47.124502	0	0.004725528
207	0	0.7.47.124719	0	0.004725528
207	0	0.7.47.126783	0	0.03979703
207	0	0.7.47.12682	0	0.004725528
207	0	0.7.47.12739	0	0.004725528
207	0	0.7.47.128354	0	0.03979703
207	0	0.7.47.1293591	0	0.004725528
207	0	0.7.47.1294009	0	0.004725528
207	0	0.7.47.1294957	0	0.004725528
207	0	0.7.47.1295425	0	0.03979703
207	0	0.7.47.1298572	-1	0.004725528
207	0	0.7.47.1299555	-1	0.004725528
207	0	0.7.47.1299824	-1	0.004725528
207	0	0.7.47.1299877	-1	0.004725528
207	0	0.7.47.1300012	0	0.004725528
207	0	0.7.47.1300024	0	0.004725528
207	0	0.7.47.1300120	0	0.004725528
207	0	0.7.47.130057	0	0.004725528
207	0	0.7.47.1300668	0	0.004725528
207	0	0.7.47.1301150	0	0.004725528
207	0	0.7.47.1302374	0	0.004725528
207	0	0.7.47.1303227	0	0.004725528
207	0	0.7.47.1303401	0	0.004725528
207	0	0.7.47.1304175	0	0.004725528
207	0	0.7.47.1305330	0	0.004725528
207	0	0.7.47.1305556	0	0.004725528
207	0	0.7.47.1306711	0	0.004725528
207	0	0.7.47.1308035	0	0.004725528
207	0	0.7.47.1308135	0	0.004725528
207	0	0.7.47.1308510	0	0.004725528
207	0	0.7.47.1309002	0	0.004725528
207	0	0.7.47.1309164	0	0.004725528
207	0	0.7.47.1309727	0	0.004725528
207	0	0.7.47.1309807	0	0.004725528
207	0	0.7.47.1310145	0	0.03979703
207	0	0.7.47.1312379	0	0.004725528
207	0	0.7.47.1313428	0	0.004725528
207	0	0.7.47.1313920	0	0.004725528
207	0	0.7.47.1314147	0	0.004725528
207	0	0.7.47.1314513	0	0.004725528
207	0	0.7.47.1314975	0	0.004725528
207	0	0.7.47.1315269	0	0.004725528
207	0	0.7.47.1317455	0	0.004725528
207	0	0.7.47.1323522	0	0.004725528
207	0	0.7.47.1324321	0	0.03979703
207	0	0.7.47.1326206	0	0.004725528
207	0	0.7.47.1326728	0	0.004725528
207	0	0.7.47.1326941	0	0.004725528
207	0	0.7.47.1327704	0	0.004725528
207	0	0.7.47.1330419	0	0.004725528
207	0	0.7.47.1331210	0	0.004725528
207	0	0.7.47.1331380	0	0.004725528
207	0	0.7.47.1331607	0	0.004725528
207	0	0.7.47.1332485	0	0.004725528
207	0	0.7.47.1335803	0	0.004725528
207	0	0.7.47.1335831	0	0.004725528
207	0	0.7.47.1335943	0	0.004725528
207	0	0.7.47.133630	0	0.004725528
207	0	0.7.47.1338133	0	0.004725528
207	0	0.7.47.1338937	0	0.004725528
207	0	0.7.47.1339069	0	0.004725528
207	0	0.7.47.1340429	0	0.004725528
207	0	0.7.47.1340716	0	0.004725528
207	0	0.7.47.134141	0	0.004725528
207	0	0.7.47.134180	0	0.004725528
207	0	0.7.47.1342394	0	0.004725528
207	0	0.7.47.1342770	0	0.004725528
207	0	0.7.47.1343186	0	0.004725528
207	0	0.7.47.1343239	0	0.004725528
207	0	0.7.47.1344598	0	0.004725528
207	0	0.7.47.1345125	0	0.004725528
207	0	0.7.47.1346513	0	0.004725528
207	0	0.7.47.1346515	0	0.004725528
207	0	0.7.47.1347214	0	0.004725528
207	0	0.7.47.1347443	0	0.004725528
207	0	0.7.47.1347734	0	0.004725528
207	0	0.7.47.135055	0	0.004725528
207	0	0.7.47.1351842	-1	0.03979703
207	0	0.7.47.1351854	0	0.03979703
207	0	0.7.47.1352023	0	0.004725528
207	0	0.7.47.1352049	0	0.03979703
207	0	0.7.47.1352410	0	0.004725528
207	0	0.7.47.1352493	0	0.004725528
207	0	0.7.47.1352711	0	0.004725528
207	0	0.7.47.1353925	0	0.03979703
207	0	0.7.47.1353958	0	0.03979703
207	0	0.7.47.1355009	0	0.03979703
207	0	0.7.47.135501	0	0.004725528
207	0	0.7.47.1355124	0	0.03979703
207	0	0.7.47.1355178	0	0.004725528
207	0	0.7.47.1355209	0	0.03979703
207	0	0.7.47.1355280	0	0.004725528
207	0	0.7.47.1355668	0	0.03979703
207	0	0.7.47.1356254	0	0.004725528
207	0	0.7.47.1356425	0	0.004725528
207	0	0.7.47.1356601	0	0.03979703
207	0	0.7.47.1356620	0	0.03979703
207	0	0.7.47.1357183	0	0.03979703
207	0	0.7.47.1357432	0	0.03979703
207	0	0.7.47.1358395	0	0.03979703
207	0	0.7.47.1358969	0	0.004725528
207	0	0.7.47.1358985	0	0.03979703
207	0	0.7.47.1359036	0	0.004725528
207	0	0.7.47.1359113	1	0.03947368
207	0	0.7.47.1359225	0	0.03896104
207	0	0.7.47.1359226	0	0.03896104
207	0	0.7.47.1359381	0	0.03979703
207	0	0.7.47.1359384	1	0.03947368
207	0	0.7.47.1359422	0	0.03979703
207	0	0.7.47.1359542	0	0.004725528
207	0	0.7.47.136033	0	0.004725528
207	0	0.7.47.1360404	0	0.004725528
207	0	0.7.47.1361069	0	0.03979703
207	0	0.7.47.1361121	0	0.004725528
207	0	0.7.47.1362536	0	0.004725528
207	0	0.7.47.1363129	0	0.004725528
207	0	0.7.47.1363385	-1	0.004725528
207	0	0.7.47.1363654	-1	0.004725528
207	0	0.7.47.136428	0	0.004725528
207	0	0.7.47.1364958	-1	0.004725528
207	0	0.7.47.1365157	-1	0.03979703
207	0	0.7.47.1368079	0	0.004725528
207	0	0.7.47.1368482	0	0.004725528
207	0	0.7.47.1369282	0	0.004725528
207	0	0.7.47.1369303	0	0.004725528
207	0	0.7.47.1369672	0	0.004725528
207	0	0.7.47.1369911	0	0.004725528
207	0	0.7.47.137232	0	0.004725528
207	0	0.7.47.1373011	0	0.004725528
207	0	0.7.47.1373521	0	0.004725528
207	0	0.7.47.1374319	0	0.004725528
207	0	0.7.47.1375454	0	0.004725528
207	0	0.7.47.1376180	0	0.004725528
207	0	0.7.47.1377822	0	0.04032258
207	0	0.7.47.1378292	0	0.004725528
207	0	0.7.47.1378745	0	0.004725528
207	0	0.7.47.1379548	0	0.004725528
207	0	0.7.47.1380682	0	0.03899083
207	0	0.7.47.138157	0	0.004725528
207	0	0.7.47.1381740	0	0.004725528
207	0	0.7.47.1381899	0	0.004725528
207	0	0.7.47.138366	0	0.004725528
207	0	0.7.47.1384124	0	0.004725528
207	0	0.7.47.1385132	0	0.004725528
207	0	0.7.47.1385485	0	0.004725528
207	0	0.7.47.138562	0	0.004725528
207	0	0.7.47.1385633	1	0.04019824
207	0	0.7.47.1385822	1	0.04019824
207	0	0.7.47.1386076	0	0.004725528
207	0	0.7.47.1386803	0	0.004725528
207	0	0.7.47.138747	0	0.004725528
207	0	0.7.47.138799	0	0.004725528
207	0	0.7.47.1388095	0	0.004725528
207	0	0.7.47.1389557	0	0.004725528
207	0	0.7.47.1390010	0	0.004725528
207	0	0.7.47.13908	0	0.004725528
207	0	0.7.47.139110	0	0.004725528
207	0	0.7.47.139172	0	0.004725528
207	0	0.7.47.1392066	0	0.004725528
207	0	0.7.47.139254	0	0.03979703
207	0	0.7.47.1392784	0	0.004725528
207	0	0.7.47.1394807	0	0.004725528
207	0	0.7.47.1398143	0	0.004725528
207	0	0.7.47.1399321	0	0.004725528
207	0	0.7.47.140124	0	0.03979703
207	0	0.7.47.1401311	0	0.004725528
207	0	0.7.47.1405800	0	0.004725528
207	0	0.7.47.1406120	0	0.004725528
207	0	0.7.47.1406474	0	0.03979703
207	0	0.7.47.1406528	0	0.004725528
207	0	0.7.47.1407116	0	0.03979703
207	0	0.7.47.1407437	0	0.03979703
207	0	0.7.47.1409057	0	0.004725528
207	0	0.7.47.140972	0	0.004725528
207	0	0.7.47.141082	0	0.03979703
207	0	0.7.47.1411473	0	0.004725528
207	0	0.7.47.1411903	0	0.004725528
207	0	0.7.47.1411936	0	0.004725528
207	0	0.7.47.1411963	0	0.03979703
207	0	0.7.47.1411969	0	0.03979703
207	0	0.7.47.1412104	0	0.004725528
207	0	0.7.47.1412557	0	0.004725528
207	0	0.7.47.1412860	0	0.03979703
207	0	0.7.47.1412928	0	0.004725528
207	0	0.7.47.1413249	0	0.004725528
207	0	0.7.47.141355	0	0.004725528
207	0	0.7.47.1413902	0	0.004725528
207	0	0.7.47.1414046	0	0.03979703
207	0	0.7.47.141471	1	0.03947368
207	0	0.7.47.1415322	0	0.004725528
207	0	0.7.47.1415334	0	0.004725528
207	0	0.7.47.141573	0	0.03979703
207	0	0.7.47.1415846	0	0.004725528
207	0	0.7.47.141637	0	0.004725528
207	0	0.7.47.141669	0	0.03979703
207	0	0.7.47.1416796	0	0.004725528
207	0	0.7.47.141739	0	0.004725528
207	0	0.7.47.1417500	0	0.03979703
207	0	0.7.47.1417503	0	0.004725528
207	0	0.7.47.1417562	0	0.03979703
207	0	0.7.47.1417692	0	0.004725528
207	0	0.7.47.1418137	0	0.004725528
207	0	0.7.47.1419426	0	0.004725528
207	0	0.7.47.1419444	0	0.004725528
207	0	0.7.47.142	0	0.004725528
207	0	0.7.47.142047	0	0.03979703
207	0	0.7.47.142050	0	0.03979703
207	0	0.7.47.142056	0	0.03979703
207	0	0.7.47.1421563	0	0.03979703
207	0	0.7.47.1421567	0	0.03979703
207	0	0.7.47.1421589	0	0.03979703
207	0	0.7.47.1421759	0	0.03979703
207	0	0.7.47.1421828	0	0.03979703
207	0	0.7.47.1421858	0	0.004725528
207	0	0.7.47.1421885	0	0.004725528
207	0	0.7.47.142193	0	0.004725528
207	0	0.7.47.1421935	0	0.004725528
207	0	0.7.47.1421987	0	0.004725528
207	0	0.7.47.1422894	0	0.03979703
207	0	0.7.47.1423554	0	0.004725528
207	0	0.7.47.1423777	0	0.03979703
207	0	0.7.47.1423806	0	0.03979703
207	0	0.7.47.1424059	0	0.03979703
207	0	0.7.47.142407	0	0.03979703
207	0	0.7.47.1424100	0	0.03899083
207	0	0.7.47.1424108	0	0.03979703
207	0	0.7.47.142421	1	0.03904555
207	0	0.7.47.142426	0	0.03979703
207	0	0.7.47.142436	1	0.03977273
207	0	0.7.47.1425014	0	0.004725528
207	0	0.7.47.142542	0	0.03979703
207	0	0.7.47.1425714	0	0.03979703
207	0	0.7.47.1425771	0	0.03979703
207	0	0.7.47.1425811	1	0.03899083
207	0	0.7.47.1425883	0	0.03979703
207	0	0.7.47.1425893	0	0.004725528
207	0	0.7.47.1425899	0	0.03979703
207	0	0.7.47.1426053	0	0.03979703
207	0	0.7.47.1426596	0	0.03979703
207	0	0.7.47.1426626	0	0.004725528
207	0	0.7.47.1426687	0	0.03979703
207	0	0.7.47.1426737	0	0.03979703
207	0	0.7.47.1426754	0	0.03979703
207	0	0.7.47.1427235	0	0.03979703
207	0	0.7.47.1427270	0	0.03979703
207	0	0.7.47.1427350	0	0.03979703
207	0	0.7.47.1427498	0	0.03979703
207	0	0.7.47.142774	0	0.03979703
207	0	0.7.47.14283	0	0.03979703
207	0	0.7.47.1434608	0	0.004725528
207	0	0.7.47.1435183	0	0.004725528
207	0	0.7.47.1435556	0	0.004725528
207	0	0.7.47.1436325	0	0.004725528
207	0	0.7.47.1436618	0	0.004725528
207	0	0.7.47.1436681	0	0.004725528
207	0	0.7.47.1436860	0	0.004725528
207	0	0.7.47.1437989	0	0.03979703
207	0	0.7.47.1438326	0	0.004725528
207	0	0.7.47.1438778	0	0.004725528
207	0	0.7.47.1438981	0	0.004725528
207	0	0.7.47.1438988	0	0.004725528
207	0	0.7.47.1440995	0	0.004725528
207	0	0.7.47.1441853	0	0.03979703
207	0	0.7.47.1442022	0	0.03979703
207	0	0.7.47.1442750	0	0.004725528
207	0	0.7.47.1443143	0	0.004725528
207	0	0.7.47.1443178	0	0.004725528
207	0	0.7.47.1443247	0	0.004725528
207	0	0.7.47.1443323	0	0.004725528
207	0	0.7.47.14434	0	0.03979703
207	0	0.7.47.1443607	0	0.004725528
207	0	0.7.47.1443621	0	0.004725528
207	0	0.7.47.1443739	1	0.03904555
207	0	0.7.47.1443742	0	0.004725528
207	0	0.7.47.1443745	0	0.004725528
207	0	0.7.47.1443823	0	0.004725528
207	0	0.7.47.1444418	0	0.004725528
207	0	0.7.47.1444621	0	0.03979703
207	0	0.7.47.1445440	0	0.004725528
207	0	0.7.47.1445895	1	0.03977273
207	0	0.7.47.1445987	0	0.004725528
207	0	0.7.47.1446409	0	0.004725528
207	0	0.7.47.1446602	1	0.04132231
207	0	0.7.47.1446852	0	0.004725528
207	0	0.7.47.144707	0	0.004725528
207	0	0.7.47.144714	0	0.004725528
207	0	0.7.47.1447737	0	0.03979703
207	0	0.7.47.1447743	0	0.004725528
207	0	0.7.47.1448111	0	0.004725528
207	0	0.7.47.144817	0	0.004725528
207	0	0.7.47.144947	0	0.004725528
207	0	0.7.47.1449634	1	0.03225806
207	0	0.7.47.1449798	0	0.03979703
207	0	0.7.47.1450151	0	0.03979703
207	0	0.7.47.1451621	0	0.004725528
207	0	0.7.47.1452208	0	0.004725528
207	0	0.7.47.1452468	0	0.004725528
207	0	0.7.47.1453132	0	0.004725528
207	0	0.7.47.1453746	0	0.004725528
207	0	0.7.47.145521	0	0.004725528
207	0	0.7.47.145648	1	0.03904555
207	0	0.7.47.145751	0	0.04132231
207	0	0.7.47.14630	0	0.004725528
207	0	0.7.47.14670	0	0.004725528
207	0	0.7.47.147068	0	0.03979703
207	0	0.7.47.147255	1	0.03947368
207	0	0.7.47.147435	0	0.03979703
207	0	0.7.47.147941	0	0.004725528
207	0	0.7.47.148773	0	0.004725528
207	0	0.7.47.149492	0	0.004725528
207	0	0.7.47.149566	0	0.004725528
207	0	0.7.47.149888	1	0.04019824
207	0	0.7.47.150447	1	0.04083665
207	0	0.7.47.150449	0	0.004725528
207	0	0.7.47.150532	1	0.03896104
207	0	0.7.47.150692	1	0.04032258
207	0	0.7.47.151080	1	0.03977273
207	0	0.7.47.151231	0	0.03979703
207	0	0.7.47.151475	0	0.03979703
207	0	0.7.47.151618	0	0.004725528
207	0	0.7.47.151797	0	0.03979703
207	0	0.7.47.151868	1	0.04132231
207	0	0.7.47.153939	0	0.004725528
207	0	0.7.47.154145	0	0.03979703
207	0	0.7.47.154339	0	0.03979703
207	0	0.7.47.154521	0	0.03979703
207	0	0.7.47.154704	0	0.03979703
207	0	0.7.47.154773	0	0.004725528
207	0	0.7.47.154857	0	0.03979703
207	0	0.7.47.155049	0	0.004725528
207	0	0.7.47.155089	0	0.03979703
207	0	0.7.47.155765	0	0.03979703
207	0	0.7.47.156547	0	0.004725528
207	0	0.7.47.157253	0	0.03979703
207	0	0.7.47.157285	0	0.004725528
207	0	0.7.47.157349	0	0.03979703
207	0	0.7.47.157585	0	0.004725528
207	0	0.7.47.158126	-1	0.03979703
207	0	0.7.47.158364	-1	0.004725528
207	0	0.7.47.160727	0	0.004725528
207	0	0.7.47.161025	0	0.004725528
207	0	0.7.47.161720	0	0.004725528
207	0	0.7.47.163113	0	0.04019824
207	0	0.7.47.163227	0	0.004725528
207	0	0.7.47.163237	0	0.03979703
207	0	0.7.47.163907	0	0.04019824
207	0	0.7.47.164571	0	0.004725528
207	0	0.7.47.165756	0	0.004725528
207	0	0.7.47.166291	1	0.04083665
207	0	0.7.47.167	0	0.004725528
207	0	0.7.47.167970	0	0.004725528
207	0	0.7.47.168039	0	0.004725528
207	0	0.7.47.168957	0	0.004725528
207	0	0.7.47.170568	0	0.004725528
207	0	0.7.47.172093	0	0.004725528
207	0	0.7.47.172820	1	0.04019824
207	0	0.7.47.173444	1	0.04019824
207	0	0.7.47.174214	0	0.004725528
207	0	0.7.47.175156	0	0.004725528
207	0	0.7.47.1757	0	0.004725528
207	0	0.7.47.17687	0	0.004725528
207	0	0.7.47.177556	1	0.04019824
207	0	0.7.47.178579	0	0.004725528
207	0	0.7.47.179212	0	0.04019824
207	0	0.7.47.179308	0	0.004725528
207	0	0.7.47.180703	0	0.004725528
207	0	0.7.47.181348	0	0.004725528
207	0	0.7.47.183084	0	0.004725528
207	0	0.7.47.183761	0	0.004725528
207	0	0.7.47.184346	1	0.04083665
207	0	0.7.47.184394	0	0.004725528
207	0	0.7.47.184509	0	0.03979703
207	0	0.7.47.184858	0	0.004725528
207	0	0.7.47.185624	0	0.004725528
207	0	0.7.47.185663	0	0.004725528
207	0	0.7.47.185862	0	0.004725528
207	0	0.7.47.186017	1	0.04019824
207	0	0.7.47.186157	0	0.004725528
207	0	0.7.47.187952	1	0.04019824
207	0	0.7.47.188450	0	0.004725528
207	0	0.7.47.188507	0	0.004725528
207	0	0.7.47.189161	0	0.004725528
207	0	0.7.47.189249	0	0.004725528
207	0	0.7.47.191344	0	0.004725528
207	0	0.7.47.193400	0	0.004725528
207	0	0.7.47.194546	0	0.004725528
207	0	0.7.47.194829	0	0.004725528
207	0	0.7.47.195163	0	0.004725528
207	0	0.7.47.195426	0	0.004725528
207	0	0.7.47.196096	0	0.004725528
207	0	0.7.47.197569	0	0.004725528
207	0	0.7.47.198127	0	0.004725528
207	0	0.7.47.198337	0	0.004725528
207	0	0.7.47.199368	0	0.03979703
207	0	0.7.47.200730	0	0.004725528
207	0	0.7.47.200866	0	0.004725528
207	0	0.7.47.20098	0	0.03896104
207	0	0.7.47.201314	0	0.004725528
207	0	0.7.47.20249	0	0.004725528
207	0	0.7.47.202624	0	0.004725528
207	0	0.7.47.20265	0	0.03979703
207	0	0.7.47.203447	0	0.004725528
207	0	0.7.47.203580	0	0.004725528
207	0	0.7.47.203739	0	0.004725528
207	0	0.7.47.204927	0	0.004725528
207	0	0.7.47.205633	0	0.004725528
207	0	0.7.47.206117	0	0.004725528
207	0	0.7.47.206648	0	0.004725528
207	0	0.7.47.207389	0	0.004725528
207	0	0.7.47.207471	0	0.004725528
207	0	0.7.47.207992	0	0.004725528
207	0	0.7.47.208376	0	0.004725528
207	0	0.7.47.208640	0	0.004725528
207	0	0.7.47.208804	0	0.03979703
207	0	0.7.47.208854	0	0.004725528
207	0	0.7.47.212325	0	0.004725528
207	0	0.7.47.212756	0	0.004725528
207	0	0.7.47.213067	0	0.004725528
207	0	0.7.47.213150	0	0.004725528
207	0	0.7.47.213267	0	0.004725528
207	0	0.7.47.213483	0	0.004725528
207	0	0.7.47.214079	0	0.004725528
207	0	0.7.47.214948	0	0.004725528
207	0	0.7.47.215278	0	0.004725528
207	0	0.7.47.216644	0	0.004725528
207	0	0.7.47.216875	0	0.004725528
207	0	0.7.47.217265	0	0.004725528
207	0	0.7.47.217285	1	0.04019824
207	0	0.7.47.218166	0	0.004725528
207	0	0.7.47.218390	0	0.03979703
207	0	0.7.47.219019	0	0.004725528
207	0	0.7.47.219238	0	0.004725528
207	0	0.7.47.219744	0	0.004725528
207	0	0.7.47.222072	0	0.004725528
207	0	0.7.47.222971	0	0.03979703
207	0	0.7.47.223151	0	0.004725528
207	0	0.7.47.224306	0	0.03979703
207	0	0.7.47.224465	0	0.004725528
207	0	0.7.47.225297	0	0.004725528
207	0	0.7.47.225412	0	0.004725528
207	0	0.7.47.225445	0	0.004725528
207	0	0.7.47.226172	0	0.03896104
207	0	0.7.47.226405	0	0.004725528
207	0	0.7.47.226617	0	0.004725528
207	0	0.7.47.227406	0	0.004725528
207	0	0.7.47.227581	0	0.004725528
207	0	0.7.47.228236	0	0.004725528
207	0	0.7.47.228476	1	0.04083665
207	0	0.7.47.228477	1	0.04083665
207	0	0.7.47.228499	0	0.004725528
207	0	0.7.47.228880	1	0.03947368
207	0	0.7.47.229014	1	0.04489796
207	0	0.7.47.229333	0	0.03896104
207	0	0.7.47.229764	0	0.004725528
207	0	0.7.47.231049	1	0.03979703
207	0	0.7.47.231239	1	0.04132231
207	0	0.7.47.231256	1	0.04083665
207	0	0.7.47.231272	0	0.03719912
207	0	0.7.47.231421	0	0.004725528
207	0	0.7.47.231428	0	0.03979703
207	0	0.7.47.231828	1	0.04132231
207	0	0.7.47.231875	0	0.004725528
207	0	0.7.47.231891	0	0.03896104
207	0	0.7.47.232898	0	0.03719912
207	0	0.7.47.233222	1	0.04083665
207	0	0.7.47.233247	0	0.004725528
207	0	0.7.47.234658	1	0.03947368
207	0	0.7.47.234673	0	0.004725528
207	0	0.7.47.234677	1	0.04132231
207	0	0.7.47.235412	0	0.04132231
207	0	0.7.47.235544	0	0.004725528
207	0	0.7.47.235736	0	0.004725528
207	0	0.7.47.235745	0	0.004725528
207	0	0.7.47.235961	0	0.004725528
207	0	0.7.47.23649	0	0.004725528
207	0	0.7.47.24428	0	0.03899083
207	0	0.7.47.24442	0	0.004725528
207	0	0.7.47.244514	0	0.004725528
207	0	0.7.47.246204	0	0.004725528
207	0	0.7.47.2465	0	0.004725528
207	0	0.7.47.247636	0	0.004725528
207	0	0.7.47.248070	0	0.004725528
207	0	0.7.47.25060	0	0.004725528
207	0	0.7.47.250619	0	0.004725528
207	0	0.7.47.250954	0	0.004725528
207	0	0.7.47.251410	0	0.004725528
207	0	0.7.47.251875	0	0.004725528
207	0	0.7.47.252484	0	0.004725528
207	0	0.7.47.252889	0	0.004725528
207	0	0.7.47.25379	1	0.04132231
207	0	0.7.47.25651	0	0.004725528
207	0	0.7.47.26018	0	0.004725528
207	0	0.7.47.261701	0	0.004725528
207	0	0.7.47.262649	0	0.004725528
207	0	0.7.47.264656	0	0.004725528
207	0	0.7.47.264790	0	0.004725528
207	0	0.7.47.26577	0	0.004725528
207	0	0.7.47.267240	0	0.004725528
207	0	0.7.47.267500	0	0.004725528
207	0	0.7.47.267830	0	0.004725528
207	0	0.7.47.268241	0	0.004725528
207	0	0.7.47.268834	-1	0.004725528
207	0	0.7.47.269189	0	0.004725528
207	0	0.7.47.270371	0	0.004725528
207	0	0.7.47.270530	0	0.004725528
207	0	0.7.47.27157	0	0.004725528
207	0	0.7.47.27169	0	0.004725528
207	0	0.7.47.2717	0	0.004725528
207	0	0.7.47.273392	0	0.004725528
207	0	0.7.47.273709	0	0.004725528
207	0	0.7.47.273737	0	0.004725528
207	0	0.7.47.274301	0	0.004725528
207	0	0.7.47.274543	0	0.004725528
207	0	0.7.47.275499	0	0.004725528
207	0	0.7.47.275611	0	0.004725528
207	0	0.7.47.275835	0	0.004725528
207	0	0.7.47.2762	0	0.004725528
207	0	0.7.47.28007	0	0.004725528
207	0	0.7.47.280292	0	0.03979703
207	0	0.7.47.280380	0	0.004725528
207	0	0.7.47.280491	0	0.03979703
207	0	0.7.47.280761	1	0.03947368
207	0	0.7.47.280776	1	0.03904555
207	0	0.7.47.280805	1	0.03947368
207	0	0.7.47.280850	0	0.03719912
207	0	0.7.47.28106	0	0.004725528
207	0	0.7.47.281703	1	0.03947368
207	0	0.7.47.281807	0	0.004725528
207	0	0.7.47.282130	1	0.03904555
207	0	0.7.47.282278	1	0.03904555
207	0	0.7.47.282540	1	0.03947368
207	0	0.7.47.282638	1	0.03947368
207	0	0.7.47.282911	0	0.03979703
207	0	0.7.47.283297	0	0.03979703
207	0	0.7.47.283313	1	0.03947368
207	0	0.7.47.283411	1	0.03947368
207	0	0.7.47.283414	0	0.03719912
207	0	0.7.47.283416	0	0.03979703
207	0	0.7.47.283520	1	0.03947368
207	0	0.7.47.283535	1	0.03977273
207	0	0.7.47.284608	0	0.004725528
207	0	0.7.47.284644	0	0.03979703
207	0	0.7.47.284810	0	0.004725528
207	0	0.7.47.28504	0	0.004725528
207	0	0.7.47.285073	0	0.03979703
207	0	0.7.47.285224	0	0.004725528
207	0	0.7.47.287137	1	0.04083665
207	0	0.7.47.287877	0	0.03979703
207	0	0.7.47.2880	0	0.03979703
207	0	0.7.47.288211	0	0.03979703
207	0	0.7.47.29003	0	0.004725528
207	0	0.7.47.2912	0	0.004725528
207	0	0.7.47.29143	0	0.004725528
207	0	0.7.47.291693	0	0.004725528
207	0	0.7.47.297289	0	0.004725528
207	0	0.7.47.2978	0	0.004725528
207	0	0.7.47.297893	0	0.004725528
207	0	0.7.47.299431	0	0.004725528
207	0	0.7.47.299756	0	0.004725528
207	0	0.7.47.3013	0	0.004725528
207	0	0.7.47.301913	0	0.004725528
207	0	0.7.47.30199	0	0.004725528
207	0	0.7.47.30202	0	0.004725528
207	0	0.7.47.302237	0	0.004725528
207	0	0.7.47.303739	0	0.004725528
207	0	0.7.47.304446	0	0.03979703
207	0	0.7.47.305737	0	0.004725528
207	0	0.7.47.3069	1	0.04019824
207	0	0.7.47.310268	1	0.04083665
207	0	0.7.47.310568	1	0.03947368
207	0	0.7.47.311026	-1	0.03979703
207	0	0.7.47.311120	-1	0.03719912
207	0	0.7.47.311241	-1	0.04019824
207	0	0.7.47.311330	-1	0.004725528
207	0	0.7.47.311837	0	0.03904555
207	0	0.7.47.311978	1	0.03904555
207	0	0.7.47.312139	0	0.03979703
207	0	0.7.47.312157	0	0.03899083
207	0	0.7.47.312200	1	0.03947368
207	0	0.7.47.312264	1	0.03904555
207	0	0.7.47.312611	1	0.04181185
207	0	0.7.47.312684	0	0.03979703
207	0	0.7.47.312760	1	0.03904555
207	0	0.7.47.312788	1	0.04181185
207	0	0.7.47.31282	-1	0.004725528
207	0	0.7.47.312863	1	0.03947368
207	0	0.7.47.312867	1	0.03904555
207	0	0.7.47.312946	1	0.03947368
207	0	0.7.47.313201	1	0.03225806
207	0	0.7.47.313319	1	0.03904555
207	0	0.7.47.313434	1	0.03904555
207	0	0.7.47.313481	1	0.03904555
207	0	0.7.47.313704	1	0.03904555
207	0	0.7.47.313789	1	0.04181185
207	0	0.7.47.313805	1	0.04132231
207	0	0.7.47.314102	0	0.03979703
207	0	0.7.47.314187	1	0.03947368
207	0	0.7.47.314215	1	0.03947368
207	0	0.7.47.314230	0	0.03719912
207	0	0.7.47.314603	0	0.04489796
207	0	0.7.47.314807	1	0.04083665
207	0	0.7.47.314952	0	0.03899083
207	0	0.7.47.314985	0	0.03979703
207	0	0.7.47.315104	1	0.03904555
207	0	0.7.47.315384	0	0.03979703
207	0	0.7.47.315410	1	0.03875969
207	0	0.7.47.315441	0	0.004725528
207	0	0.7.47.315670	1	0.03947368
207	0	0.7.47.315684	1	0.04083665
207	0	0.7.47.315818	0	0.04019824
207	0	0.7.47.315865	-2	0.03979703
207	0	0.7.47.316045	0	0.03979703
207	0	0.7.47.316151	1	0.03947368
207	0	0.7.47.316413	0	0.03979703
207	0	0.7.47.316447	1	0.03947368
207	0	0.7.47.316505	1	0.04019824
207	0	0.7.47.316546	0	0.03979703
207	0	0.7.47.316806	0	0.03896104
207	0	0.7.47.316815	0	0.03896104
207	0	0.7.47.317319	1	0.03947368
207	0	0.7.47.318201	0	0.03979703
207	0	0.7.47.318859	1	0.03947368
207	0	0.7.47.318872	0	0.03899083
207	0	0.7.47.318890	1	0.04083665
207	0	0.7.47.319170	0	0.03979703
207	0	0.7.47.319182	1	0.04489796
207	0	0.7.47.319193	0	0.03979703
207	0	0.7.47.319207	0	0.03719912
207	0	0.7.47.319280	1	0.03947368
207	0	0.7.47.319290	0	0.03979703
207	0	0.7.47.319301	1	0.03947368
207	0	0.7.47.319857	1	0.03947368
207	0	0.7.47.319884	1	0.03947368
207	0	0.7.47.319953	1	0.03947368
207	0	0.7.47.320063	1	0.03947368
207	0	0.7.47.320081	1	0.04489796
207	0	0.7.47.320132	1	0.03947368
207	0	0.7.47.320255	1	0.03947368
207	0	0.7.47.320806	0	0.03896104
207	0	0.7.47.320807	1	0.03904555
207	0	0.7.47.321136	0	0.03979703
207	0	0.7.47.321251	1	0.03947368
207	0	0.7.47.321422	0	0.03896104
207	0	0.7.47.32234	-1	0.03979703
207	0	0.7.47.322382	0	0.004725528
207	0	0.7.47.324105	0	0.004725528
207	0	0.7.47.327556	1	0.03947368
207	0	0.7.47.328574	0	0.03979703
207	0	0.7.47.3288	0	0.004725528
207	0	0.7.47.329324	0	0.004725528
207	0	0.7.47.329337	0	0.004725528
207	0	0.7.47.329350	0	0.004725528
207	0	0.7.47.330166	0	0.004725528
207	0	0.7.47.330437	0	0.004725528
207	0	0.7.47.330642	0	0.03979703
207	0	0.7.47.332638	0	0.03979703
207	0	0.7.47.334193	0	0.004725528
207	0	0.7.47.334579	0	0.03979703
207	0	0.7.47.335004	0	0.004725528
207	0	0.7.47.33522	0	0.004725528
207	0	0.7.47.338479	0	0.03979703
207	0	0.7.47.338668	0	0.004725528
207	0	0.7.47.338802	0	0.03979703
207	0	0.7.47.338949	1	0.03947368
207	0	0.7.47.338955	1	0.03947368
207	0	0.7.47.338974	1	0.03947368
207	0	0.7.47.339071	1	0.03947368
207	0	0.7.47.339483	1	0.03947368
207	0	0.7.47.339885	0	0.004725528
207	0	0.7.47.3400	0	0.004725528
207	0	0.7.47.340075	0	0.004725528
207	0	0.7.47.34012	0	0.03979703
207	0	0.7.47.340753	0	0.004725528
207	0	0.7.47.341413	0	0.004725528
207	0	0.7.47.341444	1	0.03896104
207	0	0.7.47.341863	0	0.004725528
207	0	0.7.47.342128	0	0.004725528
207	0	0.7.47.343240	0	0.004725528
207	0	0.7.47.343268	0	0.004725528
207	0	0.7.47.343374	0	0.004725528
207	0	0.7.47.344157	0	0.004725528
207	0	0.7.47.34433	0	0.004725528
207	0	0.7.47.344488	0	0.004725528
207	0	0.7.47.34507	0	0.004725528
207	0	0.7.47.346068	0	0.03979703
207	0	0.7.47.347287	0	0.004725528
207	0	0.7.47.348472	0	0.004725528
207	0	0.7.47.349037	1	0.03977273
207	0	0.7.47.349357	0	0.004725528
207	0	0.7.47.349372	0	0.004725528
207	0	0.7.47.349580	0	0.004725528
207	0	0.7.47.349788	0	0.004725528
207	0	0.7.47.350039	0	0.004725528
207	0	0.7.47.350317	0	0.004725528
207	0	0.7.47.351117	0	0.004725528
207	0	0.7.47.351326	1	0.03896104
207	0	0.7.47.351375	1	0.03225806
207	0	0.7.47.351393	0	0.004725528
207	0	0.7.47.352692	0	0.03979703
207	0	0.7.47.353401	0	0.004725528
207	0	0.7.47.354032	0	0.004725528
207	0	0.7.47.354090	0	0.004725528
207	0	0.7.47.355478	0	0.004725528
207	0	0.7.47.355986	0	0.004725528
207	0	0.7.47.356214	0	0.004725528
207	0	0.7.47.358475	0	0.04132231
207	0	0.7.47.358531	0	0.004725528
207	0	0.7.47.358643	0	0.004725528
207	0	0.7.47.359127	0	0.004725528
207	0	0.7.47.359369	0	0.004725528
207	0	0.7.47.359892	0	0.004725528
207	0	0.7.47.360221	0	0.004725528
207	0	0.7.47.360453	0	0.004725528
207	0	0.7.47.362136	0	0.03979703
207	0	0.7.47.363523	0	0.004725528
207	0	0.7.47.363541	0	0.004725528
207	0	0.7.47.363679	0	0.004725528
207	0	0.7.47.364135	0	0.004725528
207	0	0.7.47.364323	0	0.004725528
207	0	0.7.47.365228	0	0.004725528
207	0	0.7.47.365967	0	0.004725528
207	0	0.7.47.366784	0	0.004725528
207	0	0.7.47.366971	1	0.04489796
207	0	0.7.47.366991	0	0.004725528
207	0	0.7.47.367351	0	0.03979703
207	0	0.7.47.367691	0	0.004725528
207	0	0.7.47.368170	0	0.004725528
207	0	0.7.47.368481	1	0.04083665
207	0	0.7.47.368502	0	0.004725528
207	0	0.7.47.369033	0	0.004725528
207	0	0.7.47.369114	0	0.004725528
207	0	0.7.47.372291	-1	0.004725528
207	0	0.7.47.372661	0	0.004725528
207	0	0.7.47.37388	0	0.004725528
207	0	0.7.47.374632	0	0.004725528
207	0	0.7.47.374718	0	0.004725528
207	0	0.7.47.37542	0	0.004725528
207	0	0.7.47.376978	0	0.004725528
207	0	0.7.47.377081	0	0.004725528
207	0	0.7.47.377608	0	0.004725528
207	0	0.7.47.378230	1	0.04132231
207	0	0.7.47.378429	0	0.004725528
207	0	0.7.47.3813	0	0.004725528
207	0	0.7.47.385493	0	0.004725528
207	0	0.7.47.386635	0	0.004725528
207	0	0.7.47.386868	0	0.004725528
207	0	0.7.47.387520	0	0.004725528
207	0	0.7.47.387756	0	0.004725528
207	0	0.7.47.388908	0	0.004725528
207	0	0.7.47.390387	1	0.03979703
207	0	0.7.47.390429	0	0.004725528
207	0	0.7.47.391857	1	0.03947368
207	0	0.7.47.391885	0	0.004725528
207	0	0.7.47.40103	0	0.03979703
207	0	0.7.47.4064	0	0.03979703
207	0	0.7.47.406755	0	0.03979703
207	0	0.7.47.406803	0	0.03979703
207	0	0.7.47.40761	0	0.004725528
207	0	0.7.47.40820	0	0.03979703
207	0	0.7.47.408274	0	0.004725528
207	0	0.7.47.408285	0	0.03979703
207	0	0.7.47.409186	0	0.004725528
207	0	0.7.47.409193	0	0.004725528
207	0	0.7.47.409208	0	0.03979703
207	0	0.7.47.409464	0	0.03979703
207	0	0.7.47.409733	0	0.004725528
207	0	0.7.47.410519	0	0.004725528
207	0	0.7.47.411065	0	0.004725528
207	0	0.7.47.411323	0	0.004725528
207	0	0.7.47.412831	0	0.004725528
207	0	0.7.47.413071	0	0.004725528
207	0	0.7.47.413165	0	0.004725528
207	0	0.7.47.413525	0	0.004725528
207	0	0.7.47.414000	0	0.004725528
207	0	0.7.47.414872	0	0.004725528
207	0	0.7.47.415025	0	0.03896104
207	0	0.7.47.415120	0	0.004725528
207	0	0.7.47.415171	0	0.004725528
207	0	0.7.47.415209	-1	0.03979703
207	0	0.7.47.415275	-1	0.03979703
207	0	0.7.47.415452	1	0.03977273
207	0	0.7.47.415540	0	0.004725528
207	0	0.7.47.415645	0	0.04489796
207	0	0.7.47.415712	0	0.004725528
207	0	0.7.47.415926	0	0.004725528
207	0	0.7.47.416079	0	0.004725528
207	0	0.7.47.416086	0	0.004725528
207	0	0.7.47.416369	0	0.004725528
207	0	0.7.47.416733	0	0.004725528
207	0	0.7.47.417169	0	0.004725528
207	0	0.7.47.417347	0	0.004725528
207	0	0.7.47.417360	0	0.004725528
207	0	0.7.47.418176	0	0.004725528
207	0	0.7.47.418783	0	0.004725528
207	0	0.7.47.419460	0	0.004725528
207	0	0.7.47.420395	0	0.004725528
207	0	0.7.47.420895	0	0.004725528
207	0	0.7.47.421071	0	0.004725528
207	0	0.7.47.423036	0	0.004725528
207	0	0.7.47.423043	0	0.004725528
207	0	0.7.47.423150	0	0.004725528
207	0	0.7.47.423718	0	0.004725528
207	0	0.7.47.423980	0	0.004725528
207	0	0.7.47.424295	0	0.004725528
207	0	0.7.47.425095	0	0.004725528
207	0	0.7.47.425114	0	0.03979703
207	0	0.7.47.425954	0	0.03979703
207	0	0.7.47.425975	0	0.004725528
207	0	0.7.47.425983	0	0.004725528
207	0	0.7.47.426715	0	0.03979703
207	0	0.7.47.426764	0	0.03979703
207	0	0.7.47.427060	0	0.004725528
207	0	0.7.47.429348	0	0.004725528
207	0	0.7.47.429400	0	0.004725528
207	0	0.7.47.430081	0	0.004725528
207	0	0.7.47.43069	0	0.03979703
207	0	0.7.47.431056	0	0.03979703
207	0	0.7.47.432302	0	0.03979703
207	0	0.7.47.432518	0	0.004725528
207	0	0.7.47.432613	0	0.03979703
207	0	0.7.47.433802	0	0.03979703
207	0	0.7.47.433814	0	0.03979703
207	0	0.7.47.433861	1	0.04019824
207	0	0.7.47.433867	0	0.004725528
207	0	0.7.47.433983	0	0.03979703
207	0	0.7.47.43426	-1	0.004725528
207	0	0.7.47.434279	0	0.03979703
207	0	0.7.47.434359	0	0.004725528
207	0	0.7.47.43441	-1	0.03979703
207	0	0.7.47.434560	0	0.004725528
207	0	0.7.47.435101	0	0.004725528
207	0	0.7.47.435173	1	0.03947368
207	0	0.7.47.435216	0	0.03979703
207	0	0.7.47.435251	0	0.03979703
207	0	0.7.47.435259	0	0.03979703
207	0	0.7.47.435343	0	0.03979703
207	0	0.7.47.435460	0	0.03979703
207	0	0.7.47.435490	0	0.03979703
207	0	0.7.47.435511	0	0.03979703
207	0	0.7.47.435571	0	0.03979703
207	0	0.7.47.435574	0	0.004725528
207	0	0.7.47.435626	0	0.03979703
207	0	0.7.47.436129	0	0.004725528
207	0	0.7.47.436246	0	0.004725528
207	0	0.7.47.436521	0	0.004725528
207	0	0.7.47.436976	0	0.03979703
207	0	0.7.47.437158	0	0.004725528
207	0	0.7.47.437247	0	0.03979703
207	0	0.7.47.437263	0	0.004725528
207	0	0.7.47.437696	0	0.004725528
207	0	0.7.47.437793	0	0.03979703
207	0	0.7.47.437963	0	0.004725528
207	0	0.7.47.438267	0	0.03979703
207	0	0.7.47.43830	0	0.03979703
207	0	0.7.47.438420	1	0.04019824
207	0	0.7.47.438501	0	0.03979703
207	0	0.7.47.43869	0	0.004725528
207	0	0.7.47.440725	0	0.004725528
207	0	0.7.47.44122	0	0.004725528
207	0	0.7.47.441368	0	0.004725528
207	0	0.7.47.444108	0	0.004725528
207	0	0.7.47.444184	0	0.004725528
207	0	0.7.47.448289	0	0.004725528
207	0	0.7.47.448627	0	0.004725528
207	0	0.7.47.449181	0	0.004725528
207	0	0.7.47.449433	0	0.004725528
207	0	0.7.47.449578	0	0.004725528
207	0	0.7.47.449801	0	0.004725528
207	0	0.7.47.449955	0	0.004725528
207	0	0.7.47.450269	0	0.004725528
207	0	0.7.47.450369	0	0.004725528
207	0	0.7.47.450418	0	0.004725528
207	0	0.7.47.451505	0	0.004725528
207	0	0.7.47.451759	0	0.004725528
207	0	0.7.47.453220	0	0.004725528
207	0	0.7.47.45383	0	0.004725528
207	0	0.7.47.454049	1	0.04083665
207	0	0.7.47.454433	0	0.03896104
207	0	0.7.47.45533	0	0.004725528
207	0	0.7.47.45730	0	0.004725528
207	0	0.7.47.45778	0	0.004725528
207	0	0.7.47.457816	0	0.03979703
207	0	0.7.47.458156	0	0.004725528
207	0	0.7.47.458350	1	0.03977273
207	0	0.7.47.459578	0	0.004725528
207	0	0.7.47.459654	0	0.004725528
207	0	0.7.47.460761	0	0.004725528
207	0	0.7.47.460786	0	0.03719912
207	0	0.7.47.46327	0	0.004725528
207	0	0.7.47.46494	0	0.004725528
207	0	0.7.47.465131	0	0.004725528
207	0	0.7.47.465291	-1	0.004725528
207	0	0.7.47.465432	-1	0.03979703
207	0	0.7.47.465877	0	0.03979703
207	0	0.7.47.465893	0	0.004725528
207	0	0.7.47.466234	0	0.004725528
207	0	0.7.47.46676	0	0.004725528
207	0	0.7.47.467487	0	0.004725528
207	0	0.7.47.468400	0	0.03979703
207	0	0.7.47.468530	0	0.004725528
207	0	0.7.47.46856	0	0.004725528
207	0	0.7.47.469040	0	0.004725528
207	0	0.7.47.469576	0	0.004725528
207	0	0.7.47.469580	0	0.004725528
207	0	0.7.47.469810	0	0.004725528
207	0	0.7.47.471060	0	0.004725528
207	0	0.7.47.472392	1	0.03904555
207	0	0.7.47.473128	0	0.004725528
207	0	0.7.47.473220	0	0.004725528
207	0	0.7.47.473270	0	0.004725528
207	0	0.7.47.473901	0	0.004725528
207	0	0.7.47.474705	0	0.004725528
207	0	0.7.47.474837	0	0.004725528
207	0	0.7.47.474856	0	0.004725528
207	0	0.7.47.475158	0	0.004725528
207	0	0.7.47.475794	0	0.03979703
207	0	0.7.47.475897	0	0.004725528
207	0	0.7.47.476348	0	0.03979703
207	0	0.7.47.477099	0	0.03979703
207	0	0.7.47.478365	0	0.004725528
207	0	0.7.47.478377	0	0.004725528
207	0	0.7.47.47890	0	0.004725528
207	0	0.7.47.479599	0	0.004725528
207	0	0.7.47.47991	0	0.004725528
207	0	0.7.47.479939	0	0.004725528
207	0	0.7.47.480960	0	0.004725528
207	0	0.7.47.481330	0	0.004725528
207	0	0.7.47.481349	0	0.004725528
207	0	0.7.47.481914	0	0.004725528
207	0	0.7.47.482069	0	0.004725528
207	0	0.7.47.483860	0	0.004725528
207	0	0.7.47.483988	0	0.004725528
207	0	0.7.47.484455	0	0.03979703
207	0	0.7.47.485725	1	0.03947368
207	0	0.7.47.486135	0	0.03896104
207	0	0.7.47.48802	0	0.004725528
207	0	0.7.47.488173	0	0.004725528
207	0	0.7.47.488471	0	0.004725528
207	0	0.7.47.488799	0	0.004725528
207	0	0.7.47.488864	0	0.004725528
207	0	0.7.47.488916	0	0.004725528
207	0	0.7.47.489088	0	0.004725528
207	0	0.7.47.489528	0	0.004725528
207	0	0.7.47.490421	0	0.03979703
207	0	0.7.47.490466	0	0.03979703
207	0	0.7.47.490547	0	0.03979703
207	0	0.7.47.490581	0	0.03979703
207	0	0.7.47.495	0	0.004725528
207	0	0.7.47.49797	0	0.004725528
207	0	0.7.47.50036	0	0.004725528
207	0	0.7.47.5007	0	0.004725528
207	0	0.7.47.501255	0	0.004725528
207	0	0.7.47.501273	0	0.004725528
207	0	0.7.47.502738	0	0.004725528
207	0	0.7.47.502833	0	0.004725528
207	0	0.7.47.502890	0	0.03979703
207	0	0.7.47.503013	0	0.03979703
207	0	0.7.47.503044	0	0.03979703
207	0	0.7.47.503623	0	0.03979703
207	0	0.7.47.5050	0	0.004725528
207	0	0.7.47.505279	0	0.004725528
207	0	0.7.47.507325	0	0.004725528
207	0	0.7.47.508185	0	0.004725528
207	0	0.7.47.509926	0	0.004725528
207	0	0.7.47.510387	0	0.004725528
207	0	0.7.47.510952	0	0.004725528
207	0	0.7.47.511645	0	0.004725528
207	0	0.7.47.511750	0	0.04083665
207	0	0.7.47.514450	0	0.04132231
207	0	0.7.47.514492	0	0.004725528
207	0	0.7.47.514526	0	0.004725528
207	0	0.7.47.514676	0	0.004725528
207	0	0.7.47.515817	1	0.04083665
207	0	0.7.47.516265	0	0.004725528
207	0	0.7.47.516674	1	0.04132231
207	0	0.7.47.516758	0	0.004725528
207	0	0.7.47.516865	0	0.004725528
207	0	0.7.47.516894	0	0.004725528
207	0	0.7.47.516957	0	0.004725528
207	0	0.7.47.517546	0	0.004725528
207	0	0.7.47.517579	0	0.004725528
207	0	0.7.47.518696	0	0.004725528
207	0	0.7.47.519387	0	0.004725528
207	0	0.7.47.519608	0	0.004725528
207	0	0.7.47.520052	0	0.004725528
207	0	0.7.47.520515	0	0.004725528
207	0	0.7.47.520602	1	0.04132231
207	0	0.7.47.520640	0	0.004725528
207	0	0.7.47.520870	1	0.04083665
207	0	0.7.47.521238	0	0.03979703
207	0	0.7.47.521404	0	0.04019824
207	0	0.7.47.521668	0	0.004725528
207	0	0.7.47.522234	0	0.03979703
207	0	0.7.47.522506	1	0.04132231
207	0	0.7.47.522831	1	0.04132231
207	0	0.7.47.523584	0	0.03979703
207	0	0.7.47.523873	0	0.03979703
207	0	0.7.47.523995	0	0.03979703
207	0	0.7.47.524276	0	0.03896104
207	0	0.7.47.529921	0	0.004725528
207	0	0.7.47.530913	0	0.004725528
207	0	0.7.47.531305	0	0.004725528
207	0	0.7.47.531785	0	0.03979703
207	0	0.7.47.532109	0	0.03979703
207	0	0.7.47.532385	0	0.03979703
207	0	0.7.47.5327	0	0.004725528
207	0	0.7.47.533914	0	0.03979703
207	0	0.7.47.533944	0	0.03979703
207	0	0.7.47.534202	0	0.03979703
207	0	0.7.47.5344	0	0.004725528
207	0	0.7.47.535451	0	0.004725528
207	0	0.7.47.535752	0	0.004725528
207	0	0.7.47.536	0	0.004725528
207	0	0.7.47.539532	0	0.04132231
207	0	0.7.47.540398	0	0.004725528
207	0	0.7.47.540988	1	0.04132231
207	0	0.7.47.540993	0	0.004725528
207	0	0.7.47.541018	1	0.04132231
207	0	0.7.47.541063	0	0.004725528
207	0	0.7.47.541443	0	0.004725528
207	0	0.7.47.541899	0	0.004725528
207	0	0.7.47.542546	0	0.004725528
207	0	0.7.47.543	0	0.004725528
207	0	0.7.47.545126	0	0.004725528
207	0	0.7.47.545387	0	0.004725528
207	0	0.7.47.545458	0	0.004725528
207	0	0.7.47.545616	0	0.004725528
207	0	0.7.47.546875	0	0.004725528
207	0	0.7.47.5470	0	0.03979703
207	0	0.7.47.547558	0	0.004725528
207	0	0.7.47.547886	0	0.004725528
207	0	0.7.47.548227	0	0.004725528
207	0	0.7.47.548319	0	0.004725528
207	0	0.7.47.548460	0	0.004725528
207	0	0.7.47.548737	0	0.004725528
207	0	0.7.47.548786	0	0.004725528
207	0	0.7.47.549115	0	0.004725528
207	0	0.7.47.549177	0	0.004725528
207	0	0.7.47.5543	0	0.004725528
207	0	0.7.47.55494	0	0.004725528
207	0	0.7.47.55587	1	0.04181185
207	0	0.7.47.55628	0	0.004725528
207	0	0.7.47.55646	0	0.004725528
207	0	0.7.47.55875	1	0.03977273
207	0	0.7.47.55910	0	0.004725528
207	0	0.7.47.56340	0	0.004725528
207	0	0.7.47.5650	0	0.004725528
207	0	0.7.47.565253	1	0.04019824
207	0	0.7.47.565483	0	0.004725528
207	0	0.7.47.565649	1	0.03719912
207	0	0.7.47.565916	0	0.004725528
207	0	0.7.47.566140	1	0.04019824
207	0	0.7.47.566157	0	0.004725528
207	0	0.7.47.567043	0	0.004725528
207	0	0.7.47.56713	0	0.004725528
207	0	0.7.47.567259	0	0.004725528
207	0	0.7.47.567392	0	0.004725528
207	0	0.7.47.567652	0	0.004725528
207	0	0.7.47.567715	0	0.004725528
207	0	0.7.47.568543	0	0.004725528
207	0	0.7.47.568588	0	0.004725528
207	0	0.7.47.568605	0	0.004725528
207	0	0.7.47.569590	1	0.03977273
207	0	0.7.47.569758	0	0.004725528
207	0	0.7.47.570938	0	0.004725528
207	0	0.7.47.571116	0	0.03979703
207	0	0.7.47.571225	0	0.004725528
207	0	0.7.47.571521	0	0.004725528
207	0	0.7.47.572843	1	0.04019824
207	0	0.7.47.573035	0	0.004725528
207	0	0.7.47.573699	1	0.03979703
207	0	0.7.47.573947	0	0.03979703
207	0	0.7.47.574661	0	0.004725528
207	0	0.7.47.575017	0	0.004725528
207	0	0.7.47.575063	0	0.004725528
207	0	0.7.47.575130	0	0.03979703
207	0	0.7.47.575851	0	0.004725528
207	0	0.7.47.576103	0	0.03979703
207	0	0.7.47.576253	0	0.03979703
207	0	0.7.47.576547	0	0.004725528
207	0	0.7.47.577010	0	0.004725528
207	0	0.7.47.577057	0	0.004725528
207	0	0.7.47.577163	0	0.004725528
207	0	0.7.47.577216	0	0.03979703
207	0	0.7.47.577324	0	0.03979703
207	0	0.7.47.577356	0	0.004725528
207	0	0.7.47.577384	0	0.004725528
207	0	0.7.47.577401	0	0.004725528
207	0	0.7.47.577877	0	0.03979703
207	0	0.7.47.578080	0	0.03979703
207	0	0.7.47.578798	0	0.004725528
207	0	0.7.47.580351	0	0.004725528
207	0	0.7.47.580375	0	0.004725528
207	0	0.7.47.580900	0	0.004725528
207	0	0.7.47.5813	0	0.04132231
207	0	0.7.47.581306	0	0.03979703
207	0	0.7.47.581315	0	0.004725528
207	0	0.7.47.581592	0	0.03979703
207	0	0.7.47.581693	0	0.004725528
207	0	0.7.47.581954	0	0.004725528
207	0	0.7.47.582029	0	0.03979703
207	0	0.7.47.582232	1	0.04181185
207	0	0.7.47.583417	0	0.03979703
207	0	0.7.47.583672	0	0.004725528
207	0	0.7.47.583751	0	0.004725528
207	0	0.7.47.584115	0	0.03979703
207	0	0.7.47.584254	0	0.004725528
207	0	0.7.47.584301	0	0.004725528
207	0	0.7.47.584444	0	0.004725528
207	0	0.7.47.584448	0	0.004725528
207	0	0.7.47.58457	0	0.03896104
207	0	0.7.47.586616	0	0.004725528
207	0	0.7.47.587806	0	0.004725528
207	0	0.7.47.588112	0	0.004725528
207	0	0.7.47.5896	0	0.004725528
207	0	0.7.47.5898	0	0.004725528
207	0	0.7.47.590009	0	0.004725528
207	0	0.7.47.590136	0	0.004725528
207	0	0.7.47.592875	0	0.004725528
207	0	0.7.47.593649	0	0.004725528
207	0	0.7.47.598186	0	0.004725528
207	0	0.7.47.599967	0	0.03979703
207	0	0.7.47.600043	0	0.004725528
207	0	0.7.47.601192	0	0.004725528
207	0	0.7.47.603005	0	0.03979703
207	0	0.7.47.603232	0	0.004725528
207	0	0.7.47.606152	0	0.004725528
207	0	0.7.47.606794	0	0.004725528
207	0	0.7.47.60702	0	0.04019824
207	0	0.7.47.607103	0	0.004725528
207	0	0.7.47.60731	0	0.004725528
207	0	0.7.47.607800	0	0.004725528
207	0	0.7.47.608884	0	0.004725528
207	0	0.7.47.611013	0	0.004725528
207	0	0.7.47.611766	0	0.004725528
207	0	0.7.47.612808	0	0.004725528
207	0	0.7.47.6129	0	0.03979703
207	0	0.7.47.612978	0	0.004725528
207	0	0.7.47.6151	0	0.004725528
207	0	0.7.47.616179	0	0.004725528
207	0	0.7.47.617787	0	0.004725528
207	0	0.7.47.624511	0	0.004725528
207	0	0.7.47.627396	0	0.004725528
207	0	0.7.47.6308	0	0.004725528
207	0	0.7.47.63148	0	0.004725528
207	0	0.7.47.632505	0	0.004725528
207	0	0.7.47.632567	0	0.004725528
207	0	0.7.47.632601	0	0.004725528
207	0	0.7.47.632987	0	0.004725528
207	0	0.7.47.633600	0	0.004725528
207	0	0.7.47.63601	0	0.004725528
207	0	0.7.47.638409	0	0.004725528
207	0	0.7.47.638743	0	0.004725528
207	0	0.7.47.638846	0	0.004725528
207	0	0.7.47.639330	0	0.03979703
207	0	0.7.47.639584	0	0.03979703
207	0	0.7.47.640354	0	0.004725528
207	0	0.7.47.642507	0	0.004725528
207	0	0.7.47.642583	0	0.004725528
207	0	0.7.47.642641	0	0.004725528
207	0	0.7.47.643082	0	0.004725528
207	0	0.7.47.643092	0	0.004725528
207	0	0.7.47.643100	0	0.004725528
207	0	0.7.47.643294	0	0.004725528
207	0	0.7.47.644229	0	0.03979703
207	0	0.7.47.644764	0	0.004725528
207	0	0.7.47.64532	0	0.004725528
207	0	0.7.47.645551	0	0.004725528
207	0	0.7.47.647334	0	0.004725528
207	0	0.7.47.647560	0	0.004725528
207	0	0.7.47.64916	0	0.004725528
207	0	0.7.47.65087	0	0.004725528
207	0	0.7.47.651721	0	0.004725528
207	0	0.7.47.651788	0	0.004725528
207	0	0.7.47.652	0	0.004725528
207	0	0.7.47.652451	0	0.004725528
207	0	0.7.47.652980	0	0.004725528
207	0	0.7.47.655131	0	0.004725528
207	0	0.7.47.655189	0	0.004725528
207	0	0.7.47.655314	0	0.004725528
207	0	0.7.47.655581	0	0.004725528
207	0	0.7.47.655863	1	0.04083665
207	0	0.7.47.657724	0	0.03979703
207	0	0.7.47.658070	0	0.03979703
207	0	0.7.47.658339	0	0.004725528
207	0	0.7.47.658454	0	0.03979703
207	0	0.7.47.658492	0	0.004725528
207	0	0.7.47.658583	0	0.03979703
207	0	0.7.47.659276	0	0.004725528
207	0	0.7.47.659439	0	0.004725528
207	0	0.7.47.659518	0	0.004725528
207	0	0.7.47.659672	0	0.004725528
207	0	0.7.47.659917	0	0.004725528
207	0	0.7.47.660051	0	0.004725528
207	0	0.7.47.660107	0	0.004725528
207	0	0.7.47.660469	0	0.004725528
207	0	0.7.47.663348	0	0.004725528
207	0	0.7.47.663424	0	0.004725528
207	0	0.7.47.663553	0	0.004725528
207	0	0.7.47.664205	0	0.004725528
207	0	0.7.47.664272	0	0.004725528
207	0	0.7.47.665172	0	0.004725528
207	0	0.7.47.665706	0	0.004725528
207	0	0.7.47.665734	0	0.004725528
207	0	0.7.47.665842	0	0.004725528
207	0	0.7.47.666558	0	0.004725528
207	0	0.7.47.666875	0	0.004725528
207	0	0.7.47.667019	0	0.004725528
207	0	0.7.47.667253	0	0.004725528
207	0	0.7.47.667679	0	0.04019824
207	0	0.7.47.6679	0	0.004725528
207	0	0.7.47.668065	1	0.04019824
207	0	0.7.47.668602	0	0.004725528
207	0	0.7.47.669149	0	0.004725528
207	0	0.7.47.669157	0	0.03979703
207	0	0.7.47.669653	0	0.004725528
207	0	0.7.47.670027	0	0.004725528
207	0	0.7.47.670719	0	0.03979703
207	0	0.7.47.670751	0	0.03979703
207	0	0.7.47.671116	0	0.004725528
207	0	0.7.47.671402	0	0.004725528
207	0	0.7.47.671753	0	0.004725528
207	0	0.7.47.67193	0	0.004725528
207	0	0.7.47.672279	0	0.004725528
207	0	0.7.47.674570	0	0.004725528
207	0	0.7.47.675216	0	0.004725528
207	0	0.7.47.675680	0	0.004725528
207	0	0.7.47.676173	0	0.03899083
207	0	0.7.47.676505	0	0.004725528
207	0	0.7.47.677194	0	0.004725528
207	0	0.7.47.677899	1	0.04019824
207	0	0.7.47.678	0	0.004725528
207	0	0.7.47.678302	0	0.004725528
207	0	0.7.47.679483	0	0.004725528
207	0	0.7.47.679999	0	0.004725528
207	0	0.7.47.680101	0	0.004725528
207	0	0.7.47.680440	0	0.03979703
207	0	0.7.47.680669	0	0.004725528
207	0	0.7.47.681458	0	0.004725528
207	0	0.7.47.682089	0	0.03979703
207	0	0.7.47.682263	0	0.004725528
207	0	0.7.47.682496	0	0.03979703
207	0	0.7.47.682681	0	0.03979703
207	0	0.7.47.682762	0	0.004725528
207	0	0.7.47.683118	0	0.004725528
207	0	0.7.47.6833	0	0.004725528
207	0	0.7.47.683441	0	0.03979703
207	0	0.7.47.683491	-1	0.04019824
207	0	0.7.47.683860	0	0.004725528
207	0	0.7.47.685511	0	0.004725528
207	0	0.7.47.686136	0	0.03979703
207	0	0.7.47.686547	0	0.004725528
207	0	0.7.47.686703	0	0.004725528
207	0	0.7.47.686758	0	0.004725528
207	0	0.7.47.68722	0	0.004725528
207	0	0.7.47.687507	0	0.03979703
207	0	0.7.47.687515	0	0.03979703
207	0	0.7.47.68760	0	0.03896104
207	0	0.7.47.688081	0	0.004725528
207	0	0.7.47.688115	1	0.04132231
207	0	0.7.47.688727	0	0.004725528
207	0	0.7.47.688780	0	0.004725528
207	0	0.7.47.688963	0	0.004725528
207	0	0.7.47.689268	0	0.004725528
207	0	0.7.47.690363	0	0.03979703
207	0	0.7.47.691078	0	0.004725528
207	0	0.7.47.691461	0	0.004725528
207	0	0.7.47.691624	0	0.03979703
207	0	0.7.47.691814	0	0.03979703
207	0	0.7.47.692230	0	0.004725528
207	0	0.7.47.692447	0	0.03979703
207	0	0.7.47.692742	0	0.004725528
207	0	0.7.47.692847	0	0.004725528
207	0	0.7.47.693173	0	0.04181185
207	0	0.7.47.693605	0	0.004725528
207	0	0.7.47.693748	0	0.03979703
207	0	0.7.47.693765	0	0.03979703
207	0	0.7.47.693820	1	0.04083665
207	0	0.7.47.693835	0	0.03979703
207	0	0.7.47.693838	0	0.03979703
207	0	0.7.47.694012	0	0.03979703
207	0	0.7.47.694208	0	0.004725528
207	0	0.7.47.694307	0	0.004725528
207	0	0.7.47.694470	0	0.004725528
207	0	0.7.47.694520	0	0.004725528
207	0	0.7.47.694565	0	0.03979703
207	0	0.7.47.695466	0	0.004725528
207	0	0.7.47.695616	0	0.004725528
207	0	0.7.47.695774	0	0.004725528
207	0	0.7.47.696939	0	0.004725528
207	0	0.7.47.697045	0	0.03979703
207	0	0.7.47.697126	0	0.03979703
207	0	0.7.47.697405	0	0.03979703
207	0	0.7.47.698659	0	0.004725528
207	0	0.7.47.698766	0	0.004725528
207	0	0.7.47.699640	0	0.004725528
207	0	0.7.47.699879	0	0.004725528
207	0	0.7.47.700964	0	0.004725528
207	0	0.7.47.701053	0	0.03979703
207	0	0.7.47.701529	0	0.004725528
207	0	0.7.47.702251	0	0.004725528
207	0	0.7.47.702476	0	0.004725528
207	0	0.7.47.702800	0	0.004725528
207	0	0.7.47.703022	0	0.004725528
207	0	0.7.47.703606	0	0.004725528
207	0	0.7.47.703881	0	0.004725528
207	0	0.7.47.704305	0	0.004725528
207	0	0.7.47.704802	0	0.004725528
207	0	0.7.47.705233	0	0.004725528
207	0	0.7.47.705771	0	0.004725528
207	0	0.7.47.7062	0	0.03979703
207	0	0.7.47.706415	0	0.004725528
207	0	0.7.47.706670	0	0.03979703
207	0	0.7.47.707108	0	0.03979703
207	0	0.7.47.707184	0	0.03979703
207	0	0.7.47.708358	0	0.004725528
207	0	0.7.47.709708	0	0.004725528
207	0	0.7.47.713989	0	0.004725528
207	0	0.7.47.714723	0	0.004725528
207	0	0.7.47.714787	0	0.004725528
207	0	0.7.47.716999	0	0.004725528
207	0	0.7.47.717235	0	0.004725528
207	0	0.7.47.719683	0	0.03979703
207	0	0.7.47.719913	0	0.004725528
207	0	0.7.47.722797	0	0.004725528
207	0	0.7.47.723454	0	0.004725528
207	0	0.7.47.724339	0	0.004725528
207	0	0.7.47.724393	0	0.004725528
207	0	0.7.47.726642	0	0.004725528
207	0	0.7.47.726682	0	0.004725528
207	0	0.7.47.728790	1	0.04019824
207	0	0.7.47.731173	0	0.004725528
207	0	0.7.47.731878	0	0.004725528
207	0	0.7.47.732686	1	0.03977273
207	0	0.7.47.732708	1	0.04083665
207	0	0.7.47.732770	0	0.004725528
207	0	0.7.47.732798	0	0.03979703
207	0	0.7.47.733253	0	0.004725528
207	0	0.7.47.733298	0	0.004725528
207	0	0.7.47.733340	0	0.004725528
207	0	0.7.47.734748	0	0.004725528
207	0	0.7.47.734878	0	0.004725528
207	0	0.7.47.735842	0	0.004725528
207	0	0.7.47.736265	0	0.004725528
207	0	0.7.47.736776	0	0.04181185
207	0	0.7.47.740061	0	0.004725528
207	0	0.7.47.740091	0	0.004725528
207	0	0.7.47.740193	0	0.004725528
207	0	0.7.47.740477	0	0.004725528
207	0	0.7.47.740799	0	0.004725528
207	0	0.7.47.747091	0	0.004725528
207	0	0.7.47.747745	0	0.004725528
207	0	0.7.47.748204	0	0.004725528
207	0	0.7.47.748340	0	0.004725528
207	0	0.7.47.750305	0	0.004725528
207	0	0.7.47.752386	0	0.004725528
207	0	0.7.47.752998	0	0.004725528
207	0	0.7.47.753185	0	0.004725528
207	0	0.7.47.753259	0	0.004725528
207	0	0.7.47.753581	0	0.004725528
207	0	0.7.47.753972	0	0.004725528
207	0	0.7.47.7554	0	0.004725528
207	0	0.7.47.756326	0	0.004725528
207	0	0.7.47.756379	0	0.004725528
207	0	0.7.47.757242	0	0.004725528
207	0	0.7.47.758910	0	0.03979703
207	0	0.7.47.75910	0	0.004725528
207	0	0.7.47.75921	0	0.004725528
207	0	0.7.47.759900	0	0.004725528
207	0	0.7.47.760137	0	0.004725528
207	0	0.7.47.761234	0	0.004725528
207	0	0.7.47.76186	0	0.004725528
207	0	0.7.47.764127	0	0.004725528
207	0	0.7.47.76436	0	0.004725528
207	0	0.7.47.765154	0	0.004725528
207	0	0.7.47.765759	0	0.004725528
207	0	0.7.47.765868	0	0.004725528
207	0	0.7.47.765935	0	0.004725528
207	0	0.7.47.766121	0	0.004725528
207	0	0.7.47.766141	0	0.004725528
207	0	0.7.47.78307	-1	0.004725528
207	0	0.7.47.788054	1	0.04083665
207	0	0.7.47.788170	0	0.004725528
207	0	0.7.47.788983	0	0.004725528
207	0	0.7.47.790153	0	0.004725528
207	0	0.7.47.790317	0	0.004725528
207	0	0.7.47.791459	1	0.04132231
207	0	0.7.47.792892	1	0.04132231
207	0	0.7.47.792989	0	0.004725528
207	0	0.7.47.794753	0	0.03979703
207	0	0.7.47.79629	-1	0.004725528
207	0	0.7.47.797312	0	0.03979703
207	0	0.7.47.798057	0	0.004725528
207	0	0.7.47.801628	0	0.03979703
207	0	0.7.47.801721	0	0.004725528
207	0	0.7.47.802058	1	0.03947368
207	0	0.7.47.808268	0	0.004725528
207	0	0.7.47.809753	1	0.03899083
207	0	0.7.47.811442	0	0.004725528
207	0	0.7.47.811625	0	0.004725528
207	0	0.7.47.812056	0	0.004725528
207	0	0.7.47.812058	0	0.004725528
207	0	0.7.47.812969	0	0.004725528
207	0	0.7.47.813038	0	0.004725528
207	0	0.7.47.814120	0	0.004725528
207	0	0.7.47.81472	0	0.004725528
207	0	0.7.47.815132	0	0.004725528
207	0	0.7.47.818645	-1	0.004725528
207	0	0.7.47.820972	0	0.004725528
207	0	0.7.47.821741	0	0.004725528
207	0	0.7.47.82235	0	0.004725528
207	0	0.7.47.823602	0	0.03979703
207	0	0.7.47.823626	0	0.004725528
207	0	0.7.47.82462	0	0.004725528
207	0	0.7.47.824684	0	0.004725528
207	0	0.7.47.826124	0	0.004725528
207	0	0.7.47.826221	1	0.03904555
207	0	0.7.47.82868	0	0.004725528
207	0	0.7.47.8287	0	0.004725528
207	0	0.7.47.829170	0	0.004725528
207	0	0.7.47.829645	0	0.004725528
207	0	0.7.47.829762	0	0.004725528
207	0	0.7.47.829832	0	0.004725528
207	0	0.7.47.829974	0	0.004725528
207	0	0.7.47.830376	0	0.004725528
207	0	0.7.47.830885	0	0.004725528
207	0	0.7.47.830966	0	0.004725528
207	0	0.7.47.831741	0	0.004725528
207	0	0.7.47.832075	0	0.004725528
207	0	0.7.47.832348	0	0.03979703
207	0	0.7.47.832562	0	0.03979703
207	0	0.7.47.833554	0	0.004725528
207	0	0.7.47.835021	0	0.004725528
207	0	0.7.47.835043	0	0.004725528
207	0	0.7.47.835555	0	0.004725528
207	0	0.7.47.836348	1	0.04083665
207	0	0.7.47.836520	1	0.04132231
207	0	0.7.47.836804	0	0.004725528
207	0	0.7.47.837013	1	0.03977273
207	0	0.7.47.837023	0	0.04019824
207	0	0.7.47.837401	0	0.03979703
207	0	0.7.47.837985	0	0.004725528
207	0	0.7.47.838438	0	0.03979703
207	0	0.7.47.838976	0	0.03979703
207	0	0.7.47.839618	0	0.004725528
207	0	0.7.47.839640	0	0.004725528
207	0	0.7.47.840066	0	0.03979703
207	0	0.7.47.840132	1	0.03977273
207	0	0.7.47.840176	1	0.04019824
207	0	0.7.47.840444	0	0.004725528
207	0	0.7.47.840498	0	0.004725528
207	0	0.7.47.840899	0	0.004725528
207	0	0.7.47.8442	0	0.004725528
207	0	0.7.47.848756	0	0.03979703
207	0	0.7.47.848827	0	0.03979703
207	0	0.7.47.848838	0	0.03979703
207	0	0.7.47.848913	0	0.03979703
207	0	0.7.47.849038	0	0.03979703
207	0	0.7.47.849088	0	0.03979703
207	0	0.7.47.849290	0	0.03979703
207	0	0.7.47.849381	0	0.03979703
207	0	0.7.47.849399	0	0.004725528
207	0	0.7.47.849414	0	0.03979703
207	0	0.7.47.849443	0	0.03979703
207	0	0.7.47.849488	0	0.03979703
207	0	0.7.47.849673	0	0.03979703
207	0	0.7.47.849685	0	0.03979703
207	0	0.7.47.849826	0	0.03979703
207	0	0.7.47.849897	0	0.004725528
207	0	0.7.47.849991	0	0.03979703
207	0	0.7.47.850055	0	0.03979703
207	0	0.7.47.850170	0	0.03979703
207	0	0.7.47.850235	0	0.03979703
207	0	0.7.47.850436	0	0.004725528
207	0	0.7.47.850473	0	0.004725528
207	0	0.7.47.850528	0	0.004725528
207	0	0.7.47.850583	0	0.03979703
207	0	0.7.47.850589	0	0.004725528
207	0	0.7.47.850615	0	0.004725528
207	0	0.7.47.850815	0	0.004725528
207	0	0.7.47.850884	0	0.004725528
207	0	0.7.47.850892	0	0.004725528
207	0	0.7.47.851833	0	0.004725528
207	0	0.7.47.851843	0	0.03979703
207	0	0.7.47.851851	0	0.004725528
207	0	0.7.47.851883	0	0.03979703
207	0	0.7.47.851885	0	0.004725528
207	0	0.7.47.851887	0	0.004725528
207	0	0.7.47.851938	1	0.04181185
207	0	0.7.47.852025	0	0.004725528
207	0	0.7.47.852096	0	0.004725528
207	0	0.7.47.852448	0	0.004725528
207	0	0.7.47.85297	0	0.004725528
207	0	0.7.47.853039	1	0.03947368
207	0	0.7.47.853060	1	0.03947368
207	0	0.7.47.853727	1	0.03904555
207	0	0.7.47.853811	1	0.04489796
207	0	0.7.47.853988	0	0.03979703
207	0	0.7.47.854007	1	0.03904555
207	0	0.7.47.854118	1	0.03947368
207	0	0.7.47.854122	1	0.03947368
207	0	0.7.47.854136	1	0.03947368
207	0	0.7.47.854226	1	0.04132231
207	0	0.7.47.85435	0	0.004725528
207	0	0.7.47.854648	1	0.03947368
207	0	0.7.47.854694	1	0.04181185
207	0	0.7.47.854823	0	0.03979703
207	0	0.7.47.854917	0	0.03979703
207	0	0.7.47.854989	0	0.004725528
207	0	0.7.47.855103	0	0.004725528
207	0	0.7.47.855303	0	0.03979703
207	0	0.7.47.855358	0	0.004725528
207	0	0.7.47.855947	0	0.004725528
207	0	0.7.47.855960	0	0.004725528
207	0	0.7.47.856463	0	0.004725528
207	0	0.7.47.856580	0	0.004725528
207	0	0.7.47.858201	0	0.004725528
207	0	0.7.47.858244	0	0.004725528
207	0	0.7.47.858250	0	0.004725528
207	0	0.7.47.858684	1	0.03719912
207	0	0.7.47.8597	-1	0.004725528
207	0	0.7.47.859943	0	0.004725528
207	0	0.7.47.860157	0	0.004725528
207	0	0.7.47.861090	0	0.004725528
207	0	0.7.47.861255	0	0.004725528
207	0	0.7.47.861547	0	0.03979703
207	0	0.7.47.861978	0	0.03979703
207	0	0.7.47.861994	0	0.004725528
207	0	0.7.47.862215	0	0.03896104
207	0	0.7.47.862261	1	0.03977273
207	0	0.7.47.862886	0	0.03979703
207	0	0.7.47.863096	0	0.03979703
207	0	0.7.47.863258	0	0.03979703
207	0	0.7.47.863380	0	0.03979703
207	0	0.7.47.863383	0	0.03979703
207	0	0.7.47.863473	0	0.03979703
207	0	0.7.47.863798	0	0.03979703
207	0	0.7.47.863834	1	0.04181185
207	0	0.7.47.863876	1	0.03947368
207	0	0.7.47.863882	0	0.03979703
207	0	0.7.47.863890	0	0.03979703
207	0	0.7.47.864028	1	0.03899083
207	0	0.7.47.864051	0	0.03979703
207	0	0.7.47.864361	0	0.03979703
207	0	0.7.47.864387	1	0.03904555
207	0	0.7.47.864463	0	0.03979703
207	0	0.7.47.864582	1	0.03979703
207	0	0.7.47.864596	1	0.04181185
207	0	0.7.47.864615	1	0.03947368
207	0	0.7.47.864643	0	0.004725528
207	0	0.7.47.864754	1	0.04181185
207	0	0.7.47.864768	1	0.03979703
207	0	0.7.47.864771	0	0.03979703
207	0	0.7.47.864774	0	0.03979703
207	0	0.7.47.864814	0	0.03979703
207	0	0.7.47.86490	0	0.004725528
207	0	0.7.47.864997	0	0.004725528
207	0	0.7.47.865021	0	0.03979703
207	0	0.7.47.865144	0	0.03896104
207	0	0.7.47.865281	0	0.03979703
207	0	0.7.47.865367	0	0.03979703
207	0	0.7.47.865459	0	0.03979703
207	0	0.7.47.865547	1	0.03947368
207	0	0.7.47.865878	0	0.03979703
207	0	0.7.47.865958	0	0.03979703
207	0	0.7.47.865961	0	0.03979703
207	0	0.7.47.866153	0	0.03979703
207	0	0.7.47.866230	0	0.03979703
207	0	0.7.47.866241	0	0.03979703
207	0	0.7.47.866532	0	0.03979703
207	0	0.7.47.866580	0	0.03979703
207	0	0.7.47.866707	0	0.03979703
207	0	0.7.47.866952	0	0.03979703
207	0	0.7.47.866977	0	0.03979703
207	0	0.7.47.867020	0	0.03979703
207	0	0.7.47.867027	0	0.03979703
207	0	0.7.47.867181	0	0.03979703
207	0	0.7.47.867204	0	0.03979703
207	0	0.7.47.867274	0	0.03979703
207	0	0.7.47.867466	0	0.004725528
207	0	0.7.47.867529	0	0.03979703
207	0	0.7.47.867559	0	0.03979703
207	0	0.7.47.867627	0	0.03979703
207	0	0.7.47.867663	0	0.03979703
207	0	0.7.47.867669	0	0.03979703
207	0	0.7.47.867784	0	0.03979703
207	0	0.7.47.867869	0	0.004725528
207	0	0.7.47.867933	0	0.03979703
207	0	0.7.47.868139	0	0.03979703
207	0	0.7.47.868154	0	0.03979703
207	0	0.7.47.868243	0	0.03979703
207	0	0.7.47.868412	0	0.03979703
207	0	0.7.47.868485	0	0.004725528
207	0	0.7.47.868563	0	0.03979703
207	0	0.7.47.868967	0	0.03979703
207	0	0.7.47.868975	0	0.03979703
207	0	0.7.47.869120	0	0.03979703
207	0	0.7.47.869540	0	0.03979703
207	0	0.7.47.869998	0	0.03979703
207	0	0.7.47.870155	0	0.03979703
207	0	0.7.47.870159	0	0.004725528
207	0	0.7.47.870518	0	0.004725528
207	0	0.7.47.870562	0	0.03979703
207	0	0.7.47.870588	0	0.03979703
207	0	0.7.47.870593	0	0.03979703
207	0	0.7.47.870609	0	0.03979703
207	0	0.7.47.870647	1	0.04019824
207	0	0.7.47.870701	0	0.03979703
207	0	0.7.47.870709	0	0.03979703
207	0	0.7.47.870771	0	0.004725528
207	0	0.7.47.870811	1	0.04032258
207	0	0.7.47.871210	0	0.03979703
207	0	0.7.47.871249	0	0.004725528
207	0	0.7.47.871690	0	0.03979703
207	0	0.7.47.871868	1	0.04181185
207	0	0.7.47.871955	0	0.004725528
207	0	0.7.47.872155	0	0.03979703
207	0	0.7.47.873068	1	0.04132231
207	0	0.7.47.8745	-1	0.004725528
207	0	0.7.47.875260	1	0.04132231
207	0	0.7.47.876239	0	0.004725528
207	0	0.7.47.876766	1	0.03979703
207	0	0.7.47.876823	1	0.03947368
207	0	0.7.47.877068	0	0.03979703
207	0	0.7.47.877093	1	0.03979703
207	0	0.7.47.877399	0	0.03979703
207	0	0.7.47.877763	0	0.03896104
207	0	0.7.47.877828	0	0.03979703
207	0	0.7.47.877855	1	0.04132231
207	0	0.7.47.881801	0	0.004725528
207	0	0.7.47.884791	0	0.004725528
207	0	0.7.47.885354	0	0.004725528
207	0	0.7.47.886054	0	0.03979703
207	0	0.7.47.886983	0	0.004725528
207	0	0.7.47.887142	0	0.004725528
207	0	0.7.47.887962	0	0.004725528
207	0	0.7.47.88865	0	0.004725528
207	0	0.7.47.888972	0	0.004725528
207	0	0.7.47.88965	0	0.004725528
207	0	0.7.47.892996	0	0.004725528
207	0	0.7.47.894101	0	0.004725528
207	0	0.7.47.894387	0	0.004725528
207	0	0.7.47.89468	0	0.004725528
207	0	0.7.47.895281	0	0.004725528
207	0	0.7.47.896481	0	0.004725528
207	0	0.7.47.896815	0	0.004725528
207	0	0.7.47.898765	0	0.004725528
207	0	0.7.47.899247	0	0.004725528
207	0	0.7.47.89972	0	0.004725528
207	0	0.7.47.899835	0	0.004725528
207	0	0.7.47.900019	0	0.004725528
207	0	0.7.47.900025	0	0.004725528
207	0	0.7.47.900281	0	0.03979703
207	0	0.7.47.901152	0	0.004725528
207	0	0.7.47.901659	0	0.004725528
207	0	0.7.47.901695	0	0.004725528
207	0	0.7.47.901833	-1	0.03896104
207	0	0.7.47.902295	0	0.004725528
207	0	0.7.47.902444	0	0.004725528
207	0	0.7.47.904	0	0.03979703
207	0	0.7.47.904518	0	0.004725528
207	0	0.7.47.904822	0	0.004725528
207	0	0.7.47.905458	0	0.004725528
207	0	0.7.47.905482	0	0.004725528
207	0	0.7.47.905824	0	0.004725528
207	0	0.7.47.906193	0	0.004725528
207	0	0.7.47.906249	0	0.004725528
207	0	0.7.47.906281	0	0.004725528
207	0	0.7.47.906588	0	0.004725528
207	0	0.7.47.90792	0	0.004725528
207	0	0.7.47.909	0	0.03979703
207	0	0.7.47.909347	0	0.004725528
207	0	0.7.47.910	0	0.03979703
207	0	0.7.47.91040	0	0.03979703
207	0	0.7.47.912389	0	0.004725528
207	0	0.7.47.912693	0	0.004725528
207	0	0.7.47.915	0	0.004725528
207	0	0.7.47.915814	0	0.004725528
207	0	0.7.47.916511	0	0.004725528
207	0	0.7.47.917182	0	0.004725528
207	0	0.7.47.9175	-1	0.03979703
207	0	0.7.47.919641	0	0.004725528
207	0	0.7.47.919656	0	0.004725528
207	0	0.7.47.919743	0	0.004725528
207	0	0.7.47.920387	0	0.03979703
207	0	0.7.47.920389	0	0.03979703
207	0	0.7.47.920564	0	0.04181185
207	0	0.7.47.920601	0	0.03979703
207	0	0.7.47.920991	0	0.03979703
207	0	0.7.47.921030	0	0.03979703
207	0	0.7.47.921257	0	0.004725528
207	0	0.7.47.921825	0	0.03979703
207	0	0.7.47.921839	0	0.03979703
207	0	0.7.47.921842	0	0.03979703
207	0	0.7.47.922006	0	0.03979703
207	0	0.7.47.922035	0	0.03979703
207	0	0.7.47.922042	0	0.03979703
207	0	0.7.47.922084	0	0.03979703
207	0	0.7.47.922202	0	0.03979703
207	0	0.7.47.922204	0	0.03979703
207	0	0.7.47.922309	0	0.004725528
207	0	0.7.47.922673	0	0.004725528
207	0	0.7.47.923719	0	0.004725528
207	0	0.7.47.923831	0	0.004725528
207	0	0.7.47.923925	0	0.03979703
207	0	0.7.47.924310	0	0.03979703
207	0	0.7.47.924476	0	0.004725528
207	0	0.7.47.924517	0	0.004725528
207	0	0.7.47.924527	0	0.004725528
207	0	0.7.47.924994	0	0.004725528
207	0	0.7.47.925485	0	0.03979703
207	0	0.7.47.92697	0	0.03979703
207	0	0.7.47.927181	0	0.004725528
207	0	0.7.47.927672	0	0.004725528
207	0	0.7.47.9277	-1	0.03979703
207	0	0.7.47.927797	0	0.03979703
207	0	0.7.47.928261	0	0.03979703
207	0	0.7.47.928410	0	0.004725528
207	0	0.7.47.929136	0	0.03979703
207	0	0.7.47.929224	0	0.03979703
207	0	0.7.47.929589	0	0.004725528
207	0	0.7.47.92965	0	0.004725528
207	0	0.7.47.930154	0	0.004725528
207	0	0.7.47.930330	0	0.004725528
207	0	0.7.47.930383	0	0.004725528
207	0	0.7.47.930830	0	0.004725528
207	0	0.7.47.931215	0	0.03979703
207	0	0.7.47.931573	0	0.004725528
207	0	0.7.47.932277	0	0.004725528
207	0	0.7.47.933251	0	0.004725528
207	0	0.7.47.933403	0	0.03979703
207	0	0.7.47.933801	0	0.03979703
207	0	0.7.47.933996	0	0.03979703
207	0	0.7.47.934116	0	0.03979703
207	0	0.7.47.934134	0	0.03719912
207	0	0.7.47.934142	0	0.03979703
207	0	0.7.47.936042	0	0.03979703
207	0	0.7.47.936156	0	0.004725528
207	0	0.7.47.936619	0	0.004725528
207	0	0.7.47.936806	0	0.004725528
207	0	0.7.47.936810	1	0.04181185
207	0	0.7.47.937964	0	0.03979703
207	0	0.7.47.938959	0	0.004725528
207	0	0.7.47.938984	0	0.004725528
207	0	0.7.47.939151	0	0.004725528
207	0	0.7.47.939175	0	0.03899083
207	0	0.7.47.939451	0	0.004725528
207	0	0.7.47.941466	0	0.004725528
207	0	0.7.47.941527	0	0.03979703
207	0	0.7.47.941765	0	0.004725528
207	0	0.7.47.941986	0	0.004725528
207	0	0.7.47.941994	0	0.03979703
207	0	0.7.47.942812	1	0.03947368
207	0	0.7.47.942820	0	0.004725528
207	0	0.7.47.942871	1	0.03979703
207	0	0.7.47.94314	0	0.004725528
207	0	0.7.47.943167	1	0.04181185
207	0	0.7.47.943222	0	0.03904555
207	0	0.7.47.943278	0	0.004725528
207	0	0.7.47.943892	0	0.004725528
207	0	0.7.47.944247	0	0.04083665
207	0	0.7.47.944422	0	0.004725528
207	0	0.7.47.944710	0	0.03979703
207	0	0.7.47.945606	0	0.03977273
207	0	0.7.47.946297	0	0.03979703
207	0	0.7.47.946305	0	0.03979703
207	0	0.7.47.946312	0	0.03979703
207	0	0.7.47.949207	0	0.04019824
207	0	0.7.47.949208	0	0.04019824
207	0	0.7.47.949638	0	0.004725528
207	0	0.7.47.94985	0	0.004725528
207	0	0.7.47.94999	0	0.004725528
207	0	0.7.47.950176	0	0.004725528
207	0	0.7.47.95061	0	0.004725528
207	0	0.7.47.953371	0	0.03979703
207	0	0.7.47.953621	0	0.004725528
207	0	0.7.47.953893	0	0.004725528
207	0	0.7.47.954636	-1	0.03896104
207	0	0.7.47.95638	0	0.004725528
207	0	0.7.47.95669	0	0.004725528
207	0	0.7.47.956967	0	0.004725528
207	0	0.7.47.958343	0	0.004725528
207	0	0.7.47.958722	0	0.004725528
207	0	0.7.47.961545	0	0.004725528
207	0	0.7.47.96168	0	0.004725528
207	0	0.7.47.961957	0	0.004725528
207	0	0.7.47.962866	0	0.004725528
207	0	0.7.47.964090	0	0.004725528
207	0	0.7.47.965951	0	0.03979703
207	0	0.7.47.966409	0	0.03979703
207	0	0.7.47.967296	0	0.004725528
207	0	0.7.47.968481	0	0.004725528
207	0	0.7.47.968854	0	0.004725528
207	0	0.7.47.969081	0	0.004725528
207	0	0.7.47.969427	0	0.004725528
207	0	0.7.47.970794	0	0.004725528
207	0	0.7.47.970846	0	0.004725528
207	0	0.7.47.970996	0	0.03979703
207	0	0.7.47.971443	0	0.004725528
207	0	0.7.47.971548	0	0.004725528
207	0	0.7.47.971979	0	0.004725528
207	0	0.7.47.975076	0	0.03979703
207	0	0.7.47.975112	0	0.03979703
207	0	0.7.47.975737	0	0.004725528
207	0	0.7.47.975783	0	0.03979703
207	0	0.7.47.976105	0	0.004725528
207	0	0.7.47.976326	0	0.03979703
207	0	0.7.47.976348	0	0.03979703
207	0	0.7.47.976572	0	0.004725528
207	0	0.7.47.976888	0	0.004725528
207	0	0.7.47.976990	0	0.004725528
207	0	0.7.47.977376	0	0.004725528
207	0	0.7.47.97745	0	0.004725528
207	0	0.7.47.978581	0	0.004725528
207	0	0.7.47.978977	0	0.03979703
207	0	0.7.47.979053	0	0.004725528
207	0	0.7.47.979174	0	0.004725528
207	0	0.7.47.979441	0	0.004725528
207	0	0.7.47.979571	0	0.004725528
207	0	0.7.47.979617	0	0.004725528
207	0	0.7.47.98010	0	0.004725528
207	0	0.7.47.980178	0	0.004725528
207	0	0.7.47.980283	0	0.004725528
207	0	0.7.47.980372	0	0.03979703
207	0	0.7.47.98050	0	0.004725528
207	0	0.7.47.99065	0	0.004725528
207	0	0.7.47.992349	0	0.03979703
207	0	0.7.47.992623	0	0.004725528
207	0	0.7.47.99270	0	0.004725528
207	0	0.7.47.993	0	0.004725528
207	0	0.7.47.993493	0	0.03979703
207	0	0.7.47.993652	0	0.004725528
207	0	0.7.47.993719	0	0.004725528
207	0	0.7.47.993865	0	0.004725528
207	0	0.7.47.993922	0	0.004725528
207	0	0.7.47.994246	0	0.004725528
207	0	0.7.47.994526	0	0.004725528
207	0	0.7.47.994609	0	0.004725528
207	0	0.7.47.994778	0	0.004725528
207	0	0.7.47.995588	0	0.004725528
207	0	0.7.47.995897	0	0.03979703
207	0	0.7.47.997997	0	0.004725528
207	0	0.7.47.998337	0	0.004725528
207	0	0.7.47.999071	0	0.004725528
207	0	0.7.47.999308	0	0.03979703
207	0	0.7.47.999768	0	0.004725528
207	0	0.7.47.999847	0	0.03979703
207	0	0.7.6.100427	0	0.03979703
207	0	0.7.6.100510	0	0.004725528
207	0	0.7.6.100652	0	0.004725528
207	0	0.7.6.101156	0	0.004725528
207	0	0.7.6.101933	0	0.004725528
207	0	0.7.6.102664	0	0.004725528
207	0	0.7.6.102785	0	0.004725528
207	0	0.7.6.103187	0	0.004725528
207	0	0.7.6.103561	0	0.03979703
207	0	0.7.6.103564	0	0.03979703
207	0	0.7.6.103569	0	0.03979703
207	0	0.7.6.103750	0	0.004725528
207	0	0.7.6.103942	0	0.004725528
207	0	0.7.6.103955	0	0.03979703
207	0	0.7.6.104043	0	0.004725528
207	0	0.7.6.104064	0	0.03979703
207	0	0.7.6.104270	0	0.004725528
207	0	0.7.6.104390	0	0.004725528
207	0	0.7.6.104941	0	0.004725528
207	0	0.7.6.105197	0	0.03979703
207	0	0.7.6.105270	0	0.004725528
207	0	0.7.6.105829	0	0.004725528
207	0	0.7.6.105965	0	0.004725528
207	0	0.7.6.106305	0	0.004725528
207	0	0.7.6.106460	0	0.004725528
207	0	0.7.6.1069	0	0.004725528
207	0	0.7.6.106963	0	0.004725528
207	0	0.7.6.107079	0	0.004725528
207	0	0.7.6.107200	0	0.004725528
207	0	0.7.6.107214	0	0.004725528
207	0	0.7.6.107420	0	0.004725528
207	0	0.7.6.108024	0	0.004725528
207	0	0.7.6.108413	0	0.004725528
207	0	0.7.6.108495	0	0.004725528
207	0	0.7.6.108683	0	0.004725528
207	0	0.7.6.109264	0	0.004725528
207	0	0.7.6.109357	0	0.004725528
207	0	0.7.6.109450	0	0.004725528
207	0	0.7.6.109470	0	0.004725528
207	0	0.7.6.109883	1	0.03977273
207	0	0.7.6.110475	0	0.004725528
207	0	0.7.6.110498	1	0.03977273
207	0	0.7.6.110617	0	0.03896104
207	0	0.7.6.110762	0	0.03896104
207	0	0.7.6.111231	0	0.004725528
207	0	0.7.6.112072	0	0.004725528
207	0	0.7.6.11213	0	0.004725528
207	0	0.7.6.11236	0	0.004725528
207	0	0.7.6.112549	0	0.004725528
207	0	0.7.6.112715	0	0.03979703
207	0	0.7.6.113546	0	0.004725528
207	0	0.7.6.113750	0	0.03979703
207	0	0.7.6.113817	0	0.004725528
207	0	0.7.6.114280	0	0.004725528
207	0	0.7.6.114538	0	0.004725528
207	0	0.7.6.115025	0	0.004725528
207	0	0.7.6.115491	0	0.004725528
207	0	0.7.6.1155	0	0.004725528
207	0	0.7.6.115753	1	0.03947368
207	0	0.7.6.115776	1	0.03947368
207	0	0.7.6.115905	1	0.03899083
207	0	0.7.6.116077	0	0.004725528
207	0	0.7.6.116196	0	0.004725528
207	0	0.7.6.116250	1	0.04181185
207	0	0.7.6.116455	1	0.03947368
207	0	0.7.6.116634	0	0.004725528
207	0	0.7.6.116703	1	0.03947368
207	0	0.7.6.116902	1	0.03947368
207	0	0.7.6.116925	1	0.04181185
207	0	0.7.6.116931	1	0.03947368
207	0	0.7.6.116975	1	0.03947368
207	0	0.7.6.116990	1	0.03947368
207	0	0.7.6.117023	1	0.03947368
207	0	0.7.6.117049	0	0.03979703
207	0	0.7.6.117162	1	0.03947368
207	0	0.7.6.117967	0	0.004725528
207	0	0.7.6.118106	0	0.03979703
207	0	0.7.6.118170	0	0.004725528
207	0	0.7.6.118368	0	0.004725528
207	0	0.7.6.118527	0	0.004725528
207	0	0.7.6.118755	0	0.03979703
207	0	0.7.6.119219	0	0.004725528
207	0	0.7.6.119290	0	0.004725528
207	0	0.7.6.119753	0	0.03896104
207	0	0.7.6.120038	0	0.03979703
207	0	0.7.6.120703	0	0.004725528
207	0	0.7.6.121185	0	0.004725528
207	0	0.7.6.123704	1	0.03875969
207	0	0.7.6.123777	1	0.04181185
207	0	0.7.6.123823	1	0.03947368
207	0	0.7.6.123890	1	0.03947368
207	0	0.7.6.123944	1	0.03947368
207	0	0.7.6.124479	0	0.004725528
207	0	0.7.6.124534	0	0.004725528
207	0	0.7.6.124558	0	0.004725528
207	0	0.7.6.124865	0	0.004725528
207	0	0.7.6.125425	0	0.004725528
207	0	0.7.6.125602	0	0.004725528
207	0	0.7.6.125931	0	0.004725528
207	0	0.7.6.127897	0	0.004725528
207	0	0.7.6.128109	0	0.004725528
207	0	0.7.6.128276	0	0.03979703
207	0	0.7.6.12841	0	0.004725528
207	0	0.7.6.128718	0	0.03979703
207	0	0.7.6.128735	0	0.03979703
207	0	0.7.6.12884	0	0.004725528
207	0	0.7.6.12953	0	0.004725528
207	0	0.7.6.129834	0	0.004725528
207	0	0.7.6.130030	0	0.004725528
207	0	0.7.6.130051	0	0.004725528
207	0	0.7.6.130306	1	0.04489796
207	0	0.7.6.13068	0	0.03979703
207	0	0.7.6.130930	1	0.03225806
207	0	0.7.6.131031	0	0.004725528
207	0	0.7.6.13120	0	0.04019824
207	0	0.7.6.131584	-1	0.004725528
207	0	0.7.6.13166	0	0.004725528
207	0	0.7.6.13177	1	0.03875969
207	0	0.7.6.131994	0	0.03979703
207	0	0.7.6.132779	0	0.004725528
207	0	0.7.6.132859	0	0.004725528
207	0	0.7.6.13313	1	0.03947368
207	0	0.7.6.133896	0	0.004725528
207	0	0.7.6.13493	0	0.03979703
207	0	0.7.6.13501	1	0.03947368
207	0	0.7.6.13650	0	0.03979703
207	0	0.7.6.13657	0	0.03979703
207	0	0.7.6.136724	0	0.004725528
207	0	0.7.6.13741	0	0.004725528
207	0	0.7.6.137950	0	0.004725528
207	0	0.7.6.138379	0	0.004725528
207	0	0.7.6.138849	0	0.004725528
207	0	0.7.6.138857	0	0.04132231
207	0	0.7.6.13935	0	0.03979703
207	0	0.7.6.139506	0	0.004725528
207	0	0.7.6.140102	0	0.004725528
207	0	0.7.6.14065	0	0.03979703
207	0	0.7.6.14093	0	0.004725528
207	0	0.7.6.141425	0	0.04019824
207	0	0.7.6.143	0	0.004725528
207	0	0.7.6.143049	0	0.004725528
207	0	0.7.6.143140	0	0.03979703
207	0	0.7.6.143145	0	0.004725528
207	0	0.7.6.143335	0	0.004725528
207	0	0.7.6.143423	0	0.004725528
207	0	0.7.6.14353	1	0.03947368
207	0	0.7.6.143749	0	0.004725528
207	0	0.7.6.144034	0	0.004725528
207	0	0.7.6.144347	0	0.004725528
207	0	0.7.6.14439	0	0.004725528
207	0	0.7.6.144555	0	0.004725528
207	0	0.7.6.144601	1	0.03977273
207	0	0.7.6.14478	0	0.03904555
207	0	0.7.6.145081	0	0.004725528
207	0	0.7.6.145490	0	0.03979703
207	0	0.7.6.14594	1	0.03904555
207	0	0.7.6.14612	0	0.03719912
207	0	0.7.6.146728	0	0.004725528
207	0	0.7.6.14851	0	0.03979703
207	0	0.7.6.148554	-1	0.004725528
207	0	0.7.6.149017	0	0.004725528
207	0	0.7.6.14902	1	0.03947368
207	0	0.7.6.149109	0	0.004725528
207	0	0.7.6.149311	0	0.004725528
207	0	0.7.6.14971	0	0.03979703
207	0	0.7.6.149871	0	0.004725528
207	0	0.7.6.149875	0	0.004725528
207	0	0.7.6.150030	0	0.004725528
207	0	0.7.6.15086	0	0.03979703
207	0	0.7.6.150894	0	0.004725528
207	0	0.7.6.151321	0	0.004725528
207	0	0.7.6.152445	0	0.03979703
207	0	0.7.6.152628	0	0.004725528
207	0	0.7.6.153083	0	0.004725528
207	0	0.7.6.153106	0	0.004725528
207	0	0.7.6.153199	0	0.004725528
207	0	0.7.6.153714	0	0.004725528
207	0	0.7.6.153861	0	0.004725528
207	0	0.7.6.154188	0	0.004725528
207	0	0.7.6.154370	0	0.004725528
207	0	0.7.6.154484	0	0.004725528
207	0	0.7.6.154698	0	0.004725528
207	0	0.7.6.154952	0	0.004725528
207	0	0.7.6.155197	0	0.004725528
207	0	0.7.6.155562	1	0.04083665
207	0	0.7.6.155681	0	0.004725528
207	0	0.7.6.155735	0	0.004725528
207	0	0.7.6.155972	0	0.004725528
207	0	0.7.6.156626	0	0.004725528
207	0	0.7.6.1571	0	0.004725528
207	0	0.7.6.15731	0	0.004725528
207	0	0.7.6.16098	0	0.004725528
207	0	0.7.6.165450	0	0.03979703
207	0	0.7.6.165631	0	0.004725528
207	0	0.7.6.165722	0	0.004725528
207	0	0.7.6.166038	0	0.004725528
207	0	0.7.6.166111	0	0.03979703
207	0	0.7.6.166128	0	0.03979703
207	0	0.7.6.166158	0	0.03979703
207	0	0.7.6.166595	0	0.004725528
207	0	0.7.6.166862	0	0.03979703
207	0	0.7.6.166908	0	0.03979703
207	0	0.7.6.166960	0	0.03979703
207	0	0.7.6.166973	0	0.03979703
207	0	0.7.6.167694	0	0.03979703
207	0	0.7.6.167701	0	0.03979703
207	0	0.7.6.167754	0	0.004725528
207	0	0.7.6.167962	1	0.04019824
207	0	0.7.6.168033	0	0.03979703
207	0	0.7.6.16806	0	0.004725528
207	0	0.7.6.168089	0	0.004725528
207	0	0.7.6.168092	0	0.004725528
207	0	0.7.6.168151	0	0.03979703
207	0	0.7.6.168178	0	0.004725528
207	0	0.7.6.168203	0	0.03979703
207	0	0.7.6.168341	0	0.004725528
207	0	0.7.6.168364	0	0.004725528
207	0	0.7.6.168400	0	0.004725528
207	0	0.7.6.168464	0	0.03979703
207	0	0.7.6.168651	0	0.004725528
207	0	0.7.6.168694	0	0.03979703
207	0	0.7.6.168703	0	0.03979703
207	0	0.7.6.169223	0	0.03979703
207	0	0.7.6.169230	0	0.03979703
207	0	0.7.6.169246	0	0.03979703
207	0	0.7.6.169295	0	0.03979703
207	0	0.7.6.169419	0	0.004725528
207	0	0.7.6.169459	0	0.03979703
207	0	0.7.6.169559	0	0.03979703
207	0	0.7.6.170085	0	0.004725528
207	0	0.7.6.170837	0	0.004725528
207	0	0.7.6.171057	0	0.03979703
207	0	0.7.6.171358	0	0.004725528
207	0	0.7.6.171482	0	0.004725528
207	0	0.7.6.171573	0	0.004725528
207	0	0.7.6.172148	0	0.03979703
207	0	0.7.6.172357	0	0.004725528
207	0	0.7.6.17262	0	0.004725528
207	0	0.7.6.172796	0	0.004725528
207	0	0.7.6.173468	0	0.004725528
207	0	0.7.6.173714	0	0.004725528
207	0	0.7.6.173854	0	0.004725528
207	0	0.7.6.176085	0	0.004725528
207	0	0.7.6.176455	0	0.004725528
207	0	0.7.6.177165	0	0.004725528
207	0	0.7.6.177449	0	0.03979703
207	0	0.7.6.177657	0	0.004725528
207	0	0.7.6.179081	0	0.03979703
207	0	0.7.6.179119	0	0.004725528
207	0	0.7.6.179369	0	0.004725528
207	0	0.7.6.179403	1	0.04019824
207	0	0.7.6.179483	1	0.04019824
207	0	0.7.6.179659	0	0.03979703
207	0	0.7.6.179827	0	0.03896104
207	0	0.7.6.180139	0	0.004725528
207	0	0.7.6.180491	0	0.03979703
207	0	0.7.6.180669	0	0.004725528
207	0	0.7.6.18139	0	0.004725528
207	0	0.7.6.181779	0	0.004725528
207	0	0.7.6.182247	0	0.004725528
207	0	0.7.6.182465	0	0.04019824
207	0	0.7.6.182489	0	0.004725528
207	0	0.7.6.183105	0	0.004725528
207	0	0.7.6.183122	0	0.004725528
207	0	0.7.6.183645	0	0.03979703
207	0	0.7.6.183651	0	0.03979703
207	0	0.7.6.184361	1	0.03947368
207	0	0.7.6.18449	0	0.004725528
207	0	0.7.6.184624	0	0.004725528
207	0	0.7.6.184866	1	0.03947368
207	0	0.7.6.184979	0	0.004725528
207	0	0.7.6.185211	0	0.004725528
207	0	0.7.6.185255	0	0.03719912
207	0	0.7.6.185999	1	0.04083665
207	0	0.7.6.186518	1	0.03904555
207	0	0.7.6.186604	1	0.04132231
207	0	0.7.6.188135	0	0.004725528
207	0	0.7.6.188157	0	0.03979703
207	0	0.7.6.188994	0	0.004725528
207	0	0.7.6.18910	0	0.004725528
207	0	0.7.6.189239	0	0.004725528
207	0	0.7.6.189904	0	0.004725528
207	0	0.7.6.190075	0	0.004725528
207	0	0.7.6.190093	0	0.004725528
207	0	0.7.6.190156	0	0.004725528
207	0	0.7.6.190314	0	0.004725528
207	0	0.7.6.190457	0	0.004725528
207	0	0.7.6.190586	0	0.004725528
207	0	0.7.6.19092	0	0.004725528
207	0	0.7.6.193077	0	0.004725528
207	0	0.7.6.195295	0	0.004725528
207	0	0.7.6.195660	0	0.004725528
207	0	0.7.6.195748	0	0.004725528
207	0	0.7.6.195883	0	0.004725528
207	0	0.7.6.196147	0	0.004725528
207	0	0.7.6.196666	0	0.004725528
207	0	0.7.6.196922	0	0.03979703
207	0	0.7.6.19698	0	0.03875969
207	0	0.7.6.197019	0	0.03979703
207	0	0.7.6.197195	0	0.004725528
207	0	0.7.6.197373	0	0.03979703
207	0	0.7.6.197414	0	0.004725528
207	0	0.7.6.20099	0	0.004725528
207	0	0.7.6.20227	0	0.004725528
207	0	0.7.6.203048	1	0.04019824
207	0	0.7.6.203056	1	0.04019824
207	0	0.7.6.204426	0	0.004725528
207	0	0.7.6.205006	0	0.004725528
207	0	0.7.6.205021	0	0.004725528
207	0	0.7.6.205034	0	0.03979703
207	0	0.7.6.205081	0	0.004725528
207	0	0.7.6.205160	0	0.004725528
207	0	0.7.6.206004	0	0.004725528
207	0	0.7.6.206831	0	0.004725528
207	0	0.7.6.207261	0	0.004725528
207	0	0.7.6.207614	0	0.004725528
207	0	0.7.6.207841	0	0.004725528
207	0	0.7.6.209466	0	0.004725528
207	0	0.7.6.20982	0	0.004725528
207	0	0.7.6.209938	0	0.004725528
207	0	0.7.6.210187	0	0.004725528
207	0	0.7.6.21227	0	0.004725528
207	0	0.7.6.21239	0	0.004725528
207	0	0.7.6.21661	0	0.004725528
207	0	0.7.6.2167	0	0.004725528
207	0	0.7.6.217486	0	0.004725528
207	0	0.7.6.217691	0	0.04019824
207	0	0.7.6.217706	0	0.004725528
207	0	0.7.6.217882	0	0.03979703
207	0	0.7.6.218136	0	0.004725528
207	0	0.7.6.218173	1	0.04019824
207	0	0.7.6.218254	0	0.004725528
207	0	0.7.6.219048	0	0.04019824
207	0	0.7.6.219091	0	0.04019824
207	0	0.7.6.21989	0	0.004725528
207	0	0.7.6.220037	0	0.004725528
207	0	0.7.6.22060	0	0.004725528
207	0	0.7.6.22082	0	0.004725528
207	0	0.7.6.224875	0	0.03979703
207	0	0.7.6.228200	0	0.004725528
207	0	0.7.6.228732	0	0.004725528
207	0	0.7.6.22935	0	0.004725528
207	0	0.7.6.229485	0	0.03979703
207	0	0.7.6.229584	0	0.03979703
207	0	0.7.6.229586	0	0.03979703
207	0	0.7.6.230022	0	0.03979703
207	0	0.7.6.230029	0	0.03979703
207	0	0.7.6.230235	0	0.03979703
207	0	0.7.6.230385	0	0.03979703
207	0	0.7.6.230419	0	0.03979703
207	0	0.7.6.230482	0	0.03979703
207	0	0.7.6.230523	0	0.03979703
207	0	0.7.6.230690	0	0.03979703
207	0	0.7.6.230699	0	0.03979703
207	0	0.7.6.230738	0	0.004725528
207	0	0.7.6.230862	0	0.03979703
207	0	0.7.6.231198	0	0.03979703
207	0	0.7.6.231205	0	0.03979703
207	0	0.7.6.231213	0	0.03979703
207	0	0.7.6.231218	0	0.04083665
207	0	0.7.6.231286	0	0.03979703
207	0	0.7.6.231687	0	0.03979703
207	0	0.7.6.231688	0	0.03979703
207	0	0.7.6.232278	0	0.004725528
207	0	0.7.6.232784	0	0.004725528
207	0	0.7.6.232870	0	0.004725528
207	0	0.7.6.233120	0	0.004725528
207	0	0.7.6.233175	0	0.004725528
207	0	0.7.6.233642	0	0.004725528
207	0	0.7.6.233736	0	0.004725528
207	0	0.7.6.233782	0	0.004725528
207	0	0.7.6.234360	0	0.004725528
207	0	0.7.6.234736	0	0.004725528
207	0	0.7.6.235550	0	0.004725528
207	0	0.7.6.235922	0	0.004725528
207	0	0.7.6.236518	0	0.004725528
207	0	0.7.6.236562	0	0.03979703
207	0	0.7.6.237495	0	0.004725528
207	0	0.7.6.237799	0	0.004725528
207	0	0.7.6.237859	0	0.004725528
207	0	0.7.6.238241	0	0.004725528
207	0	0.7.6.238936	0	0.004725528
207	0	0.7.6.239409	0	0.004725528
207	0	0.7.6.240153	0	0.004725528
207	0	0.7.6.24087	0	0.004725528
207	0	0.7.6.241003	0	0.03979703
207	0	0.7.6.241048	1	0.04083665
207	0	0.7.6.24118	0	0.004725528
207	0	0.7.6.24504	0	0.004725528
207	0	0.7.6.24609	0	0.004725528
207	0	0.7.6.24724	0	0.004725528
207	0	0.7.6.248407	0	0.004725528
207	0	0.7.6.248454	0	0.004725528
207	0	0.7.6.248544	0	0.004725528
207	0	0.7.6.248563	0	0.004725528
207	0	0.7.6.248745	0	0.004725528
207	0	0.7.6.249162	-1	0.004725528
207	0	0.7.6.249167	-1	0.004725528
207	0	0.7.6.250371	0	0.004725528
207	0	0.7.6.250380	0	0.004725528
207	0	0.7.6.250574	0	0.004725528
207	0	0.7.6.250709	0	0.004725528
207	0	0.7.6.251304	0	0.004725528
207	0	0.7.6.252495	0	0.004725528
207	0	0.7.6.252660	0	0.004725528
207	0	0.7.6.252762	0	0.004725528
207	0	0.7.6.252787	0	0.004725528
207	0	0.7.6.253025	0	0.004725528
207	0	0.7.6.253041	0	0.004725528
207	0	0.7.6.253601	0	0.004725528
207	0	0.7.6.253620	0	0.004725528
207	0	0.7.6.254016	0	0.004725528
207	0	0.7.6.254301	0	0.004725528
207	0	0.7.6.254456	0	0.004725528
207	0	0.7.6.254459	0	0.004725528
207	0	0.7.6.254779	0	0.004725528
207	0	0.7.6.254977	0	0.004725528
207	0	0.7.6.255331	0	0.004725528
207	0	0.7.6.255540	0	0.004725528
207	0	0.7.6.255876	0	0.004725528
207	0	0.7.6.256448	0	0.004725528
207	0	0.7.6.256624	0	0.004725528
207	0	0.7.6.257251	0	0.004725528
207	0	0.7.6.257565	0	0.004725528
207	0	0.7.6.257655	0	0.004725528
207	0	0.7.6.259649	0	0.004725528
207	0	0.7.6.260592	0	0.004725528
207	0	0.7.6.260596	0	0.004725528
207	0	0.7.6.260725	0	0.004725528
207	0	0.7.6.261724	0	0.004725528
207	0	0.7.6.262591	0	0.004725528
207	0	0.7.6.262739	0	0.004725528
207	0	0.7.6.262757	0	0.004725528
207	0	0.7.6.263305	0	0.004725528
207	0	0.7.6.266644	0	0.004725528
207	0	0.7.6.266793	0	0.004725528
207	0	0.7.6.267249	0	0.004725528
207	0	0.7.6.268542	0	0.004725528
207	0	0.7.6.269818	0	0.004725528
207	0	0.7.6.270566	0	0.004725528
207	0	0.7.6.270579	0	0.004725528
207	0	0.7.6.270828	0	0.004725528
207	0	0.7.6.27446	0	0.03979703
207	0	0.7.6.275067	0	0.004725528
207	0	0.7.6.275217	0	0.004725528
207	0	0.7.6.27574	0	0.004725528
207	0	0.7.6.27668	0	0.004725528
207	0	0.7.6.276807	0	0.004725528
207	0	0.7.6.27738	-1	0.03899083
207	0	0.7.6.277695	0	0.004725528
207	0	0.7.6.27792	-1	0.004725528
207	0	0.7.6.278031	0	0.004725528
207	0	0.7.6.27845	-1	0.004725528
207	0	0.7.6.27847	-1	0.04019824
207	0	0.7.6.280257	0	0.03896104
207	0	0.7.6.280324	0	0.004725528
207	0	0.7.6.280418	0	0.004725528
207	0	0.7.6.280513	0	0.004725528
207	0	0.7.6.281283	0	0.004725528
207	0	0.7.6.281449	0	0.004725528
207	0	0.7.6.28168	0	0.004725528
207	0	0.7.6.28273	0	0.04181185
207	0	0.7.6.28278	0	0.03979703
207	0	0.7.6.282830	0	0.004725528
207	0	0.7.6.283072	0	0.004725528
207	0	0.7.6.283227	0	0.004725528
207	0	0.7.6.283243	0	0.004725528
207	0	0.7.6.284026	0	0.004725528
207	0	0.7.6.284438	0	0.004725528
207	0	0.7.6.284808	0	0.004725528
207	0	0.7.6.285543	0	0.004725528
207	0	0.7.6.286052	0	0.004725528
207	0	0.7.6.286870	1	0.04083665
207	0	0.7.6.287071	0	0.03896104
207	0	0.7.6.28722	1	0.03899083
207	0	0.7.6.28757	1	0.03904555
207	0	0.7.6.287694	0	0.004725528
207	0	0.7.6.28775	1	0.04181185
207	0	0.7.6.28833	1	0.03904555
207	0	0.7.6.288518	0	0.004725528
207	0	0.7.6.28861	1	0.03904555
207	0	0.7.6.28865	1	0.03899083
207	0	0.7.6.28876	1	0.03904555
207	0	0.7.6.29018	0	0.03899083
207	0	0.7.6.290546	0	0.004725528
207	0	0.7.6.29107	1	0.03977273
207	0	0.7.6.291921	0	0.004725528
207	0	0.7.6.291937	0	0.004725528
207	0	0.7.6.292088	0	0.004725528
207	0	0.7.6.292403	0	0.004725528
207	0	0.7.6.293123	0	0.004725528
207	0	0.7.6.293162	0	0.004725528
207	0	0.7.6.293176	0	0.004725528
207	0	0.7.6.29374	0	0.03979703
207	0	0.7.6.293771	0	0.004725528
207	0	0.7.6.294173	0	0.004725528
207	0	0.7.6.29479	1	0.03947368
207	0	0.7.6.295155	0	0.004725528
207	0	0.7.6.296502	0	0.004725528
207	0	0.7.6.29731	1	0.03947368
207	0	0.7.6.29788	1	0.03904555
207	0	0.7.6.298367	0	0.004725528
207	0	0.7.6.29853	1	0.03904555
207	0	0.7.6.298552	0	0.004725528
207	0	0.7.6.298989	0	0.004725528
207	0	0.7.6.299369	0	0.004725528
207	0	0.7.6.29957	1	0.03977273
207	0	0.7.6.30057	0	0.03979703
207	0	0.7.6.300621	0	0.004725528
207	0	0.7.6.301028	0	0.004725528
207	0	0.7.6.301300	0	0.004725528
207	0	0.7.6.301413	0	0.004725528
207	0	0.7.6.301543	0	0.004725528
207	0	0.7.6.303111	0	0.004725528
207	0	0.7.6.303191	0	0.004725528
207	0	0.7.6.30340	0	0.03896104
207	0	0.7.6.303400	0	0.03979703
207	0	0.7.6.30341	0	0.03979703
207	0	0.7.6.303527	0	0.004725528
207	0	0.7.6.303691	0	0.004725528
207	0	0.7.6.303836	-1	0.03979703
207	0	0.7.6.303849	-1	0.03979703
207	0	0.7.6.303858	-1	0.004725528
207	0	0.7.6.30427	1	0.03977273
207	0	0.7.6.304383	0	0.004725528
207	0	0.7.6.304409	0	0.03979703
207	0	0.7.6.304725	0	0.004725528
207	0	0.7.6.304928	0	0.004725528
207	0	0.7.6.305000	0	0.004725528
207	0	0.7.6.305465	0	0.03979703
207	0	0.7.6.305840	0	0.03979703
207	0	0.7.6.30615	0	0.03979703
207	0	0.7.6.306351	0	0.004725528
207	0	0.7.6.306366	0	0.004725528
207	0	0.7.6.306700	0	0.03979703
207	0	0.7.6.307163	0	0.004725528
207	0	0.7.6.307407	0	0.004725528
207	0	0.7.6.307469	0	0.004725528
207	0	0.7.6.307600	0	0.004725528
207	0	0.7.6.307846	0	0.004725528
207	0	0.7.6.308152	0	0.03979703
207	0	0.7.6.308338	0	0.004725528
207	0	0.7.6.308474	0	0.004725528
207	0	0.7.6.308543	0	0.04019824
207	0	0.7.6.308658	0	0.004725528
207	0	0.7.6.308964	0	0.004725528
207	0	0.7.6.308969	0	0.03979703
207	0	0.7.6.309185	0	0.004725528
207	0	0.7.6.309200	0	0.03979703
207	0	0.7.6.309250	0	0.004725528
207	0	0.7.6.309321	0	0.004725528
207	0	0.7.6.309376	0	0.03979703
207	0	0.7.6.309525	0	0.004725528
207	0	0.7.6.309841	0	0.004725528
207	0	0.7.6.309929	0	0.03979703
207	0	0.7.6.309930	0	0.004725528
207	0	0.7.6.309998	0	0.03979703
207	0	0.7.6.310038	0	0.03979703
207	0	0.7.6.310486	0	0.004725528
207	0	0.7.6.310984	0	0.004725528
207	0	0.7.6.311080	0	0.004725528
207	0	0.7.6.311255	0	0.004725528
207	0	0.7.6.31207	1	0.04181185
207	0	0.7.6.313486	0	0.004725528
207	0	0.7.6.313826	0	0.004725528
207	0	0.7.6.313939	0	0.004725528
207	0	0.7.6.314077	0	0.004725528
207	0	0.7.6.314227	0	0.004725528
207	0	0.7.6.31423	0	0.004725528
207	0	0.7.6.31435	0	0.004725528
207	0	0.7.6.314833	-1	0.004725528
207	0	0.7.6.315059	0	0.004725528
207	0	0.7.6.31549	0	0.03979703
207	0	0.7.6.315502	0	0.004725528
207	0	0.7.6.315649	1	0.04019824
207	0	0.7.6.31569	1	0.03875969
207	0	0.7.6.31576	1	0.04132231
207	0	0.7.6.315896	0	0.004725528
207	0	0.7.6.316331	0	0.004725528
207	0	0.7.6.316465	0	0.004725528
207	0	0.7.6.316884	0	0.03979703
207	0	0.7.6.317070	0	0.004725528
207	0	0.7.6.317451	0	0.004725528
207	0	0.7.6.317468	0	0.004725528
207	0	0.7.6.317777	0	0.004725528
207	0	0.7.6.317783	1	0.03947368
207	0	0.7.6.318049	0	0.03979703
207	0	0.7.6.319043	0	0.004725528
207	0	0.7.6.319403	0	0.004725528
207	0	0.7.6.319436	0	0.004725528
207	0	0.7.6.319477	0	0.004725528
207	0	0.7.6.319524	0	0.004725528
207	0	0.7.6.319612	0	0.004725528
207	0	0.7.6.319617	0	0.004725528
207	0	0.7.6.319651	0	0.004725528
207	0	0.7.6.320939	0	0.004725528
207	0	0.7.6.321345	0	0.004725528
207	0	0.7.6.321351	0	0.004725528
207	0	0.7.6.321360	0	0.004725528
207	0	0.7.6.321475	0	0.004725528
207	0	0.7.6.322407	0	0.004725528
207	0	0.7.6.32337	1	0.03904555
207	0	0.7.6.32353	1	0.03904555
207	0	0.7.6.32378	1	0.03947368
207	0	0.7.6.32441	1	0.03947368
207	0	0.7.6.3245	0	0.004725528
207	0	0.7.6.32459	0	0.03979703
207	0	0.7.6.32461	1	0.03947368
207	0	0.7.6.324990	0	0.004725528
207	0	0.7.6.32503	1	0.03225806
207	0	0.7.6.325054	0	0.004725528
207	0	0.7.6.325548	0	0.004725528
207	0	0.7.6.325612	0	0.004725528
207	0	0.7.6.325730	0	0.004725528
207	0	0.7.6.325806	0	0.004725528
207	0	0.7.6.326254	0	0.004725528
207	0	0.7.6.326398	0	0.004725528
207	0	0.7.6.326862	0	0.004725528
207	0	0.7.6.326889	0	0.004725528
207	0	0.7.6.327054	0	0.004725528
207	0	0.7.6.327101	0	0.004725528
207	0	0.7.6.327279	0	0.004725528
207	0	0.7.6.327415	0	0.004725528
207	0	0.7.6.327827	0	0.03979703
207	0	0.7.6.327880	0	0.03979703
207	0	0.7.6.327895	0	0.03979703
207	0	0.7.6.328425	0	0.004725528
207	0	0.7.6.328436	0	0.004725528
207	0	0.7.6.328552	0	0.03979703
207	0	0.7.6.328607	0	0.03979703
207	0	0.7.6.328647	0	0.03979703
207	0	0.7.6.328942	1	0.03947368
207	0	0.7.6.328946	0	0.03979703
207	0	0.7.6.328951	0	0.03979703
207	0	0.7.6.32915	0	0.03896104
207	0	0.7.6.32924	0	0.03979703
207	0	0.7.6.32927	0	0.03896104
207	0	0.7.6.3293	0	0.004725528
207	0	0.7.6.33042	1	0.04083665
207	0	0.7.6.330825	0	0.03979703
207	0	0.7.6.331427	0	0.03979703
207	0	0.7.6.332476	0	0.004725528
207	0	0.7.6.333361	0	0.004725528
207	0	0.7.6.333461	0	0.004725528
207	0	0.7.6.333686	0	0.03896104
207	0	0.7.6.333960	0	0.004725528
207	0	0.7.6.334298	0	0.004725528
207	0	0.7.6.334710	0	0.004725528
207	0	0.7.6.335117	0	0.004725528
207	0	0.7.6.335222	0	0.004725528
207	0	0.7.6.335241	0	0.004725528
207	0	0.7.6.335455	0	0.004725528
207	0	0.7.6.335586	0	0.004725528
207	0	0.7.6.335592	0	0.004725528
207	0	0.7.6.335962	0	0.004725528
207	0	0.7.6.336151	0	0.004725528
207	0	0.7.6.336337	0	0.03979703
207	0	0.7.6.336435	0	0.03979703
207	0	0.7.6.33656	0	0.004725528
207	0	0.7.6.336671	0	0.03979703
207	0	0.7.6.336750	0	0.004725528
207	0	0.7.6.337133	0	0.004725528
207	0	0.7.6.337715	0	0.004725528
207	0	0.7.6.337734	0	0.004725528
207	0	0.7.6.338352	0	0.004725528
207	0	0.7.6.339654	0	0.004725528
207	0	0.7.6.339727	0	0.004725528
207	0	0.7.6.339830	0	0.004725528
207	0	0.7.6.340749	0	0.004725528
207	0	0.7.6.34098	0	0.004725528
207	0	0.7.6.341057	0	0.004725528
207	0	0.7.6.34188	0	0.004725528
207	0	0.7.6.342071	0	0.004725528
207	0	0.7.6.342359	0	0.004725528
207	0	0.7.6.342485	0	0.03979703
207	0	0.7.6.342784	0	0.004725528
207	0	0.7.6.343020	0	0.004725528
207	0	0.7.6.343309	0	0.004725528
207	0	0.7.6.343707	0	0.004725528
207	0	0.7.6.344449	0	0.004725528
207	0	0.7.6.344634	0	0.004725528
207	0	0.7.6.345001	0	0.004725528
207	0	0.7.6.345007	0	0.004725528
207	0	0.7.6.345080	0	0.004725528
207	0	0.7.6.345213	0	0.004725528
207	0	0.7.6.345968	0	0.004725528
207	0	0.7.6.346623	0	0.004725528
207	0	0.7.6.346637	0	0.03719912
207	0	0.7.6.346761	0	0.004725528
207	0	0.7.6.347734	0	0.004725528
207	0	0.7.6.347934	0	0.004725528
207	0	0.7.6.348095	0	0.004725528
207	0	0.7.6.348101	0	0.004725528
207	0	0.7.6.348578	0	0.004725528
207	0	0.7.6.349083	0	0.004725528
207	0	0.7.6.349404	0	0.004725528
207	0	0.7.6.349931	0	0.004725528
207	0	0.7.6.350178	0	0.004725528
207	0	0.7.6.350676	0	0.004725528
207	0	0.7.6.350840	0	0.004725528
207	0	0.7.6.350951	0	0.004725528
207	0	0.7.6.351100	0	0.004725528
207	0	0.7.6.351330	0	0.004725528
207	0	0.7.6.351577	0	0.004725528
207	0	0.7.6.351579	0	0.004725528
207	0	0.7.6.351751	0	0.004725528
207	0	0.7.6.351760	0	0.004725528
207	0	0.7.6.352500	0	0.004725528
207	0	0.7.6.35302	0	0.004725528
207	0	0.7.6.353554	0	0.004725528
207	0	0.7.6.353857	0	0.004725528
207	0	0.7.6.354038	0	0.004725528
207	0	0.7.6.354721	0	0.004725528
207	0	0.7.6.355109	0	0.004725528
207	0	0.7.6.355601	0	0.004725528
207	0	0.7.6.356141	0	0.004725528
207	0	0.7.6.356748	0	0.004725528
207	0	0.7.6.356940	0	0.004725528
207	0	0.7.6.357053	0	0.004725528
207	0	0.7.6.357818	0	0.004725528
207	0	0.7.6.357932	0	0.004725528
207	0	0.7.6.359533	0	0.004725528
207	0	0.7.6.360343	0	0.004725528
207	0	0.7.6.360901	0	0.004725528
207	0	0.7.6.361557	0	0.004725528
207	0	0.7.6.361902	0	0.004725528
207	0	0.7.6.362360	0	0.03979703
207	0	0.7.6.362580	0	0.004725528
207	0	0.7.6.363252	0	0.004725528
207	0	0.7.6.363258	0	0.004725528
207	0	0.7.6.3633	0	0.004725528
207	0	0.7.6.363481	0	0.03979703
207	0	0.7.6.363482	0	0.004725528
207	0	0.7.6.363826	0	0.03979703
207	0	0.7.6.364187	0	0.03979703
207	0	0.7.6.364193	0	0.004725528
207	0	0.7.6.364540	0	0.03979703
207	0	0.7.6.365302	-1	0.004725528
207	0	0.7.6.365335	-1	0.004725528
207	0	0.7.6.365421	-1	0.03979703
207	0	0.7.6.365552	0	0.004725528
207	0	0.7.6.365665	0	0.004725528
207	0	0.7.6.366320	0	0.004725528
207	0	0.7.6.366607	0	0.004725528
207	0	0.7.6.367089	0	0.004725528
207	0	0.7.6.36710	0	0.004725528
207	0	0.7.6.368269	0	0.004725528
207	0	0.7.6.368441	0	0.004725528
207	0	0.7.6.369827	0	0.004725528
207	0	0.7.6.369898	0	0.004725528
207	0	0.7.6.370052	0	0.004725528
207	0	0.7.6.370432	0	0.004725528
207	0	0.7.6.370850	0	0.004725528
207	0	0.7.6.371842	0	0.03979703
207	0	0.7.6.372857	-1	0.004725528
207	0	0.7.6.373332	0	0.004725528
207	0	0.7.6.373717	0	0.004725528
207	0	0.7.6.373766	0	0.004725528
207	0	0.7.6.373852	0	0.004725528
207	0	0.7.6.374139	0	0.004725528
207	0	0.7.6.374228	0	0.004725528
207	0	0.7.6.374455	0	0.004725528
207	0	0.7.6.374549	0	0.004725528
207	0	0.7.6.374610	0	0.004725528
207	0	0.7.6.374699	0	0.004725528
207	0	0.7.6.375097	0	0.004725528
207	0	0.7.6.376037	0	0.004725528
207	0	0.7.6.376620	0	0.004725528
207	0	0.7.6.376660	0	0.004725528
207	0	0.7.6.37788	0	0.004725528
207	0	0.7.6.37831	0	0.004725528
207	0	0.7.6.3826	0	0.004725528
207	0	0.7.6.38539	0	0.03896104
207	0	0.7.6.38750	0	0.03979703
207	0	0.7.6.387619	0	0.004725528
207	0	0.7.6.387900	0	0.004725528
207	0	0.7.6.387927	0	0.03979703
207	0	0.7.6.388177	0	0.004725528
207	0	0.7.6.388188	0	0.004725528
207	0	0.7.6.388579	0	0.004725528
207	0	0.7.6.388795	0	0.004725528
207	0	0.7.6.389522	0	0.004725528
207	0	0.7.6.391019	0	0.004725528
207	0	0.7.6.391332	0	0.004725528
207	0	0.7.6.391355	0	0.004725528
207	0	0.7.6.391475	0	0.004725528
207	0	0.7.6.391676	0	0.04132231
207	0	0.7.6.391971	0	0.004725528
207	0	0.7.6.392295	0	0.004725528
207	0	0.7.6.392882	0	0.004725528
207	0	0.7.6.393064	0	0.004725528
207	0	0.7.6.393200	0	0.004725528
207	0	0.7.6.393697	0	0.03979703
207	0	0.7.6.393816	0	0.03979703
207	0	0.7.6.394461	1	0.03977273
207	0	0.7.6.394823	0	0.03979703
207	0	0.7.6.394824	1	0.04132231
207	0	0.7.6.394855	0	0.004725528
207	0	0.7.6.397956	0	0.004725528
207	0	0.7.6.398592	0	0.03979703
207	0	0.7.6.399553	0	0.03979703
207	0	0.7.6.399840	0	0.03979703
207	0	0.7.6.400379	0	0.03979703
207	0	0.7.6.400459	0	0.03979703
207	0	0.7.6.400894	0	0.004725528
207	0	0.7.6.401153	0	0.004725528
207	0	0.7.6.401782	0	0.03979703
207	0	0.7.6.402289	0	0.004725528
207	0	0.7.6.402573	0	0.004725528
207	0	0.7.6.402719	0	0.03979703
207	0	0.7.6.402797	0	0.004725528
207	0	0.7.6.404095	-1	0.004725528
207	0	0.7.6.405777	0	0.004725528
207	0	0.7.6.407584	0	0.004725528
207	0	0.7.6.407670	0	0.004725528
207	0	0.7.6.408082	0	0.004725528
207	0	0.7.6.408136	0	0.004725528
207	0	0.7.6.408620	0	0.004725528
207	0	0.7.6.409024	0	0.004725528
207	0	0.7.6.409193	0	0.004725528
207	0	0.7.6.409415	0	0.004725528
207	0	0.7.6.409562	0	0.004725528
207	0	0.7.6.410181	0	0.004725528
207	0	0.7.6.410417	0	0.004725528
207	0	0.7.6.410543	1	0.03977273
207	0	0.7.6.411673	0	0.03979703
207	0	0.7.6.411760	0	0.004725528
207	0	0.7.6.412422	0	0.004725528
207	0	0.7.6.414513	0	0.004725528
207	0	0.7.6.415095	0	0.04083665
207	0	0.7.6.415576	0	0.004725528
207	0	0.7.6.415972	0	0.004725528
207	0	0.7.6.416224	0	0.004725528
207	0	0.7.6.416435	0	0.004725528
207	0	0.7.6.416477	0	0.004725528
207	0	0.7.6.416486	0	0.004725528
207	0	0.7.6.417153	0	0.004725528
207	0	0.7.6.417626	0	0.004725528
207	0	0.7.6.417815	0	0.004725528
207	0	0.7.6.417865	0	0.004725528
207	0	0.7.6.417948	0	0.004725528
207	0	0.7.6.418069	0	0.004725528
207	0	0.7.6.418141	1	0.03947368
207	0	0.7.6.418216	1	0.03947368
207	0	0.7.6.418490	0	0.004725528
207	0	0.7.6.418597	0	0.03979703
207	0	0.7.6.418625	0	0.004725528
207	0	0.7.6.418816	0	0.004725528
207	0	0.7.6.419225	1	0.04083665
207	0	0.7.6.419459	0	0.004725528
207	0	0.7.6.419650	0	0.004725528
207	0	0.7.6.419955	0	0.004725528
207	0	0.7.6.420153	0	0.004725528
207	0	0.7.6.420167	0	0.004725528
207	0	0.7.6.420271	0	0.004725528
207	0	0.7.6.420273	-1	0.04132231
207	0	0.7.6.420480	0	0.004725528
207	0	0.7.6.420830	0	0.004725528
207	0	0.7.6.421021	0	0.004725528
207	0	0.7.6.421052	0	0.004725528
207	0	0.7.6.429969	0	0.004725528
207	0	0.7.6.430692	0	0.004725528
207	0	0.7.6.430775	0	0.004725528
207	0	0.7.6.431090	0	0.004725528
207	0	0.7.6.431879	0	0.004725528
207	0	0.7.6.431892	0	0.004725528
207	0	0.7.6.432320	0	0.004725528
207	0	0.7.6.432532	0	0.004725528
207	0	0.7.6.433220	0	0.004725528
207	0	0.7.6.433274	0	0.03979703
207	0	0.7.6.433347	0	0.004725528
207	0	0.7.6.433543	0	0.004725528
207	0	0.7.6.433820	0	0.004725528
207	0	0.7.6.433920	0	0.004725528
207	0	0.7.6.434140	0	0.004725528
207	0	0.7.6.434715	0	0.004725528
207	0	0.7.6.434748	0	0.004725528
207	0	0.7.6.434956	0	0.03979703
207	0	0.7.6.435131	0	0.004725528
207	0	0.7.6.437946	0	0.004725528
207	0	0.7.6.437958	0	0.004725528
207	0	0.7.6.438243	0	0.004725528
207	0	0.7.6.438432	0	0.03979703
207	0	0.7.6.438466	0	0.03979703
207	0	0.7.6.438487	0	0.03979703
207	0	0.7.6.438490	0	0.03979703
207	0	0.7.6.438744	0	0.004725528
207	0	0.7.6.438796	0	0.004725528
207	0	0.7.6.439095	0	0.03979703
207	0	0.7.6.439098	0	0.004725528
207	0	0.7.6.439104	0	0.03979703
207	0	0.7.6.439713	0	0.004725528
207	0	0.7.6.439760	1	0.03977273
207	0	0.7.6.439772	1	0.03977273
207	0	0.7.6.439863	1	0.04083665
207	0	0.7.6.439880	0	0.004725528
207	0	0.7.6.439969	1	0.04489796
207	0	0.7.6.440235	1	0.04083665
207	0	0.7.6.440710	0	0.004725528
207	0	0.7.6.440712	0	0.004725528
207	0	0.7.6.440789	0	0.04132231
207	0	0.7.6.440805	0	0.004725528
207	0	0.7.6.442687	0	0.04181185
207	0	0.7.6.4433	0	0.004725528
207	0	0.7.6.444192	0	0.004725528
207	0	0.7.6.444362	0	0.004725528
207	0	0.7.6.444457	0	0.004725528
207	0	0.7.6.444734	0	0.03979703
207	0	0.7.6.444792	-1	0.004725528
207	0	0.7.6.444829	-1	0.03979703
207	0	0.7.6.445352	0	0.004725528
207	0	0.7.6.445658	0	0.004725528
207	0	0.7.6.445661	0	0.03979703
207	0	0.7.6.445684	0	0.004725528
207	0	0.7.6.446112	0	0.03979703
207	0	0.7.6.446263	0	0.03979703
207	0	0.7.6.446280	0	0.004725528
207	0	0.7.6.446322	0	0.004725528
207	0	0.7.6.446814	0	0.004725528
207	0	0.7.6.446866	0	0.03979703
207	0	0.7.6.446886	0	0.004725528
207	0	0.7.6.447085	0	0.03979703
207	0	0.7.6.447258	0	0.03979703
207	0	0.7.6.447278	0	0.03979703
207	0	0.7.6.447342	0	0.03979703
207	0	0.7.6.447673	0	0.03979703
207	0	0.7.6.447708	0	0.03979703
207	0	0.7.6.447719	0	0.004725528
207	0	0.7.6.449506	0	0.03979703
207	0	0.7.6.449746	0	0.004725528
207	0	0.7.6.449823	-1	0.03979703
207	0	0.7.6.450236	0	0.004725528
207	0	0.7.6.451028	0	0.03979703
207	0	0.7.6.451032	0	0.03979703
207	0	0.7.6.453071	0	0.004725528
207	0	0.7.6.453265	0	0.004725528
207	0	0.7.6.454794	0	0.004725528
207	0	0.7.6.455214	0	0.004725528
207	0	0.7.6.456771	0	0.004725528
207	0	0.7.6.457771	0	0.004725528
207	0	0.7.6.458804	0	0.004725528
207	0	0.7.6.460071	0	0.004725528
207	0	0.7.6.460621	0	0.004725528
207	0	0.7.6.460929	1	0.04132231
207	0	0.7.6.465025	0	0.004725528
207	0	0.7.6.465299	0	0.004725528
207	0	0.7.6.466537	0	0.03979703
207	0	0.7.6.466725	0	0.004725528
207	0	0.7.6.467151	0	0.004725528
207	0	0.7.6.467209	0	0.004725528
207	0	0.7.6.467363	0	0.004725528
207	0	0.7.6.467384	0	0.004725528
207	0	0.7.6.467724	0	0.004725528
207	0	0.7.6.467737	0	0.004725528
207	0	0.7.6.467776	0	0.004725528
207	0	0.7.6.467973	0	0.004725528
207	0	0.7.6.468130	0	0.004725528
207	0	0.7.6.468279	0	0.004725528
207	0	0.7.6.468462	0	0.03979703
207	0	0.7.6.468646	0	0.03979703
207	0	0.7.6.469065	0	0.004725528
207	0	0.7.6.469221	0	0.004725528
207	0	0.7.6.469252	0	0.03979703
207	0	0.7.6.469358	0	0.03979703
207	0	0.7.6.469642	0	0.004725528
207	0	0.7.6.481555	0	0.004725528
207	0	0.7.6.481996	0	0.004725528
207	0	0.7.6.482698	1	0.03896104
207	0	0.7.6.4828	0	0.004725528
207	0	0.7.6.483072	0	0.004725528
207	0	0.7.6.483115	0	0.004725528
207	0	0.7.6.483226	0	0.004725528
207	0	0.7.6.483483	-1	0.004725528
207	0	0.7.6.483590	0	0.004725528
207	0	0.7.6.484879	0	0.004725528
207	0	0.7.6.485410	0	0.004725528
207	0	0.7.6.485574	0	0.004725528
207	0	0.7.6.485642	0	0.004725528
207	0	0.7.6.485821	0	0.004725528
207	0	0.7.6.486161	0	0.004725528
207	0	0.7.6.486536	0	0.04019824
207	0	0.7.6.486796	0	0.04019824
207	0	0.7.6.486859	0	0.004725528
207	0	0.7.6.487026	0	0.004725528
207	0	0.7.6.487226	0	0.004725528
207	0	0.7.6.487444	0	0.03979703
207	0	0.7.6.487474	0	0.004725528
207	0	0.7.6.490498	0	0.004725528
207	0	0.7.6.490944	-1	0.004725528
207	0	0.7.6.491960	0	0.004725528
207	0	0.7.6.492094	0	0.004725528
207	0	0.7.6.492588	0	0.004725528
207	0	0.7.6.493832	0	0.004725528
207	0	0.7.6.494937	0	0.004725528
207	0	0.7.6.494986	0	0.004725528
207	0	0.7.6.495224	0	0.004725528
207	0	0.7.6.495340	0	0.004725528
207	0	0.7.6.495405	1	0.04083665
207	0	0.7.6.496085	0	0.03979703
207	0	0.7.6.496950	0	0.004725528
207	0	0.7.6.497211	0	0.03979703
207	0	0.7.6.497228	1	0.03904555
207	0	0.7.6.498573	0	0.004725528
207	0	0.7.6.498817	0	0.004725528
207	0	0.7.6.498853	0	0.004725528
207	0	0.7.6.499285	0	0.004725528
207	0	0.7.6.499416	0	0.004725528
207	0	0.7.6.499471	1	0.04083665
207	0	0.7.6.499526	1	0.04083665
207	0	0.7.6.499869	0	0.004725528
207	0	0.7.6.500122	0	0.004725528
207	0	0.7.6.501059	0	0.004725528
207	0	0.7.6.501231	0	0.004725528
207	0	0.7.6.501803	0	0.03979703
207	0	0.7.6.501899	0	0.004725528
207	0	0.7.6.502096	0	0.004725528
207	0	0.7.6.503108	0	0.004725528
207	0	0.7.6.503113	0	0.004725528
207	0	0.7.6.503232	0	0.004725528
207	0	0.7.6.504096	0	0.004725528
207	0	0.7.6.504150	0	0.004725528
207	0	0.7.6.504458	0	0.004725528
207	0	0.7.6.504737	0	0.004725528
207	0	0.7.6.505042	0	0.004725528
207	0	0.7.6.505140	0	0.004725528
207	0	0.7.6.505678	0	0.004725528
207	0	0.7.6.505987	0	0.004725528
207	0	0.7.6.506144	0	0.004725528
207	0	0.7.6.506149	0	0.004725528
207	0	0.7.6.507110	0	0.004725528
207	0	0.7.6.507245	0	0.004725528
207	0	0.7.6.507358	0	0.004725528
207	0	0.7.6.507448	0	0.004725528
207	0	0.7.6.507602	1	0.004725528
207	0	0.7.6.507718	0	0.004725528
207	0	0.7.6.508453	0	0.03896104
207	0	0.7.6.508983	0	0.004725528
207	0	0.7.6.514425	0	0.004725528
207	0	0.7.6.514754	0	0.004725528
207	0	0.7.6.514831	0	0.004725528
207	0	0.7.6.515352	0	0.004725528
207	0	0.7.6.516593	0	0.004725528
207	0	0.7.6.516606	0	0.004725528
207	0	0.7.6.516682	0	0.004725528
207	0	0.7.6.517364	0	0.004725528
207	0	0.7.6.517865	0	0.004725528
207	0	0.7.6.518125	0	0.004725528
207	0	0.7.6.518516	-1	0.004725528
207	0	0.7.6.518580	-1	0.004725528
207	0	0.7.6.518897	-1	0.004725528
207	0	0.7.6.519574	-1	0.004725528
207	0	0.7.6.520357	0	0.004725528
207	0	0.7.6.520883	0	0.004725528
207	0	0.7.6.523064	0	0.004725528
207	0	0.7.6.524522	0	0.004725528
207	0	0.7.6.524625	0	0.004725528
207	0	0.7.6.524789	0	0.004725528
207	0	0.7.6.525211	0	0.004725528
207	0	0.7.6.525231	0	0.004725528
207	0	0.7.6.526887	0	0.004725528
207	0	0.7.6.527153	0	0.004725528
207	0	0.7.6.527294	0	0.004725528
207	0	0.7.6.528020	0	0.004725528
207	0	0.7.6.528451	0	0.004725528
207	0	0.7.6.529513	0	0.004725528
207	0	0.7.6.529613	0	0.004725528
207	0	0.7.6.530318	0	0.004725528
207	0	0.7.6.530369	0	0.004725528
207	0	0.7.6.530526	0	0.004725528
207	0	0.7.6.531583	0	0.004725528
207	0	0.7.6.531656	0	0.004725528
207	0	0.7.6.531774	0	0.004725528
207	0	0.7.6.531880	0	0.004725528
207	0	0.7.6.532587	0	0.004725528
207	0	0.7.6.532594	0	0.004725528
207	0	0.7.6.532861	0	0.004725528
207	0	0.7.6.532901	0	0.004725528
207	0	0.7.6.533995	0	0.004725528
207	0	0.7.6.535128	0	0.03979703
207	0	0.7.6.535278	0	0.004725528
207	0	0.7.6.535305	0	0.03979703
207	0	0.7.6.536350	0	0.004725528
207	0	0.7.6.536712	0	0.004725528
207	0	0.7.6.538951	0	0.03979703
207	0	0.7.6.538983	0	0.03979703
207	0	0.7.6.539107	0	0.004725528
207	0	0.7.6.539572	0	0.004725528
207	0	0.7.6.539742	0	0.004725528
207	0	0.7.6.539952	0	0.004725528
207	0	0.7.6.539960	0	0.03979703
207	0	0.7.6.540700	0	0.03979703
207	0	0.7.6.540782	0	0.004725528
207	0	0.7.6.540833	0	0.03979703
207	0	0.7.6.541086	0	0.03979703
207	0	0.7.6.541156	0	0.004725528
207	0	0.7.6.541310	0	0.03719912
207	0	0.7.6.541541	0	0.03979703
207	0	0.7.6.541693	0	0.03979703
207	0	0.7.6.542288	0	0.004725528
207	0	0.7.6.545127	0	0.004725528
207	0	0.7.6.545237	0	0.004725528
207	0	0.7.6.545247	0	0.004725528
207	0	0.7.6.545347	0	0.004725528
207	0	0.7.6.546067	0	0.004725528
207	0	0.7.6.547284	0	0.004725528
207	0	0.7.6.547567	0	0.004725528
207	0	0.7.6.550309	0	0.004725528
207	0	0.7.6.550583	0	0.004725528
207	0	0.7.6.550704	0	0.004725528
207	0	0.7.6.550737	0	0.004725528
207	0	0.7.6.550805	0	0.004725528
207	0	0.7.6.550936	0	0.004725528
207	0	0.7.6.551025	0	0.004725528
207	0	0.7.6.551086	0	0.03979703
207	0	0.7.6.551585	0	0.004725528
207	0	0.7.6.551979	0	0.03979703
207	0	0.7.6.552321	0	0.004725528
207	0	0.7.6.552434	0	0.004725528
207	0	0.7.6.552481	0	0.004725528
207	0	0.7.6.554086	0	0.004725528
207	0	0.7.6.554313	0	0.004725528
207	0	0.7.6.554788	0	0.004725528
207	0	0.7.6.555399	0	0.03979703
207	0	0.7.6.555621	0	0.004725528
207	0	0.7.6.556164	0	0.004725528
207	0	0.7.6.556453	0	0.004725528
207	0	0.7.6.556982	0	0.004725528
207	0	0.7.6.557313	0	0.004725528
207	0	0.7.6.558081	0	0.004725528
207	0	0.7.6.558389	0	0.004725528
207	0	0.7.6.558412	0	0.004725528
207	0	0.7.6.561390	-1	0.04019824
207	0	0.7.6.561630	-1	0.004725528
207	0	0.7.6.566275	0	0.004725528
207	0	0.7.6.570410	0	0.004725528
207	0	0.7.6.572960	0	0.03979703
207	0	0.7.6.574590	0	0.004725528
207	0	0.7.6.576229	0	0.004725528
207	0	0.7.6.577889	0	0.004725528
207	0	0.7.6.582904	0	0.004725528
207	0	0.7.6.584199	0	0.03979703
207	0	0.7.6.586176	0	0.004725528
207	0	0.7.6.586501	0	0.004725528
207	0	0.7.6.591554	0	0.004725528
207	0	0.7.6.595753	0	0.03979703
207	0	0.7.6.601944	0	0.004725528
207	0	0.7.6.60202	0	0.004725528
207	0	0.7.6.603802	0	0.03979703
207	0	0.7.6.603979	0	0.03979703
207	0	0.7.6.605939	0	0.004725528
207	0	0.7.6.608575	0	0.004725528
207	0	0.7.6.609690	0	0.004725528
207	0	0.7.6.61030	0	0.004725528
207	0	0.7.6.610775	0	0.004725528
207	0	0.7.6.611153	0	0.004725528
207	0	0.7.6.611377	0	0.004725528
207	0	0.7.6.612175	0	0.004725528
207	0	0.7.6.613006	0	0.04019824
207	0	0.7.6.61342	0	0.004725528
207	0	0.7.6.61365	0	0.004725528
207	0	0.7.6.61479	0	0.03979703
207	0	0.7.6.61631	0	0.004725528
207	0	0.7.6.61641	0	0.03719912
207	0	0.7.6.61656	0	0.03979703
207	0	0.7.6.616788	0	0.004725528
207	0	0.7.6.61756	0	0.004725528
207	0	0.7.6.618011	0	0.004725528
207	0	0.7.6.61810	0	0.04019824
207	0	0.7.6.61813	0	0.03979703
207	0	0.7.6.619047	0	0.004725528
207	0	0.7.6.61952	0	0.03979703
207	0	0.7.6.61964	0	0.04019824
207	0	0.7.6.620030	0	0.03979703
207	0	0.7.6.62032	0	0.03979703
207	0	0.7.6.62070	0	0.004725528
207	0	0.7.6.621061	0	0.03979703
207	0	0.7.6.6227	0	0.004725528
207	0	0.7.6.622957	0	0.004725528
207	0	0.7.6.62313	-1	0.004725528
207	0	0.7.6.623846	0	0.004725528
207	0	0.7.6.62385	0	0.004725528
207	0	0.7.6.6245	0	0.03979703
207	0	0.7.6.625243	0	0.004725528
207	0	0.7.6.625361	0	0.004725528
207	0	0.7.6.625378	0	0.004725528
207	0	0.7.6.626028	0	0.004725528
207	0	0.7.6.626453	0	0.004725528
207	0	0.7.6.62661	0	0.004725528
207	0	0.7.6.62689	0	0.004725528
207	0	0.7.6.628294	0	0.004725528
207	0	0.7.6.629007	0	0.03979703
207	0	0.7.6.629123	0	0.004725528
207	0	0.7.6.629408	0	0.004725528
207	0	0.7.6.629431	0	0.004725528
207	0	0.7.6.629485	0	0.004725528
207	0	0.7.6.629791	0	0.004725528
207	0	0.7.6.630008	0	0.004725528
207	0	0.7.6.630355	0	0.004725528
207	0	0.7.6.630371	0	0.004725528
207	0	0.7.6.630381	1	0.03977273
207	0	0.7.6.63050	0	0.004725528
207	0	0.7.6.63056	0	0.004725528
207	0	0.7.6.63073	0	0.004725528
207	0	0.7.6.630859	0	0.004725528
207	0	0.7.6.631181	0	0.004725528
207	0	0.7.6.631187	1	0.03977273
207	0	0.7.6.631192	0	0.03979703
207	0	0.7.6.631198	0	0.03979703
207	0	0.7.6.631209	0	0.04489796
207	0	0.7.6.63135	0	0.004725528
207	0	0.7.6.63763	0	0.004725528
207	0	0.7.6.64147	0	0.004725528
207	0	0.7.6.64196	0	0.03979703
207	0	0.7.6.64316	0	0.004725528
207	0	0.7.6.64428	0	0.004725528
207	0	0.7.6.64606	0	0.004725528
207	0	0.7.6.64665	0	0.004725528
207	0	0.7.6.64688	0	0.03979703
207	0	0.7.6.65340	0	0.004725528
207	0	0.7.6.65372	0	0.03896104
207	0	0.7.6.65511	0	0.004725528
207	0	0.7.6.65530	0	0.004725528
207	0	0.7.6.65580	0	0.03979703
207	0	0.7.6.66360	0	0.03979703
207	0	0.7.6.663743	0	0.004725528
207	0	0.7.6.663828	0	0.004725528
207	0	0.7.6.663902	0	0.004725528
207	0	0.7.6.664028	0	0.004725528
207	0	0.7.6.664284	0	0.004725528
207	0	0.7.6.664746	0	0.004725528
207	0	0.7.6.664816	0	0.004725528
207	0	0.7.6.665488	0	0.004725528
207	0	0.7.6.665664	0	0.004725528
207	0	0.7.6.665806	0	0.004725528
207	0	0.7.6.666002	0	0.03979703
207	0	0.7.6.666272	0	0.004725528
207	0	0.7.6.666358	0	0.004725528
207	0	0.7.6.666745	0	0.004725528
207	0	0.7.6.666754	0	0.004725528
207	0	0.7.6.66711	0	0.004725528
207	0	0.7.6.667168	0	0.004725528
207	0	0.7.6.667192	0	0.004725528
207	0	0.7.6.668912	0	0.004725528
207	0	0.7.6.669275	0	0.004725528
207	0	0.7.6.669291	0	0.004725528
207	0	0.7.6.669531	0	0.004725528
207	0	0.7.6.669637	0	0.004725528
207	0	0.7.6.669987	0	0.03979703
207	0	0.7.6.670006	0	0.004725528
207	0	0.7.6.670097	0	0.004725528
207	0	0.7.6.670281	0	0.03979703
207	0	0.7.6.670489	0	0.04019824
207	0	0.7.6.670578	1	0.04019824
207	0	0.7.6.670664	0	0.03979703
207	0	0.7.6.671097	0	0.004725528
207	0	0.7.6.672323	0	0.004725528
207	0	0.7.6.673415	-1	0.004725528
207	0	0.7.6.674059	-1	0.03979703
207	0	0.7.6.674182	-1	0.004725528
207	0	0.7.6.674196	-1	0.004725528
207	0	0.7.6.67450	0	0.004725528
207	0	0.7.6.674803	-1	0.004725528
207	0	0.7.6.674838	-1	0.004725528
207	0	0.7.6.675156	-1	0.03979703
207	0	0.7.6.675214	-1	0.004725528
207	0	0.7.6.676221	0	0.004725528
207	0	0.7.6.676287	0	0.03979703
207	0	0.7.6.676302	0	0.004725528
207	0	0.7.6.676781	0	0.004725528
207	0	0.7.6.676871	0	0.03979703
207	0	0.7.6.677056	0	0.004725528
207	0	0.7.6.678075	0	0.004725528
207	0	0.7.6.678093	0	0.03979703
207	0	0.7.6.678522	0	0.03979703
207	0	0.7.6.678719	0	0.004725528
207	0	0.7.6.679124	0	0.03979703
207	0	0.7.6.67980	0	0.004725528
207	0	0.7.6.680238	0	0.004725528
207	0	0.7.6.681178	0	0.004725528
207	0	0.7.6.681267	0	0.004725528
207	0	0.7.6.68128	0	0.004725528
207	0	0.7.6.68145	0	0.03979703
207	0	0.7.6.683199	0	0.03979703
207	0	0.7.6.684938	0	0.004725528
207	0	0.7.6.685661	0	0.004725528
207	0	0.7.6.68578	0	0.03979703
207	0	0.7.6.68766	0	0.004725528
207	0	0.7.6.68881	0	0.03979703
207	0	0.7.6.689582	0	0.004725528
207	0	0.7.6.689869	0	0.004725528
207	0	0.7.6.690110	0	0.03979703
207	0	0.7.6.691227	0	0.004725528
207	0	0.7.6.691451	0	0.004725528
207	0	0.7.6.69220	0	0.004725528
207	0	0.7.6.69227	0	0.004725528
207	0	0.7.6.692486	0	0.004725528
207	0	0.7.6.693709	0	0.004725528
207	0	0.7.6.694232	0	0.004725528
207	0	0.7.6.694640	0	0.03979703
207	0	0.7.6.694881	0	0.004725528
207	0	0.7.6.695430	0	0.03979703
207	0	0.7.6.69558	0	0.004725528
207	0	0.7.6.696183	0	0.004725528
207	0	0.7.6.696443	0	0.004725528
207	0	0.7.6.697289	0	0.004725528
207	0	0.7.6.698236	0	0.004725528
207	0	0.7.6.698811	0	0.004725528
207	0	0.7.6.699290	0	0.004725528
207	0	0.7.6.69968	0	0.004725528
207	0	0.7.6.69972	0	0.004725528
207	0	0.7.6.69983	0	0.004725528
207	0	0.7.6.700646	0	0.004725528
207	0	0.7.6.700682	0	0.004725528
207	0	0.7.6.700982	0	0.004725528
207	0	0.7.6.701086	0	0.03979703
207	0	0.7.6.702014	0	0.004725528
207	0	0.7.6.702179	0	0.03979703
207	0	0.7.6.702962	0	0.004725528
207	0	0.7.6.70322	0	0.004725528
207	0	0.7.6.703300	0	0.004725528
207	0	0.7.6.703333	0	0.004725528
207	0	0.7.6.703386	0	0.004725528
207	0	0.7.6.703522	0	0.004725528
207	0	0.7.6.703677	0	0.004725528
207	0	0.7.6.70395	0	0.004725528
207	0	0.7.6.704070	0	0.004725528
207	0	0.7.6.704105	0	0.004725528
207	0	0.7.6.704545	0	0.004725528
207	0	0.7.6.704832	0	0.004725528
207	0	0.7.6.704922	0	0.004725528
207	0	0.7.6.704994	0	0.004725528
207	0	0.7.6.705151	0	0.004725528
207	0	0.7.6.70529	0	0.004725528
207	0	0.7.6.705366	0	0.004725528
207	0	0.7.6.705653	0	0.03979703
207	0	0.7.6.705672	0	0.03979703
207	0	0.7.6.706036	0	0.004725528
207	0	0.7.6.706040	0	0.03979703
207	0	0.7.6.706221	0	0.03979703
207	0	0.7.6.70662	0	0.004725528
207	0	0.7.6.707188	0	0.004725528
207	0	0.7.6.707429	0	0.004725528
207	0	0.7.6.70752	0	0.004725528
207	0	0.7.6.707735	0	0.004725528
207	0	0.7.6.707760	0	0.004725528
207	0	0.7.6.707957	0	0.004725528
207	0	0.7.6.708732	0	0.004725528
207	0	0.7.6.708894	0	0.004725528
207	0	0.7.6.708904	0	0.03979703
207	0	0.7.6.709020	0	0.03979703
207	0	0.7.6.709031	0	0.03979703
207	0	0.7.6.70905	0	0.004725528
207	0	0.7.6.709601	0	0.004725528
207	0	0.7.6.710038	0	0.004725528
207	0	0.7.6.710269	0	0.004725528
207	0	0.7.6.710396	0	0.004725528
207	0	0.7.6.710449	0	0.03979703
207	0	0.7.6.710650	0	0.03979703
207	0	0.7.6.71069	0	0.004725528
207	0	0.7.6.710704	0	0.004725528
207	0	0.7.6.710713	0	0.004725528
207	0	0.7.6.711008	0	0.03979703
207	0	0.7.6.711083	0	0.03979703
207	0	0.7.6.711191	0	0.03979703
207	0	0.7.6.711370	0	0.004725528
207	0	0.7.6.711525	0	0.03979703
207	0	0.7.6.711526	0	0.004725528
207	0	0.7.6.711630	0	0.03979703
207	0	0.7.6.711665	0	0.03979703
207	0	0.7.6.711962	0	0.004725528
207	0	0.7.6.711975	0	0.03979703
207	0	0.7.6.712017	0	0.03979703
207	0	0.7.6.712171	0	0.03979703
207	0	0.7.6.712194	0	0.03979703
207	0	0.7.6.712213	0	0.004725528
207	0	0.7.6.712261	0	0.03979703
207	0	0.7.6.712361	0	0.03979703
207	0	0.7.6.712644	0	0.03979703
207	0	0.7.6.712661	0	0.03979703
207	0	0.7.6.712749	0	0.03979703
207	0	0.7.6.712773	0	0.004725528
207	0	0.7.6.712850	0	0.03979703
207	0	0.7.6.716700	0	0.004725528
207	0	0.7.6.717130	0	0.03979703
207	0	0.7.6.717409	1	0.04019824
207	0	0.7.6.717493	1	0.04019824
207	0	0.7.6.717773	0	0.004725528
207	0	0.7.6.717985	0	0.03979703
207	0	0.7.6.718393	1	0.04019824
207	0	0.7.6.718534	0	0.03979703
207	0	0.7.6.718766	0	0.004725528
207	0	0.7.6.719711	0	0.004725528
207	0	0.7.6.720783	0	0.004725528
207	0	0.7.6.720914	0	0.03979703
207	0	0.7.6.721088	0	0.004725528
207	0	0.7.6.721787	1	0.03947368
207	0	0.7.6.722147	0	0.004725528
207	0	0.7.6.722176	1	0.03947368
207	0	0.7.6.7243	0	0.004725528
207	0	0.7.6.72555	0	0.004725528
207	0	0.7.6.725716	0	0.04019824
207	0	0.7.6.72602	0	0.004725528
207	0	0.7.6.72612	0	0.004725528
207	0	0.7.6.726869	0	0.004725528
207	0	0.7.6.726889	0	0.004725528
207	0	0.7.6.728757	0	0.004725528
207	0	0.7.6.72955	0	0.004725528
207	0	0.7.6.729993	0	0.004725528
207	0	0.7.6.730026	0	0.004725528
207	0	0.7.6.730459	0	0.004725528
207	0	0.7.6.730594	0	0.004725528
207	0	0.7.6.730600	0	0.004725528
207	0	0.7.6.730764	0	0.004725528
207	0	0.7.6.730959	0	0.004725528
207	0	0.7.6.73110	0	0.004725528
207	0	0.7.6.731285	0	0.03979703
207	0	0.7.6.73143	0	0.004725528
207	0	0.7.6.732073	1	0.04019824
207	0	0.7.6.733291	0	0.004725528
207	0	0.7.6.733364	0	0.03979703
207	0	0.7.6.73409	0	0.004725528
207	0	0.7.6.734366	0	0.03979703
207	0	0.7.6.734948	0	0.03979703
207	0	0.7.6.735395	0	0.004725528
207	0	0.7.6.735690	1	0.04489796
207	0	0.7.6.736256	0	0.03896104
207	0	0.7.6.736287	0	0.04019824
207	0	0.7.6.736418	1	0.04019824
207	0	0.7.6.736529	0	0.004725528
207	0	0.7.6.736546	0	0.004725528
207	0	0.7.6.737138	0	0.03979703
207	0	0.7.6.737302	0	0.03979703
207	0	0.7.6.737722	0	0.004725528
207	0	0.7.6.737801	0	0.004725528
207	0	0.7.6.737826	1	0.04032258
207	0	0.7.6.737830	0	0.03979703
207	0	0.7.6.738274	0	0.03979703
207	0	0.7.6.738323	0	0.004725528
207	0	0.7.6.738451	0	0.04181185
207	0	0.7.6.738455	0	0.03979703
207	0	0.7.6.738478	0	0.03979703
207	0	0.7.6.738549	0	0.03979703
207	0	0.7.6.738727	0	0.004725528
207	0	0.7.6.74018	1	0.03947368
207	0	0.7.6.74193	1	0.03947368
207	0	0.7.6.74224	1	0.03947368
207	0	0.7.6.742289	0	0.004725528
207	0	0.7.6.742936	0	0.004725528
207	0	0.7.6.743208	0	0.004725528
207	0	0.7.6.743356	0	0.004725528
207	0	0.7.6.743666	0	0.004725528
207	0	0.7.6.743874	0	0.004725528
207	0	0.7.6.743922	0	0.004725528
207	0	0.7.6.743926	0	0.03979703
207	0	0.7.6.744136	0	0.004725528
207	0	0.7.6.744150	0	0.004725528
207	0	0.7.6.744331	0	0.004725528
207	0	0.7.6.744415	0	0.03719912
207	0	0.7.6.744604	0	0.004725528
207	0	0.7.6.745433	0	0.03979703
207	0	0.7.6.745665	0	0.004725528
207	0	0.7.6.745798	0	0.004725528
207	0	0.7.6.746323	0	0.004725528
207	0	0.7.6.746466	0	0.004725528
207	0	0.7.6.748552	0	0.004725528
207	0	0.7.6.751507	0	0.004725528
207	0	0.7.6.751948	0	0.004725528
207	0	0.7.6.754052	0	0.004725528
207	0	0.7.6.754681	0	0.004725528
207	0	0.7.6.755302	0	0.004725528
207	0	0.7.6.755444	0	0.004725528
207	0	0.7.6.755454	0	0.004725528
207	0	0.7.6.755801	0	0.03979703
207	0	0.7.6.75611	0	0.004725528
207	0	0.7.6.756348	0	0.03979703
207	0	0.7.6.757618	0	0.004725528
207	0	0.7.6.75835	1	0.03947368
207	0	0.7.6.759232	0	0.004725528
207	0	0.7.6.75946	1	0.03947368
207	0	0.7.6.759623	0	0.03979703
207	0	0.7.6.760021	0	0.03979703
207	0	0.7.6.76089	0	0.004725528
207	0	0.7.6.761789	0	0.04019824
207	0	0.7.6.76219	0	0.004725528
207	0	0.7.6.762355	-1	0.004725528
207	0	0.7.6.762938	-1	0.03979703
207	0	0.7.6.763299	0	0.03979703
207	0	0.7.6.763671	0	0.03979703
207	0	0.7.6.763914	0	0.004725528
207	0	0.7.6.764013	0	0.004725528
207	0	0.7.6.764095	0	0.004725528
207	0	0.7.6.764204	0	0.004725528
207	0	0.7.6.76448	0	0.004725528
207	0	0.7.6.764672	0	0.03979703
207	0	0.7.6.764727	0	0.004725528
207	0	0.7.6.764987	0	0.004725528
207	0	0.7.6.765314	0	0.004725528
207	0	0.7.6.765494	0	0.03979703
207	0	0.7.6.76556	1	0.03896104
207	0	0.7.6.765657	0	0.004725528
207	0	0.7.6.765686	0	0.004725528
207	0	0.7.6.765784	0	0.004725528
207	0	0.7.6.76591	1	0.03896104
207	0	0.7.6.76616	1	0.03947368
207	0	0.7.6.766632	0	0.004725528
207	0	0.7.6.767363	0	0.03979703
207	0	0.7.6.767496	0	0.004725528
207	0	0.7.6.767715	0	0.004725528
207	0	0.7.6.767740	0	0.004725528
207	0	0.7.6.768457	0	0.004725528
207	0	0.7.6.769292	0	0.004725528
207	0	0.7.6.769538	0	0.004725528
207	0	0.7.6.77032	0	0.004725528
207	0	0.7.6.770823	0	0.004725528
207	0	0.7.6.771575	0	0.004725528
207	0	0.7.6.771619	0	0.03979703
207	0	0.7.6.77166	0	0.004725528
207	0	0.7.6.771707	1	0.04083665
207	0	0.7.6.77214	0	0.004725528
207	0	0.7.6.77260	0	0.03979703
207	0	0.7.6.772764	0	0.004725528
207	0	0.7.6.772828	0	0.03979703
207	0	0.7.6.77454	1	0.03947368
207	0	0.7.6.77456	0	0.03899083
207	0	0.7.6.7814	0	0.03979703
207	0	0.7.6.78183	0	0.03896104
207	0	0.7.6.78492	0	0.004725528
207	0	0.7.6.78700	0	0.004725528
207	0	0.7.6.78845	0	0.004725528
207	0	0.7.6.79063	0	0.004725528
207	0	0.7.6.79165	0	0.03979703
207	0	0.7.6.79512	0	0.004725528
207	0	0.7.6.80417	0	0.004725528
207	0	0.7.6.80447	0	0.004725528
207	0	0.7.6.80793	0	0.004725528
207	0	0.7.6.80804	0	0.004725528
207	0	0.7.6.81647	1	0.03947368
207	0	0.7.6.81700	0	0.04132231
207	0	0.7.6.81755	0	0.004725528
207	0	0.7.6.82024	0	0.004725528
207	0	0.7.6.82058	0	0.004725528
207	0	0.7.6.82150	1	0.03947368
207	0	0.7.6.82179	1	0.03947368
207	0	0.7.6.82823	1	0.03947368
207	0	0.7.6.82903	0	0.004725528
207	0	0.7.6.82912	1	0.03947368
207	0	0.7.6.83007	1	0.04032258
207	0	0.7.6.83032	0	0.004725528
207	0	0.7.6.83486	0	0.004725528
207	0	0.7.6.83687	1	0.03947368
207	0	0.7.6.83766	0	0.004725528
207	0	0.7.6.84021	1	0.04019824
207	0	0.7.6.84147	0	0.004725528
207	0	0.7.6.84198	0	0.004725528
207	0	0.7.6.84253	0	0.004725528
207	0	0.7.6.84282	0	0.004725528
207	0	0.7.6.84444	0	0.03979703
207	0	0.7.6.85332	0	0.004725528
207	0	0.7.6.85577	0	0.004725528
207	0	0.7.6.85710	0	0.03979703
207	0	0.7.6.85765	0	0.03979703
207	0	0.7.6.85770	0	0.004725528
207	0	0.7.6.85907	0	0.004725528
207	0	0.7.6.86009	0	0.004725528
207	0	0.7.6.86172	1	0.04019824
207	0	0.7.6.86324	0	0.004725528
207	0	0.7.6.86479	0	0.004725528
207	0	0.7.6.86590	0	0.03979703
207	0	0.7.6.86863	0	0.03979703
207	0	0.7.6.86882	0	0.03979703
207	0	0.7.6.86895	0	0.03979703
207	0	0.7.6.87086	0	0.004725528
207	0	0.7.6.87197	0	0.03979703
207	0	0.7.6.87205	0	0.004725528
207	0	0.7.6.87211	0	0.004725528
207	0	0.7.6.87241	0	0.004725528
207	0	0.7.6.87268	0	0.03896104
207	0	0.7.6.87279	0	0.04019824
207	0	0.7.6.87376	0	0.004725528
207	0	0.7.6.87410	0	0.004725528
207	0	0.7.6.87525	0	0.03979703
207	0	0.7.6.87544	0	0.03979703
207	0	0.7.6.88138	0	0.004725528
207	0	0.7.6.88319	0	0.004725528
207	0	0.7.6.88434	0	0.004725528
207	0	0.7.6.88526	0	0.004725528
207	0	0.7.6.88553	0	0.03979703
207	0	0.7.6.8857	0	0.004725528
207	0	0.7.6.88590	0	0.03896104
207	0	0.7.6.88655	0	0.004725528
207	0	0.7.6.88741	0	0.004725528
207	0	0.7.6.89000	0	0.004725528
207	0	0.7.6.8922	0	0.004725528
207	0	0.7.6.89498	0	0.004725528
207	0	0.7.6.89606	0	0.03896104
207	0	0.7.6.91117	0	0.03979703
207	0	0.7.6.91141	0	0.03979703
207	0	0.7.6.91277	0	0.03979703
207	0	0.7.6.91306	0	0.004725528
207	0	0.7.6.91633	0	0.004725528
207	0	0.7.6.91643	0	0.004725528
207	0	0.7.6.91647	0	0.004725528
207	0	0.7.6.91872	0	0.004725528
207	0	0.7.6.91976	1	0.03947368
207	0	0.7.6.92275	0	0.004725528
207	0	0.7.6.92314	0	0.03979703
207	0	0.7.6.92315	0	0.03979703
207	0	0.7.6.92358	1	0.03947368
207	0	0.7.6.92384	0	0.004725528
207	0	0.7.6.92734	0	0.004725528
207	0	0.7.6.92744	0	0.03979703
207	0	0.7.6.92754	0	0.03979703
207	0	0.7.6.92806	0	0.004725528
207	0	0.7.6.92873	0	0.03979703
207	0	0.7.6.93258	1	0.03947368
207	0	0.7.6.93399	0	0.004725528
207	0	0.7.6.93599	0	0.04132231
207	0	0.7.6.93611	1	0.03947368
207	0	0.7.6.93659	0	0.004725528
207	0	0.7.6.93757	0	0.03979703
207	0	0.7.6.93815	0	0.004725528
207	0	0.7.6.93874	0	0.004725528
207	0	0.7.6.93893	0	0.004725528
207	0	0.7.6.93918	0	0.004725528
207	0	0.7.6.94379	0	0.004725528
207	0	0.7.6.94620	0	0.03979703
207	0	0.7.6.94728	0	0.03979703
207	0	0.7.6.94734	0	0.004725528
207	0	0.7.6.95265	0	0.03979703
207	0	0.7.6.95426	0	0.004725528
207	0	0.7.6.95457	0	0.004725528
207	0	0.7.6.95619	0	0.004725528
207	0	0.7.6.96226	0	0.004725528
207	0	0.7.6.96232	0	0.03979703
207	0	0.7.6.96266	0	0.03979703
207	0	0.7.6.96290	0	0.03979703
207	0	0.7.6.96301	0	0.03979703
207	0	0.7.6.97271	0	0.004725528
207	0	0.7.6.97545	0	0.004725528
207	0	0.7.6.98372	0	0.004725528
207	0	0.7.6.98420	0	0.004725528
207	0	0.7.6.98465	0	0.004725528
207	0	0.7.6.98740	0	0.004725528
207	0	0.7.6.98831	0	0.004725528
207	0	0.7.6.99817	0	0.004725528
